dataset,split,budget,rep,features,probe,score,k,alpha,nonmonotone
synthetic,0,50,0,raw,linear,-0.10485067782789592,4,1.0,False
synthetic,0,50,0,raw,xgb,0.4356705008900139,4,1.0,False
synthetic,0,50,0,pca,linear,0.3635943057133104,4,1.0,False
synthetic,0,50,0,pca,xgb,0.46381714413540864,4,1.0,False
synthetic,0,50,0,spectral-marginal,linear,0.36341609214738146,4,1.0,False
synthetic,0,50,0,spectral-marginal,xgb,0.5331206993910614,4,1.0,False
synthetic,0,50,0,spectral-gibbs,linear,0.36496981308955523,4,1.0,False
synthetic,0,50,0,spectral-gibbs,xgb,0.48846653525007633,4,1.0,False
synthetic,0,50,0,conditional,linear,0.3166660056716277,4,1.0,False
synthetic,0,50,0,conditional,xgb,0.451557618944217,4,1.0,False
synthetic,0,50,0,raw+pca,xgb,0.4652919258349715,4,1.0,False
synthetic,0,50,0,raw+spectral-gibbs,xgb,0.4506364075226812,4,1.0,False
synthetic,0,50,0,raw+conditional,xgb,0.4296215349866267,4,1.0,False
synthetic,0,50,1,raw,linear,0.2965406642765235,4,1.0,False
synthetic,0,50,1,raw,xgb,0.38009955432909037,4,1.0,False
synthetic,0,50,1,pca,linear,0.3274252772643359,4,1.0,False
synthetic,0,50,1,pca,xgb,0.5229281796508598,4,1.0,False
synthetic,0,50,1,spectral-marginal,linear,0.32871631436954096,4,1.0,False
synthetic,0,50,1,spectral-marginal,xgb,0.5479201632779118,4,1.0,False
synthetic,0,50,1,spectral-gibbs,linear,0.328050698622361,4,1.0,False
synthetic,0,50,1,spectral-gibbs,xgb,0.5313362924967739,4,1.0,False
synthetic,0,50,1,conditional,linear,0.32851453682965415,4,1.0,False
synthetic,0,50,1,conditional,xgb,0.40273985066457363,4,1.0,False
synthetic,0,50,1,raw+pca,xgb,0.3640329680615888,4,1.0,False
synthetic,0,50,1,raw+spectral-gibbs,xgb,0.3599603893426009,4,1.0,False
synthetic,0,50,1,raw+conditional,xgb,0.3478781057668159,4,1.0,False
synthetic,0,50,2,raw,linear,0.22980287858590098,4,1.0,False
synthetic,0,50,2,raw,xgb,0.3509910892975303,4,1.0,False
synthetic,0,50,2,pca,linear,0.2568505069912841,4,1.0,False
synthetic,0,50,2,pca,xgb,0.4556958087947367,4,1.0,False
synthetic,0,50,2,spectral-marginal,linear,0.25516057188504215,4,1.0,False
synthetic,0,50,2,spectral-marginal,xgb,0.4968059257206503,4,1.0,False
synthetic,0,50,2,spectral-gibbs,linear,0.2541390691400307,4,1.0,False
synthetic,0,50,2,spectral-gibbs,xgb,0.4826849979396821,4,1.0,False
synthetic,0,50,2,conditional,linear,0.24258301012756556,4,1.0,False
synthetic,0,50,2,conditional,xgb,0.45665331843083357,4,1.0,False
synthetic,0,50,2,raw+pca,xgb,0.30201725525907197,4,1.0,False
synthetic,0,50,2,raw+spectral-gibbs,xgb,0.318504034309535,4,1.0,False
synthetic,0,50,2,raw+conditional,xgb,0.37604730297504274,4,1.0,False
synthetic,0,50,3,raw,linear,0.3397914464896149,4,1.0,False
synthetic,0,50,3,raw,xgb,0.40736027960494536,4,1.0,False
synthetic,0,50,3,pca,linear,0.35721990516277136,4,1.0,False
synthetic,0,50,3,pca,xgb,0.46964400387449956,4,1.0,False
synthetic,0,50,3,spectral-marginal,linear,0.36143256764163956,4,1.0,False
synthetic,0,50,3,spectral-marginal,xgb,0.5239465076909267,4,1.0,False
synthetic,0,50,3,spectral-gibbs,linear,0.36030818635566453,4,1.0,False
synthetic,0,50,3,spectral-gibbs,xgb,0.5125468515950241,4,1.0,False
synthetic,0,50,3,conditional,linear,0.3551855578045915,4,1.0,False
synthetic,0,50,3,conditional,xgb,0.444971187898368,4,1.0,False
synthetic,0,50,3,raw+pca,xgb,0.45207118243824285,4,1.0,False
synthetic,0,50,3,raw+spectral-gibbs,xgb,0.4465073909474907,4,1.0,False
synthetic,0,50,3,raw+conditional,xgb,0.44331273565598406,4,1.0,False
synthetic,0,50,4,raw,linear,0.3372634730368652,4,1.0,False
synthetic,0,50,4,raw,xgb,0.3512302305633044,4,1.0,False
synthetic,0,50,4,pca,linear,0.3711682669763334,4,1.0,False
synthetic,0,50,4,pca,xgb,0.5278248407133076,4,1.0,False
synthetic,0,50,4,spectral-marginal,linear,0.370057785119153,4,1.0,False
synthetic,0,50,4,spectral-marginal,xgb,0.5460323786627382,4,1.0,False
synthetic,0,50,4,spectral-gibbs,linear,0.36935001719362703,4,1.0,False
synthetic,0,50,4,spectral-gibbs,xgb,0.5451497433891173,4,1.0,False
synthetic,0,50,4,conditional,linear,0.3384599999862882,4,1.0,False
synthetic,0,50,4,conditional,xgb,0.4165992472114467,4,1.0,False
synthetic,0,50,4,raw+pca,xgb,0.4403834072899596,4,1.0,False
synthetic,0,50,4,raw+spectral-gibbs,xgb,0.4509963837157799,4,1.0,False
synthetic,0,50,4,raw+conditional,xgb,0.3808548800022491,4,1.0,False
synthetic,0,100,0,raw,linear,0.27617713149558554,4,1.0,False
synthetic,0,100,0,raw,xgb,0.45645953119527916,4,1.0,False
synthetic,0,100,0,pca,linear,0.3565907613162519,4,1.0,False
synthetic,0,100,0,pca,xgb,0.6440728309622809,4,1.0,False
synthetic,0,100,0,spectral-marginal,linear,0.35577195489735314,4,1.0,False
synthetic,0,100,0,spectral-marginal,xgb,0.6801747311049863,4,1.0,False
synthetic,0,100,0,spectral-gibbs,linear,0.3569529105794568,4,1.0,False
synthetic,0,100,0,spectral-gibbs,xgb,0.6284065919473487,4,1.0,False
synthetic,0,100,0,conditional,linear,0.36432092464357946,4,1.0,False
synthetic,0,100,0,conditional,xgb,0.6112640580903953,4,1.0,False
synthetic,0,100,0,raw+pca,xgb,0.5366726989996191,4,1.0,False
synthetic,0,100,0,raw+spectral-gibbs,xgb,0.5514488726293945,4,1.0,False
synthetic,0,100,0,raw+conditional,xgb,0.5618709687527499,4,1.0,False
synthetic,0,100,1,raw,linear,0.31937162903988026,4,1.0,False
synthetic,0,100,1,raw,xgb,0.5528284037543238,4,1.0,False
synthetic,0,100,1,pca,linear,0.37982949550761236,4,1.0,False
synthetic,0,100,1,pca,xgb,0.6159066090300866,4,1.0,False
synthetic,0,100,1,spectral-marginal,linear,0.3802067268612128,4,1.0,False
synthetic,0,100,1,spectral-marginal,xgb,0.6442777499551857,4,1.0,False
synthetic,0,100,1,spectral-gibbs,linear,0.3802718734522409,4,1.0,False
synthetic,0,100,1,spectral-gibbs,xgb,0.625026751230551,4,1.0,False
synthetic,0,100,1,conditional,linear,0.3849629992966118,4,1.0,False
synthetic,0,100,1,conditional,xgb,0.5991153946366317,4,1.0,False
synthetic,0,100,1,raw+pca,xgb,0.5565378904319812,4,1.0,False
synthetic,0,100,1,raw+spectral-gibbs,xgb,0.5602138882313292,4,1.0,False
synthetic,0,100,1,raw+conditional,xgb,0.5837694678435089,4,1.0,False
synthetic,0,100,2,raw,linear,0.3652333996868836,4,1.0,False
synthetic,0,100,2,raw,xgb,0.5659144734037888,4,1.0,False
synthetic,0,100,2,pca,linear,0.39404623363600466,4,1.0,False
synthetic,0,100,2,pca,xgb,0.6091501112494797,4,1.0,False
synthetic,0,100,2,spectral-marginal,linear,0.3935922540498642,4,1.0,False
synthetic,0,100,2,spectral-marginal,xgb,0.6865837836727747,4,1.0,False
synthetic,0,100,2,spectral-gibbs,linear,0.3947123980438334,4,1.0,False
synthetic,0,100,2,spectral-gibbs,xgb,0.5751277534903843,4,1.0,False
synthetic,0,100,2,conditional,linear,0.40091665429888756,4,1.0,False
synthetic,0,100,2,conditional,xgb,0.5570929565743425,4,1.0,False
synthetic,0,100,2,raw+pca,xgb,0.5921967990242145,4,1.0,False
synthetic,0,100,2,raw+spectral-gibbs,xgb,0.5941720400827128,4,1.0,False
synthetic,0,100,2,raw+conditional,xgb,0.5729243963773832,4,1.0,False
synthetic,0,100,3,raw,linear,0.27780215128765084,4,1.0,False
synthetic,0,100,3,raw,xgb,0.5207862546226296,4,1.0,False
synthetic,0,100,3,pca,linear,0.3335056360703077,4,1.0,False
synthetic,0,100,3,pca,xgb,0.5493525565554405,4,1.0,False
synthetic,0,100,3,spectral-marginal,linear,0.3332169063372822,4,1.0,False
synthetic,0,100,3,spectral-marginal,xgb,0.5737368119733659,4,1.0,False
synthetic,0,100,3,spectral-gibbs,linear,0.33482132839945544,4,1.0,False
synthetic,0,100,3,spectral-gibbs,xgb,0.5457491796509673,4,1.0,False
synthetic,0,100,3,conditional,linear,0.341943096991588,4,1.0,False
synthetic,0,100,3,conditional,xgb,0.5493600025210836,4,1.0,False
synthetic,0,100,3,raw+pca,xgb,0.5493591776389037,4,1.0,False
synthetic,0,100,3,raw+spectral-gibbs,xgb,0.5537566447829882,4,1.0,False
synthetic,0,100,3,raw+conditional,xgb,0.5336656840818281,4,1.0,False
synthetic,0,100,4,raw,linear,0.3571106459185631,4,1.0,False
synthetic,0,100,4,raw,xgb,0.5689702996425786,4,1.0,False
synthetic,0,100,4,pca,linear,0.39084531005915246,4,1.0,False
synthetic,0,100,4,pca,xgb,0.6502251987188479,4,1.0,False
synthetic,0,100,4,spectral-marginal,linear,0.39002365338304423,4,1.0,False
synthetic,0,100,4,spectral-marginal,xgb,0.7137203798861421,4,1.0,False
synthetic,0,100,4,spectral-gibbs,linear,0.3911601295966046,4,1.0,False
synthetic,0,100,4,spectral-gibbs,xgb,0.6678598607373603,4,1.0,False
synthetic,0,100,4,conditional,linear,0.38025463423245887,4,1.0,False
synthetic,0,100,4,conditional,xgb,0.5608453845732422,4,1.0,False
synthetic,0,100,4,raw+pca,xgb,0.6128751301835097,4,1.0,False
synthetic,0,100,4,raw+spectral-gibbs,xgb,0.6175065823531061,4,1.0,False
synthetic,0,100,4,raw+conditional,xgb,0.5930406877163673,4,1.0,False
synthetic,0,250,0,raw,linear,0.3711387990346965,4,1.0,False
synthetic,0,250,0,raw,xgb,0.643598315855675,4,1.0,False
synthetic,0,250,0,pca,linear,0.4048950223126161,4,1.0,False
synthetic,0,250,0,pca,xgb,0.7215275039622518,4,1.0,False
synthetic,0,250,0,spectral-marginal,linear,0.4050125226792439,4,1.0,False
synthetic,0,250,0,spectral-marginal,xgb,0.7338852945544998,4,1.0,False
synthetic,0,250,0,spectral-gibbs,linear,0.4049766784730038,4,1.0,False
synthetic,0,250,0,spectral-gibbs,xgb,0.7298630697104447,4,1.0,False
synthetic,0,250,0,conditional,linear,0.41069413029070145,4,1.0,False
synthetic,0,250,0,conditional,xgb,0.7080234033794057,4,1.0,False
synthetic,0,250,0,raw+pca,xgb,0.6899491381242804,4,1.0,False
synthetic,0,250,0,raw+spectral-gibbs,xgb,0.6994688991000004,4,1.0,False
synthetic,0,250,0,raw+conditional,xgb,0.6903598218718195,4,1.0,False
synthetic,0,250,1,raw,linear,0.37413310834311064,4,1.0,False
synthetic,0,250,1,raw,xgb,0.6296377264003385,4,1.0,False
synthetic,0,250,1,pca,linear,0.39957983202723624,4,1.0,False
synthetic,0,250,1,pca,xgb,0.7246944616411055,4,1.0,False
synthetic,0,250,1,spectral-marginal,linear,0.3997100461758357,4,1.0,False
synthetic,0,250,1,spectral-marginal,xgb,0.744267096128237,4,1.0,False
synthetic,0,250,1,spectral-gibbs,linear,0.40017325422808436,4,1.0,False
synthetic,0,250,1,spectral-gibbs,xgb,0.7294926238276886,4,1.0,False
synthetic,0,250,1,conditional,linear,0.40613304936763717,4,1.0,False
synthetic,0,250,1,conditional,xgb,0.682522478776763,4,1.0,False
synthetic,0,250,1,raw+pca,xgb,0.6647354281938058,4,1.0,False
synthetic,0,250,1,raw+spectral-gibbs,xgb,0.6721046268315873,4,1.0,False
synthetic,0,250,1,raw+conditional,xgb,0.6727007718180713,4,1.0,False
synthetic,0,250,2,raw,linear,0.3599537348332551,4,1.0,False
synthetic,0,250,2,raw,xgb,0.6302937227985614,4,1.0,False
synthetic,0,250,2,pca,linear,0.3700686784750511,4,1.0,False
synthetic,0,250,2,pca,xgb,0.6573257508951247,4,1.0,False
synthetic,0,250,2,spectral-marginal,linear,0.3703093908665629,4,1.0,False
synthetic,0,250,2,spectral-marginal,xgb,0.6966659175712234,4,1.0,False
synthetic,0,250,2,spectral-gibbs,linear,0.370977517739569,4,1.0,False
synthetic,0,250,2,spectral-gibbs,xgb,0.6862704008823282,4,1.0,False
synthetic,0,250,2,conditional,linear,0.372006097252068,4,1.0,False
synthetic,0,250,2,conditional,xgb,0.664632879484326,4,1.0,False
synthetic,0,250,2,raw+pca,xgb,0.6678399004618574,4,1.0,False
synthetic,0,250,2,raw+spectral-gibbs,xgb,0.677786192566163,4,1.0,False
synthetic,0,250,2,raw+conditional,xgb,0.6662490931806503,4,1.0,False
synthetic,0,250,3,raw,linear,0.3624981508401497,4,1.0,False
synthetic,0,250,3,raw,xgb,0.6726109326101652,4,1.0,False
synthetic,0,250,3,pca,linear,0.3955240190613415,4,1.0,False
synthetic,0,250,3,pca,xgb,0.7164633001542524,4,1.0,False
synthetic,0,250,3,spectral-marginal,linear,0.3959116970318155,4,1.0,False
synthetic,0,250,3,spectral-marginal,xgb,0.7581666831008256,4,1.0,False
synthetic,0,250,3,spectral-gibbs,linear,0.39626664317257787,4,1.0,False
synthetic,0,250,3,spectral-gibbs,xgb,0.732401724764371,4,1.0,False
synthetic,0,250,3,conditional,linear,0.3917950932913078,4,1.0,False
synthetic,0,250,3,conditional,xgb,0.7052687003940797,4,1.0,False
synthetic,0,250,3,raw+pca,xgb,0.7084190679829045,4,1.0,False
synthetic,0,250,3,raw+spectral-gibbs,xgb,0.7266729052597702,4,1.0,False
synthetic,0,250,3,raw+conditional,xgb,0.6940172641796929,4,1.0,False
synthetic,0,250,4,raw,linear,0.3761425674735145,4,1.0,False
synthetic,0,250,4,raw,xgb,0.6407111697851375,4,1.0,False
synthetic,0,250,4,pca,linear,0.38947745191470484,4,1.0,False
synthetic,0,250,4,pca,xgb,0.7032275453907769,4,1.0,False
synthetic,0,250,4,spectral-marginal,linear,0.3877445275253718,4,1.0,False
synthetic,0,250,4,spectral-marginal,xgb,0.755847501090481,4,1.0,False
synthetic,0,250,4,spectral-gibbs,linear,0.38939960814298935,4,1.0,False
synthetic,0,250,4,spectral-gibbs,xgb,0.6997445733157629,4,1.0,False
synthetic,0,250,4,conditional,linear,0.40050089266069355,4,1.0,False
synthetic,0,250,4,conditional,xgb,0.7148708968462201,4,1.0,False
synthetic,0,250,4,raw+pca,xgb,0.6888801643364633,4,1.0,False
synthetic,0,250,4,raw+spectral-gibbs,xgb,0.6954938025103896,4,1.0,False
synthetic,0,250,4,raw+conditional,xgb,0.6962999626164361,4,1.0,False
synthetic,0,1000,0,raw,linear,0.40299403630230224,4,1.0,False
synthetic,0,1000,0,raw,xgb,0.7433216086039315,4,1.0,False
synthetic,0,1000,0,pca,linear,0.4084527873607252,4,1.0,False
synthetic,0,1000,0,pca,xgb,0.7917236260494227,4,1.0,False
synthetic,0,1000,0,spectral-marginal,linear,0.4088107211910814,4,1.0,False
synthetic,0,1000,0,spectral-marginal,xgb,0.8184677739561406,4,1.0,False
synthetic,0,1000,0,spectral-gibbs,linear,0.4089746050322999,4,1.0,False
synthetic,0,1000,0,spectral-gibbs,xgb,0.7981296851761616,4,1.0,False
synthetic,0,1000,0,conditional,linear,0.42281836049063404,4,1.0,False
synthetic,0,1000,0,conditional,xgb,0.7876713536016327,4,1.0,False
synthetic,0,1000,0,raw+pca,xgb,0.7805097402478427,4,1.0,False
synthetic,0,1000,0,raw+spectral-gibbs,xgb,0.7905161686641274,4,1.0,False
synthetic,0,1000,0,raw+conditional,xgb,0.7803087613423247,4,1.0,False
synthetic,0,1000,1,raw,linear,0.40025867631376644,4,1.0,False
synthetic,0,1000,1,raw,xgb,0.7602009077695415,4,1.0,False
synthetic,0,1000,1,pca,linear,0.4087700319820782,4,1.0,False
synthetic,0,1000,1,pca,xgb,0.8102797583035282,4,1.0,False
synthetic,0,1000,1,spectral-marginal,linear,0.4092532454675548,4,1.0,False
synthetic,0,1000,1,spectral-marginal,xgb,0.8258503064457772,4,1.0,False
synthetic,0,1000,1,spectral-gibbs,linear,0.4095080479990195,4,1.0,False
synthetic,0,1000,1,spectral-gibbs,xgb,0.8115474453657334,4,1.0,False
synthetic,0,1000,1,conditional,linear,0.4275792081928863,4,1.0,False
synthetic,0,1000,1,conditional,xgb,0.7923942634924988,4,1.0,False
synthetic,0,1000,1,raw+pca,xgb,0.7985516703500857,4,1.0,False
synthetic,0,1000,1,raw+spectral-gibbs,xgb,0.8130324356581746,4,1.0,False
synthetic,0,1000,1,raw+conditional,xgb,0.7976060920353834,4,1.0,False
synthetic,0,1000,2,raw,linear,0.4059022431154343,4,1.0,False
synthetic,0,1000,2,raw,xgb,0.7417731930327379,4,1.0,False
synthetic,0,1000,2,pca,linear,0.41138938768624445,4,1.0,False
synthetic,0,1000,2,pca,xgb,0.7999194345645579,4,1.0,False
synthetic,0,1000,2,spectral-marginal,linear,0.4117808330333025,4,1.0,False
synthetic,0,1000,2,spectral-marginal,xgb,0.818876952093819,4,1.0,False
synthetic,0,1000,2,spectral-gibbs,linear,0.4119901239519852,4,1.0,False
synthetic,0,1000,2,spectral-gibbs,xgb,0.8013897160939185,4,1.0,False
synthetic,0,1000,2,conditional,linear,0.42958810187961194,4,1.0,False
synthetic,0,1000,2,conditional,xgb,0.7960900191410574,4,1.0,False
synthetic,0,1000,2,raw+pca,xgb,0.7821239717731139,4,1.0,False
synthetic,0,1000,2,raw+spectral-gibbs,xgb,0.7899811943644324,4,1.0,False
synthetic,0,1000,2,raw+conditional,xgb,0.7904653296942857,4,1.0,False
synthetic,0,1000,3,raw,linear,0.39563863726666726,4,1.0,False
synthetic,0,1000,3,raw,xgb,0.7377298252977142,4,1.0,False
synthetic,0,1000,3,pca,linear,0.4049676650306089,4,1.0,False
synthetic,0,1000,3,pca,xgb,0.8005764334088785,4,1.0,False
synthetic,0,1000,3,spectral-marginal,linear,0.40547177388939204,4,1.0,False
synthetic,0,1000,3,spectral-marginal,xgb,0.8119445260241046,4,1.0,False
synthetic,0,1000,3,spectral-gibbs,linear,0.40560102730911163,4,1.0,False
synthetic,0,1000,3,spectral-gibbs,xgb,0.799705540431211,4,1.0,False
synthetic,0,1000,3,conditional,linear,0.416514925647424,4,1.0,False
synthetic,0,1000,3,conditional,xgb,0.7848052027687749,4,1.0,False
synthetic,0,1000,3,raw+pca,xgb,0.7825759152948171,4,1.0,False
synthetic,0,1000,3,raw+spectral-gibbs,xgb,0.7948696244496327,4,1.0,False
synthetic,0,1000,3,raw+conditional,xgb,0.7805014364966766,4,1.0,False
synthetic,0,1000,4,raw,linear,0.3987145511603001,4,1.0,False
synthetic,0,1000,4,raw,xgb,0.7371562005046883,4,1.0,False
synthetic,0,1000,4,pca,linear,0.41061801326504754,4,1.0,False
synthetic,0,1000,4,pca,xgb,0.8021594457946917,4,1.0,False
synthetic,0,1000,4,spectral-marginal,linear,0.41107785560733645,4,1.0,False
synthetic,0,1000,4,spectral-marginal,xgb,0.8175311354988746,4,1.0,False
synthetic,0,1000,4,spectral-gibbs,linear,0.4114032616416178,4,1.0,False
synthetic,0,1000,4,spectral-gibbs,xgb,0.7995818563541743,4,1.0,False
synthetic,0,1000,4,conditional,linear,0.42296622644744186,4,1.0,False
synthetic,0,1000,4,conditional,xgb,0.7929300252193489,4,1.0,False
synthetic,0,1000,4,raw+pca,xgb,0.7847301116237618,4,1.0,False
synthetic,0,1000,4,raw+spectral-gibbs,xgb,0.7901179492501524,4,1.0,False
synthetic,0,1000,4,raw+conditional,xgb,0.7806153075981895,4,1.0,False
synthetic,1,50,0,raw,linear,0.20242401685864364,4,1.0,False
synthetic,1,50,0,raw,xgb,0.2989116480288825,4,1.0,False
synthetic,1,50,0,pca,linear,0.2032760888867411,4,1.0,False
synthetic,1,50,0,pca,xgb,0.39284168170478717,4,1.0,False
synthetic,1,50,0,spectral-marginal,linear,0.2100605191757826,4,1.0,False
synthetic,1,50,0,spectral-marginal,xgb,0.430364533088773,4,1.0,False
synthetic,1,50,0,spectral-gibbs,linear,0.21263086255879604,4,1.0,False
synthetic,1,50,0,spectral-gibbs,xgb,0.45464914697206915,4,1.0,False
synthetic,1,50,0,conditional,linear,0.13549792909570757,4,1.0,False
synthetic,1,50,0,conditional,xgb,0.35016526182484375,4,1.0,False
synthetic,1,50,0,raw+pca,xgb,0.30655973412857296,4,1.0,False
synthetic,1,50,0,raw+spectral-gibbs,xgb,0.33071825892233664,4,1.0,False
synthetic,1,50,0,raw+conditional,xgb,0.34111928149482706,4,1.0,False
synthetic,1,50,1,raw,linear,0.1135143907574272,4,1.0,False
synthetic,1,50,1,raw,xgb,0.15581432767473635,4,1.0,False
synthetic,1,50,1,pca,linear,0.1402530798974032,4,1.0,False
synthetic,1,50,1,pca,xgb,0.2800604665997133,4,1.0,False
synthetic,1,50,1,spectral-marginal,linear,0.13257553749364548,4,1.0,False
synthetic,1,50,1,spectral-marginal,xgb,0.35168854674478134,4,1.0,False
synthetic,1,50,1,spectral-gibbs,linear,0.13480706167171885,4,1.0,False
synthetic,1,50,1,spectral-gibbs,xgb,0.231912059230299,4,1.0,False
synthetic,1,50,1,conditional,linear,0.0657782102653739,4,1.0,False
synthetic,1,50,1,conditional,xgb,0.3097161146519558,4,1.0,False
synthetic,1,50,1,raw+pca,xgb,0.15964616064396242,4,1.0,False
synthetic,1,50,1,raw+spectral-gibbs,xgb,0.2043594692316364,4,1.0,False
synthetic,1,50,1,raw+conditional,xgb,0.3229223091906388,4,1.0,False
synthetic,1,50,2,raw,linear,0.22114658658000408,4,1.0,False
synthetic,1,50,2,raw,xgb,0.3375547283280951,4,1.0,False
synthetic,1,50,2,pca,linear,0.2752088207835369,4,1.0,False
synthetic,1,50,2,pca,xgb,0.36147686789618194,4,1.0,False
synthetic,1,50,2,spectral-marginal,linear,0.27934474477161675,4,1.0,False
synthetic,1,50,2,spectral-marginal,xgb,0.5290221564326878,4,1.0,False
synthetic,1,50,2,spectral-gibbs,linear,0.27867600433546047,4,1.0,False
synthetic,1,50,2,spectral-gibbs,xgb,0.4628404413429894,4,1.0,False
synthetic,1,50,2,conditional,linear,0.14838586061873038,4,1.0,False
synthetic,1,50,2,conditional,xgb,0.4111775699156349,4,1.0,False
synthetic,1,50,2,raw+pca,xgb,0.38923508658628203,4,1.0,False
synthetic,1,50,2,raw+spectral-gibbs,xgb,0.3940772900680001,4,1.0,False
synthetic,1,50,2,raw+conditional,xgb,0.350107430592963,4,1.0,False
synthetic,1,50,3,raw,linear,0.3400649834368069,4,1.0,False
synthetic,1,50,3,raw,xgb,0.378382841413209,4,1.0,False
synthetic,1,50,3,pca,linear,0.35195540780878865,4,1.0,False
synthetic,1,50,3,pca,xgb,0.3934731670935032,4,1.0,False
synthetic,1,50,3,spectral-marginal,linear,0.3483117303595771,4,1.0,False
synthetic,1,50,3,spectral-marginal,xgb,0.48863956799701314,4,1.0,False
synthetic,1,50,3,spectral-gibbs,linear,0.35092275209475743,4,1.0,False
synthetic,1,50,3,spectral-gibbs,xgb,0.4842156935295888,4,1.0,False
synthetic,1,50,3,conditional,linear,0.3432219054400394,4,1.0,False
synthetic,1,50,3,conditional,xgb,0.40006867058652207,4,1.0,False
synthetic,1,50,3,raw+pca,xgb,0.3591262953508887,4,1.0,False
synthetic,1,50,3,raw+spectral-gibbs,xgb,0.402486345425244,4,1.0,False
synthetic,1,50,3,raw+conditional,xgb,0.400268026960084,4,1.0,False
synthetic,1,50,4,raw,linear,0.31803962786129025,4,1.0,False
synthetic,1,50,4,raw,xgb,0.3673614624963709,4,1.0,False
synthetic,1,50,4,pca,linear,0.34052213833289824,4,1.0,False
synthetic,1,50,4,pca,xgb,0.35739263181566583,4,1.0,False
synthetic,1,50,4,spectral-marginal,linear,0.34070773255264963,4,1.0,False
synthetic,1,50,4,spectral-marginal,xgb,0.48347790267844015,4,1.0,False
synthetic,1,50,4,spectral-gibbs,linear,0.3395012785290499,4,1.0,False
synthetic,1,50,4,spectral-gibbs,xgb,0.43723283056549134,4,1.0,False
synthetic,1,50,4,conditional,linear,0.3201081013163438,4,1.0,False
synthetic,1,50,4,conditional,xgb,0.4393918763858041,4,1.0,False
synthetic,1,50,4,raw+pca,xgb,0.39306489548817514,4,1.0,False
synthetic,1,50,4,raw+spectral-gibbs,xgb,0.38769270142694634,4,1.0,False
synthetic,1,50,4,raw+conditional,xgb,0.37736616356849106,4,1.0,False
synthetic,1,100,0,raw,linear,0.3295543482745159,4,1.0,False
synthetic,1,100,0,raw,xgb,0.5338939707484143,4,1.0,False
synthetic,1,100,0,pca,linear,0.36144211874160537,4,1.0,False
synthetic,1,100,0,pca,xgb,0.4802545195178405,4,1.0,False
synthetic,1,100,0,spectral-marginal,linear,0.36102070205752435,4,1.0,False
synthetic,1,100,0,spectral-marginal,xgb,0.529747765661994,4,1.0,False
synthetic,1,100,0,spectral-gibbs,linear,0.35971623482454196,4,1.0,False
synthetic,1,100,0,spectral-gibbs,xgb,0.5186909535387509,4,1.0,False
synthetic,1,100,0,conditional,linear,0.31866251064581985,4,1.0,False
synthetic,1,100,0,conditional,xgb,0.516761839841709,4,1.0,False
synthetic,1,100,0,raw+pca,xgb,0.5650747023508952,4,1.0,False
synthetic,1,100,0,raw+spectral-gibbs,xgb,0.5586616008878864,4,1.0,False
synthetic,1,100,0,raw+conditional,xgb,0.5230740824903549,4,1.0,False
synthetic,1,100,1,raw,linear,0.292492936976787,4,1.0,False
synthetic,1,100,1,raw,xgb,0.4706260864221007,4,1.0,False
synthetic,1,100,1,pca,linear,0.3166139532677128,4,1.0,False
synthetic,1,100,1,pca,xgb,0.49799890334199537,4,1.0,False
synthetic,1,100,1,spectral-marginal,linear,0.32183867623361506,4,1.0,False
synthetic,1,100,1,spectral-marginal,xgb,0.604034591314704,4,1.0,False
synthetic,1,100,1,spectral-gibbs,linear,0.320070394401322,4,1.0,False
synthetic,1,100,1,spectral-gibbs,xgb,0.5655526028537666,4,1.0,False
synthetic,1,100,1,conditional,linear,0.3382638853203769,4,1.0,False
synthetic,1,100,1,conditional,xgb,0.553002599083825,4,1.0,False
synthetic,1,100,1,raw+pca,xgb,0.4978487346013577,4,1.0,False
synthetic,1,100,1,raw+spectral-gibbs,xgb,0.5022456089241725,4,1.0,False
synthetic,1,100,1,raw+conditional,xgb,0.5129438913406554,4,1.0,False
synthetic,1,100,2,raw,linear,0.2976046618945647,4,1.0,False
synthetic,1,100,2,raw,xgb,0.48753930835301995,4,1.0,False
synthetic,1,100,2,pca,linear,0.3035382935729707,4,1.0,False
synthetic,1,100,2,pca,xgb,0.5381764700284046,4,1.0,False
synthetic,1,100,2,spectral-marginal,linear,0.30801220235588633,4,1.0,False
synthetic,1,100,2,spectral-marginal,xgb,0.5387919563545698,4,1.0,False
synthetic,1,100,2,spectral-gibbs,linear,0.3071109457561938,4,1.0,False
synthetic,1,100,2,spectral-gibbs,xgb,0.5388805520791402,4,1.0,False
synthetic,1,100,2,conditional,linear,0.24974876540500746,4,1.0,False
synthetic,1,100,2,conditional,xgb,0.5005149244461675,4,1.0,False
synthetic,1,100,2,raw+pca,xgb,0.5348169448656102,4,1.0,False
synthetic,1,100,2,raw+spectral-gibbs,xgb,0.5334364870649885,4,1.0,False
synthetic,1,100,2,raw+conditional,xgb,0.5030170502714155,4,1.0,False
synthetic,1,100,3,raw,linear,0.346364563773897,4,1.0,False
synthetic,1,100,3,raw,xgb,0.4646330512787017,4,1.0,False
synthetic,1,100,3,pca,linear,0.3498109461918647,4,1.0,False
synthetic,1,100,3,pca,xgb,0.6084844363075441,4,1.0,False
synthetic,1,100,3,spectral-marginal,linear,0.34932824089659753,4,1.0,False
synthetic,1,100,3,spectral-marginal,xgb,0.5852189489753918,4,1.0,False
synthetic,1,100,3,spectral-gibbs,linear,0.3492381636103886,4,1.0,False
synthetic,1,100,3,spectral-gibbs,xgb,0.590233628809892,4,1.0,False
synthetic,1,100,3,conditional,linear,0.3679052170651905,4,1.0,False
synthetic,1,100,3,conditional,xgb,0.5455078189465128,4,1.0,False
synthetic,1,100,3,raw+pca,xgb,0.48369167731189255,4,1.0,False
synthetic,1,100,3,raw+spectral-gibbs,xgb,0.4829097472616104,4,1.0,False
synthetic,1,100,3,raw+conditional,xgb,0.5074117195837664,4,1.0,False
synthetic,1,100,4,raw,linear,0.2284991897339117,4,1.0,False
synthetic,1,100,4,raw,xgb,0.49724263244359823,4,1.0,False
synthetic,1,100,4,pca,linear,0.33166933639020957,4,1.0,False
synthetic,1,100,4,pca,xgb,0.5662792213761461,4,1.0,False
synthetic,1,100,4,spectral-marginal,linear,0.3304389915506263,4,1.0,False
synthetic,1,100,4,spectral-marginal,xgb,0.6278139904159137,4,1.0,False
synthetic,1,100,4,spectral-gibbs,linear,0.3304622783169079,4,1.0,False
synthetic,1,100,4,spectral-gibbs,xgb,0.5695146492086727,4,1.0,False
synthetic,1,100,4,conditional,linear,0.34125651403137647,4,1.0,False
synthetic,1,100,4,conditional,xgb,0.5672369518582387,4,1.0,False
synthetic,1,100,4,raw+pca,xgb,0.5322907101326837,4,1.0,False
synthetic,1,100,4,raw+spectral-gibbs,xgb,0.5346655886554492,4,1.0,False
synthetic,1,100,4,raw+conditional,xgb,0.5182766403427101,4,1.0,False
synthetic,1,250,0,raw,linear,0.34696008839926384,4,1.0,False
synthetic,1,250,0,raw,xgb,0.6485543368873984,4,1.0,False
synthetic,1,250,0,pca,linear,0.35833623220262034,4,1.0,False
synthetic,1,250,0,pca,xgb,0.6759446932126882,4,1.0,False
synthetic,1,250,0,spectral-marginal,linear,0.3572887793944768,4,1.0,False
synthetic,1,250,0,spectral-marginal,xgb,0.7179203808895986,4,1.0,False
synthetic,1,250,0,spectral-gibbs,linear,0.3563039233252814,4,1.0,False
synthetic,1,250,0,spectral-gibbs,xgb,0.6838284466480287,4,1.0,False
synthetic,1,250,0,conditional,linear,0.3935473870815047,4,1.0,False
synthetic,1,250,0,conditional,xgb,0.722092596571269,4,1.0,False
synthetic,1,250,0,raw+pca,xgb,0.6642510246164922,4,1.0,False
synthetic,1,250,0,raw+spectral-gibbs,xgb,0.666536416036317,4,1.0,False
synthetic,1,250,0,raw+conditional,xgb,0.6922971785968894,4,1.0,False
synthetic,1,250,1,raw,linear,0.3283619902822015,4,1.0,False
synthetic,1,250,1,raw,xgb,0.6080747217664215,4,1.0,False
synthetic,1,250,1,pca,linear,0.347100069232782,4,1.0,False
synthetic,1,250,1,pca,xgb,0.6817836714686548,4,1.0,False
synthetic,1,250,1,spectral-marginal,linear,0.3479823682482317,4,1.0,False
synthetic,1,250,1,spectral-marginal,xgb,0.7091142987187209,4,1.0,False
synthetic,1,250,1,spectral-gibbs,linear,0.3471398419226933,4,1.0,False
synthetic,1,250,1,spectral-gibbs,xgb,0.6847151143750194,4,1.0,False
synthetic,1,250,1,conditional,linear,0.31580355964603823,4,1.0,False
synthetic,1,250,1,conditional,xgb,0.6816239870517296,4,1.0,False
synthetic,1,250,1,raw+pca,xgb,0.6402179630014937,4,1.0,False
synthetic,1,250,1,raw+spectral-gibbs,xgb,0.6446589398206494,4,1.0,False
synthetic,1,250,1,raw+conditional,xgb,0.6680527274404142,4,1.0,False
synthetic,1,250,2,raw,linear,0.34358669276301856,4,1.0,False
synthetic,1,250,2,raw,xgb,0.6299323620555644,4,1.0,False
synthetic,1,250,2,pca,linear,0.3613580100705479,4,1.0,False
synthetic,1,250,2,pca,xgb,0.682809580497773,4,1.0,False
synthetic,1,250,2,spectral-marginal,linear,0.36079900175442914,4,1.0,False
synthetic,1,250,2,spectral-marginal,xgb,0.7139247401274735,4,1.0,False
synthetic,1,250,2,spectral-gibbs,linear,0.35968843955119845,4,1.0,False
synthetic,1,250,2,spectral-gibbs,xgb,0.7097219899842535,4,1.0,False
synthetic,1,250,2,conditional,linear,0.38822651819661413,4,1.0,False
synthetic,1,250,2,conditional,xgb,0.7216258007660067,4,1.0,False
synthetic,1,250,2,raw+pca,xgb,0.6800600979911825,4,1.0,False
synthetic,1,250,2,raw+spectral-gibbs,xgb,0.6786421825885411,4,1.0,False
synthetic,1,250,2,raw+conditional,xgb,0.6998907055554956,4,1.0,False
synthetic,1,250,3,raw,linear,0.3514599469877683,4,1.0,False
synthetic,1,250,3,raw,xgb,0.5919419063248959,4,1.0,False
synthetic,1,250,3,pca,linear,0.37400659340220155,4,1.0,False
synthetic,1,250,3,pca,xgb,0.6487284489631135,4,1.0,False
synthetic,1,250,3,spectral-marginal,linear,0.37358162790621274,4,1.0,False
synthetic,1,250,3,spectral-marginal,xgb,0.6928531669750917,4,1.0,False
synthetic,1,250,3,spectral-gibbs,linear,0.3728705802429324,4,1.0,False
synthetic,1,250,3,spectral-gibbs,xgb,0.6701194599239477,4,1.0,False
synthetic,1,250,3,conditional,linear,0.3640206996022304,4,1.0,False
synthetic,1,250,3,conditional,xgb,0.6678630776037748,4,1.0,False
synthetic,1,250,3,raw+pca,xgb,0.6362111580676335,4,1.0,False
synthetic,1,250,3,raw+spectral-gibbs,xgb,0.6483984174844277,4,1.0,False
synthetic,1,250,3,raw+conditional,xgb,0.6495056405427871,4,1.0,False
synthetic,1,250,4,raw,linear,0.35436683398287583,4,1.0,False
synthetic,1,250,4,raw,xgb,0.6015392329926259,4,1.0,False
synthetic,1,250,4,pca,linear,0.36777494748302264,4,1.0,False
synthetic,1,250,4,pca,xgb,0.6441009620003796,4,1.0,False
synthetic,1,250,4,spectral-marginal,linear,0.36748139854500883,4,1.0,False
synthetic,1,250,4,spectral-marginal,xgb,0.7002624500387826,4,1.0,False
synthetic,1,250,4,spectral-gibbs,linear,0.36701521706329965,4,1.0,False
synthetic,1,250,4,spectral-gibbs,xgb,0.6792884651705775,4,1.0,False
synthetic,1,250,4,conditional,linear,0.3891385124183565,4,1.0,False
synthetic,1,250,4,conditional,xgb,0.6414914407852832,4,1.0,False
synthetic,1,250,4,raw+pca,xgb,0.6271808750730903,4,1.0,False
synthetic,1,250,4,raw+spectral-gibbs,xgb,0.6518385271022751,4,1.0,False
synthetic,1,250,4,raw+conditional,xgb,0.6085983710560017,4,1.0,False
synthetic,1,1000,0,raw,linear,0.35583298481355086,4,1.0,False
synthetic,1,1000,0,raw,xgb,0.7365889114369502,4,1.0,False
synthetic,1,1000,0,pca,linear,0.3557130460657464,4,1.0,False
synthetic,1,1000,0,pca,xgb,0.7362076123784675,4,1.0,False
synthetic,1,1000,0,spectral-marginal,linear,0.35551426538035336,4,1.0,False
synthetic,1,1000,0,spectral-marginal,xgb,0.7750996334311746,4,1.0,False
synthetic,1,1000,0,spectral-gibbs,linear,0.35452848351710997,4,1.0,False
synthetic,1,1000,0,spectral-gibbs,xgb,0.7648793191014471,4,1.0,False
synthetic,1,1000,0,conditional,linear,0.3993802605815431,4,1.0,False
synthetic,1,1000,0,conditional,xgb,0.8006774559378944,4,1.0,False
synthetic,1,1000,0,raw+pca,xgb,0.7590953201911563,4,1.0,False
synthetic,1,1000,0,raw+spectral-gibbs,xgb,0.7615249330817098,4,1.0,False
synthetic,1,1000,0,raw+conditional,xgb,0.7879454149500574,4,1.0,False
synthetic,1,1000,1,raw,linear,0.3593442452361578,4,1.0,False
synthetic,1,1000,1,raw,xgb,0.7258605570646511,4,1.0,False
synthetic,1,1000,1,pca,linear,0.36668456863446486,4,1.0,False
synthetic,1,1000,1,pca,xgb,0.7237997630509772,4,1.0,False
synthetic,1,1000,1,spectral-marginal,linear,0.3663079634617301,4,1.0,False
synthetic,1,1000,1,spectral-marginal,xgb,0.7625608034475145,4,1.0,False
synthetic,1,1000,1,spectral-gibbs,linear,0.3655569126936752,4,1.0,False
synthetic,1,1000,1,spectral-gibbs,xgb,0.7473622814429857,4,1.0,False
synthetic,1,1000,1,conditional,linear,0.40446600338066774,4,1.0,False
synthetic,1,1000,1,conditional,xgb,0.786652140365125,4,1.0,False
synthetic,1,1000,1,raw+pca,xgb,0.7568272961538915,4,1.0,False
synthetic,1,1000,1,raw+spectral-gibbs,xgb,0.7560392552959766,4,1.0,False
synthetic,1,1000,1,raw+conditional,xgb,0.7719829672097417,4,1.0,False
synthetic,1,1000,2,raw,linear,0.3647642892827814,4,1.0,False
synthetic,1,1000,2,raw,xgb,0.7487589009121998,4,1.0,False
synthetic,1,1000,2,pca,linear,0.3699086396711452,4,1.0,False
synthetic,1,1000,2,pca,xgb,0.7591563458059776,4,1.0,False
synthetic,1,1000,2,spectral-marginal,linear,0.3698711856973408,4,1.0,False
synthetic,1,1000,2,spectral-marginal,xgb,0.7739118233642863,4,1.0,False
synthetic,1,1000,2,spectral-gibbs,linear,0.3691342990037325,4,1.0,False
synthetic,1,1000,2,spectral-gibbs,xgb,0.7759483997911804,4,1.0,False
synthetic,1,1000,2,conditional,linear,0.401017270369061,4,1.0,False
synthetic,1,1000,2,conditional,xgb,0.8057517387611073,4,1.0,False
synthetic,1,1000,2,raw+pca,xgb,0.7711338288181746,4,1.0,False
synthetic,1,1000,2,raw+spectral-gibbs,xgb,0.782294998504653,4,1.0,False
synthetic,1,1000,2,raw+conditional,xgb,0.8059664350911904,4,1.0,False
synthetic,1,1000,3,raw,linear,0.3682329699387934,4,1.0,False
synthetic,1,1000,3,raw,xgb,0.7447520573731257,4,1.0,False
synthetic,1,1000,3,pca,linear,0.37565377524924093,4,1.0,False
synthetic,1,1000,3,pca,xgb,0.7459474203144623,4,1.0,False
synthetic,1,1000,3,spectral-marginal,linear,0.37536656599824225,4,1.0,False
synthetic,1,1000,3,spectral-marginal,xgb,0.7701282498386961,4,1.0,False
synthetic,1,1000,3,spectral-gibbs,linear,0.374632026805635,4,1.0,False
synthetic,1,1000,3,spectral-gibbs,xgb,0.7605144872338923,4,1.0,False
synthetic,1,1000,3,conditional,linear,0.40561158845983425,4,1.0,False
synthetic,1,1000,3,conditional,xgb,0.7987417360058964,4,1.0,False
synthetic,1,1000,3,raw+pca,xgb,0.767429716579116,4,1.0,False
synthetic,1,1000,3,raw+spectral-gibbs,xgb,0.7737501801098327,4,1.0,False
synthetic,1,1000,3,raw+conditional,xgb,0.7993675571438925,4,1.0,False
synthetic,1,1000,4,raw,linear,0.3607275344772215,4,1.0,False
synthetic,1,1000,4,raw,xgb,0.7092602982315555,4,1.0,False
synthetic,1,1000,4,pca,linear,0.3649658237499097,4,1.0,False
synthetic,1,1000,4,pca,xgb,0.7473276433027214,4,1.0,False
synthetic,1,1000,4,spectral-marginal,linear,0.36467734351150105,4,1.0,False
synthetic,1,1000,4,spectral-marginal,xgb,0.7790122077285175,4,1.0,False
synthetic,1,1000,4,spectral-gibbs,linear,0.3639110765511274,4,1.0,False
synthetic,1,1000,4,spectral-gibbs,xgb,0.7650481976734459,4,1.0,False
synthetic,1,1000,4,conditional,linear,0.39305847917114933,4,1.0,False
synthetic,1,1000,4,conditional,xgb,0.7834894730210682,4,1.0,False
synthetic,1,1000,4,raw+pca,xgb,0.740980451272115,4,1.0,False
synthetic,1,1000,4,raw+spectral-gibbs,xgb,0.7405472359429267,4,1.0,False
synthetic,1,1000,4,raw+conditional,xgb,0.7675951560575677,4,1.0,False
synthetic,2,50,0,raw,linear,0.3592442889616162,4,1.0,False
synthetic,2,50,0,raw,xgb,0.4295757233998587,4,1.0,False
synthetic,2,50,0,pca,linear,0.3849818794804487,4,1.0,False
synthetic,2,50,0,pca,xgb,0.4037152015724351,4,1.0,False
synthetic,2,50,0,spectral-marginal,linear,0.38795477806323464,4,1.0,False
synthetic,2,50,0,spectral-marginal,xgb,0.3911585620379958,4,1.0,False
synthetic,2,50,0,spectral-gibbs,linear,0.39047985746181346,4,1.0,False
synthetic,2,50,0,spectral-gibbs,xgb,0.2610668592155171,4,1.0,False
synthetic,2,50,0,conditional,linear,0.3270927145618532,4,1.0,False
synthetic,2,50,0,conditional,xgb,0.508059783948642,4,1.0,False
synthetic,2,50,0,raw+pca,xgb,0.46074267423056525,4,1.0,False
synthetic,2,50,0,raw+spectral-gibbs,xgb,0.4474509277225248,4,1.0,False
synthetic,2,50,0,raw+conditional,xgb,0.413598443141339,4,1.0,False
synthetic,2,50,1,raw,linear,0.3292673618164216,4,1.0,False
synthetic,2,50,1,raw,xgb,0.2912649626475229,4,1.0,False
synthetic,2,50,1,pca,linear,0.39515640293051124,4,1.0,False
synthetic,2,50,1,pca,xgb,0.20006602881344504,4,1.0,False
synthetic,2,50,1,spectral-marginal,linear,0.3926292075321456,4,1.0,False
synthetic,2,50,1,spectral-marginal,xgb,0.3357016746181464,4,1.0,False
synthetic,2,50,1,spectral-gibbs,linear,0.393226792219038,4,1.0,False
synthetic,2,50,1,spectral-gibbs,xgb,0.2569450746730052,4,1.0,False
synthetic,2,50,1,conditional,linear,0.3504695707129082,4,1.0,False
synthetic,2,50,1,conditional,xgb,0.3976068115721818,4,1.0,False
synthetic,2,50,1,raw+pca,xgb,0.32519192841554145,4,1.0,False
synthetic,2,50,1,raw+spectral-gibbs,xgb,0.33728720093975384,4,1.0,False
synthetic,2,50,1,raw+conditional,xgb,0.33868198833286844,4,1.0,False
synthetic,2,50,2,raw,linear,0.35819049551051707,4,1.0,False
synthetic,2,50,2,raw,xgb,0.42022857422463855,4,1.0,False
synthetic,2,50,2,pca,linear,0.38037112531870465,4,1.0,False
synthetic,2,50,2,pca,xgb,0.342355458580458,4,1.0,False
synthetic,2,50,2,spectral-marginal,linear,0.38034906940283864,4,1.0,False
synthetic,2,50,2,spectral-marginal,xgb,0.31440094287084464,4,1.0,False
synthetic,2,50,2,spectral-gibbs,linear,0.3812641916001821,4,1.0,False
synthetic,2,50,2,spectral-gibbs,xgb,0.30236657067388073,4,1.0,False
synthetic,2,50,2,conditional,linear,0.3953082669939536,4,1.0,False
synthetic,2,50,2,conditional,xgb,0.4448717285533277,4,1.0,False
synthetic,2,50,2,raw+pca,xgb,0.4644216890329669,4,1.0,False
synthetic,2,50,2,raw+spectral-gibbs,xgb,0.4491162424052695,4,1.0,False
synthetic,2,50,2,raw+conditional,xgb,0.44791326907977347,4,1.0,False
synthetic,2,50,3,raw,linear,0.31857301546612704,4,1.0,False
synthetic,2,50,3,raw,xgb,0.46263989833613484,4,1.0,False
synthetic,2,50,3,pca,linear,0.3395451654101441,4,1.0,False
synthetic,2,50,3,pca,xgb,0.48300753204219227,4,1.0,False
synthetic,2,50,3,spectral-marginal,linear,0.3396289117314414,4,1.0,False
synthetic,2,50,3,spectral-marginal,xgb,0.46768323971890713,4,1.0,False
synthetic,2,50,3,spectral-gibbs,linear,0.3392920252081787,4,1.0,False
synthetic,2,50,3,spectral-gibbs,xgb,0.41799003270467683,4,1.0,False
synthetic,2,50,3,conditional,linear,0.39397699270785025,4,1.0,False
synthetic,2,50,3,conditional,xgb,0.48153849994459175,4,1.0,False
synthetic,2,50,3,raw+pca,xgb,0.4508749581397806,4,1.0,False
synthetic,2,50,3,raw+spectral-gibbs,xgb,0.446595247485463,4,1.0,False
synthetic,2,50,3,raw+conditional,xgb,0.48254258889725044,4,1.0,False
synthetic,2,50,4,raw,linear,0.24510124322539573,4,1.0,False
synthetic,2,50,4,raw,xgb,0.3782498554345136,4,1.0,False
synthetic,2,50,4,pca,linear,0.33982499309405556,4,1.0,False
synthetic,2,50,4,pca,xgb,0.49282653841226465,4,1.0,False
synthetic,2,50,4,spectral-marginal,linear,0.33666528469525947,4,1.0,False
synthetic,2,50,4,spectral-marginal,xgb,0.448083298154482,4,1.0,False
synthetic,2,50,4,spectral-gibbs,linear,0.3360433733539727,4,1.0,False
synthetic,2,50,4,spectral-gibbs,xgb,0.461785219870648,4,1.0,False
synthetic,2,50,4,conditional,linear,0.3441407191797101,4,1.0,False
synthetic,2,50,4,conditional,xgb,0.3663716070256475,4,1.0,False
synthetic,2,50,4,raw+pca,xgb,0.436647509760944,4,1.0,False
synthetic,2,50,4,raw+spectral-gibbs,xgb,0.4162387091029224,4,1.0,False
synthetic,2,50,4,raw+conditional,xgb,0.3944644290713052,4,1.0,False
synthetic,2,100,0,raw,linear,0.35725025309368297,4,1.0,False
synthetic,2,100,0,raw,xgb,0.4712953981854131,4,1.0,False
synthetic,2,100,0,pca,linear,0.39810587117666185,4,1.0,False
synthetic,2,100,0,pca,xgb,0.514929103140428,4,1.0,False
synthetic,2,100,0,spectral-marginal,linear,0.39805015297309954,4,1.0,False
synthetic,2,100,0,spectral-marginal,xgb,0.4537603928805656,4,1.0,False
synthetic,2,100,0,spectral-gibbs,linear,0.39756414104282545,4,1.0,False
synthetic,2,100,0,spectral-gibbs,xgb,0.5188024452847535,4,1.0,False
synthetic,2,100,0,conditional,linear,0.3712580999786994,4,1.0,False
synthetic,2,100,0,conditional,xgb,0.5953315328508068,4,1.0,False
synthetic,2,100,0,raw+pca,xgb,0.5056433891724055,4,1.0,False
synthetic,2,100,0,raw+spectral-gibbs,xgb,0.5013047467952931,4,1.0,False
synthetic,2,100,0,raw+conditional,xgb,0.5674029838960646,4,1.0,False
synthetic,2,100,1,raw,linear,0.33685662129365335,4,1.0,False
synthetic,2,100,1,raw,xgb,0.5043184263386138,4,1.0,False
synthetic,2,100,1,pca,linear,0.35444948205813953,4,1.0,False
synthetic,2,100,1,pca,xgb,0.5454699120795474,4,1.0,False
synthetic,2,100,1,spectral-marginal,linear,0.3522361377932789,4,1.0,False
synthetic,2,100,1,spectral-marginal,xgb,0.5316553792852357,4,1.0,False
synthetic,2,100,1,spectral-gibbs,linear,0.3533918771399316,4,1.0,False
synthetic,2,100,1,spectral-gibbs,xgb,0.49722579243434806,4,1.0,False
synthetic,2,100,1,conditional,linear,0.37087531378693095,4,1.0,False
synthetic,2,100,1,conditional,xgb,0.5814300209842961,4,1.0,False
synthetic,2,100,1,raw+pca,xgb,0.5503591258124223,4,1.0,False
synthetic,2,100,1,raw+spectral-gibbs,xgb,0.5389822894797767,4,1.0,False
synthetic,2,100,1,raw+conditional,xgb,0.5471449852514758,4,1.0,False
synthetic,2,100,2,raw,linear,0.42480413285299745,4,1.0,False
synthetic,2,100,2,raw,xgb,0.5346280070395248,4,1.0,False
synthetic,2,100,2,pca,linear,0.4356699248661018,4,1.0,False
synthetic,2,100,2,pca,xgb,0.4721009222680028,4,1.0,False
synthetic,2,100,2,spectral-marginal,linear,0.43622993689598966,4,1.0,False
synthetic,2,100,2,spectral-marginal,xgb,0.42996559062248707,4,1.0,False
synthetic,2,100,2,spectral-gibbs,linear,0.4364550551785489,4,1.0,False
synthetic,2,100,2,spectral-gibbs,xgb,0.4297965339587684,4,1.0,False
synthetic,2,100,2,conditional,linear,0.43577540428193584,4,1.0,False
synthetic,2,100,2,conditional,xgb,0.5782432432441915,4,1.0,False
synthetic,2,100,2,raw+pca,xgb,0.5469231627724453,4,1.0,False
synthetic,2,100,2,raw+spectral-gibbs,xgb,0.5362201068881713,4,1.0,False
synthetic,2,100,2,raw+conditional,xgb,0.5784490986479864,4,1.0,False
synthetic,2,100,3,raw,linear,0.42260730657214596,4,1.0,False
synthetic,2,100,3,raw,xgb,0.5387594468578224,4,1.0,False
synthetic,2,100,3,pca,linear,0.44424707395079077,4,1.0,False
synthetic,2,100,3,pca,xgb,0.5975386712565212,4,1.0,False
synthetic,2,100,3,spectral-marginal,linear,0.44199740466751836,4,1.0,False
synthetic,2,100,3,spectral-marginal,xgb,0.5731379821166946,4,1.0,False
synthetic,2,100,3,spectral-gibbs,linear,0.441596316995141,4,1.0,False
synthetic,2,100,3,spectral-gibbs,xgb,0.5355826055780675,4,1.0,False
synthetic,2,100,3,conditional,linear,0.42972187396570083,4,1.0,False
synthetic,2,100,3,conditional,xgb,0.6441675261148454,4,1.0,False
synthetic,2,100,3,raw+pca,xgb,0.586771535119597,4,1.0,False
synthetic,2,100,3,raw+spectral-gibbs,xgb,0.5786502153634738,4,1.0,False
synthetic,2,100,3,raw+conditional,xgb,0.6040695359334775,4,1.0,False
synthetic,2,100,4,raw,linear,0.39770268108304807,4,1.0,False
synthetic,2,100,4,raw,xgb,0.5274910701708289,4,1.0,False
synthetic,2,100,4,pca,linear,0.4009182749839927,4,1.0,False
synthetic,2,100,4,pca,xgb,0.5393097028514731,4,1.0,False
synthetic,2,100,4,spectral-marginal,linear,0.3993914851707955,4,1.0,False
synthetic,2,100,4,spectral-marginal,xgb,0.539393008587333,4,1.0,False
synthetic,2,100,4,spectral-gibbs,linear,0.39912201782372436,4,1.0,False
synthetic,2,100,4,spectral-gibbs,xgb,0.5445554218219227,4,1.0,False
synthetic,2,100,4,conditional,linear,0.3950840844308926,4,1.0,False
synthetic,2,100,4,conditional,xgb,0.6015564692829845,4,1.0,False
synthetic,2,100,4,raw+pca,xgb,0.5457510659116289,4,1.0,False
synthetic,2,100,4,raw+spectral-gibbs,xgb,0.5502632258510916,4,1.0,False
synthetic,2,100,4,raw+conditional,xgb,0.5682294001534993,4,1.0,False
synthetic,2,250,0,raw,linear,0.4103931451112425,4,1.0,False
synthetic,2,250,0,raw,xgb,0.675493487421001,4,1.0,False
synthetic,2,250,0,pca,linear,0.4236156137137317,4,1.0,False
synthetic,2,250,0,pca,xgb,0.6535464256944593,4,1.0,False
synthetic,2,250,0,spectral-marginal,linear,0.4220559997098863,4,1.0,False
synthetic,2,250,0,spectral-marginal,xgb,0.6096506713105112,4,1.0,False
synthetic,2,250,0,spectral-gibbs,linear,0.42323137608784267,4,1.0,False
synthetic,2,250,0,spectral-gibbs,xgb,0.628727278249872,4,1.0,False
synthetic,2,250,0,conditional,linear,0.45581416065536384,4,1.0,False
synthetic,2,250,0,conditional,xgb,0.7190642311227335,4,1.0,False
synthetic,2,250,0,raw+pca,xgb,0.6743350820481722,4,1.0,False
synthetic,2,250,0,raw+spectral-gibbs,xgb,0.6778570341043528,4,1.0,False
synthetic,2,250,0,raw+conditional,xgb,0.7073558878987949,4,1.0,False
synthetic,2,250,1,raw,linear,0.396136792524845,4,1.0,False
synthetic,2,250,1,raw,xgb,0.6750869775009795,4,1.0,False
synthetic,2,250,1,pca,linear,0.4102465979098687,4,1.0,False
synthetic,2,250,1,pca,xgb,0.6703411269107473,4,1.0,False
synthetic,2,250,1,spectral-marginal,linear,0.4101755780449504,4,1.0,False
synthetic,2,250,1,spectral-marginal,xgb,0.6328975084053874,4,1.0,False
synthetic,2,250,1,spectral-gibbs,linear,0.40985277811721577,4,1.0,False
synthetic,2,250,1,spectral-gibbs,xgb,0.6278985677227287,4,1.0,False
synthetic,2,250,1,conditional,linear,0.42592922555088164,4,1.0,False
synthetic,2,250,1,conditional,xgb,0.71612616661004,4,1.0,False
synthetic,2,250,1,raw+pca,xgb,0.6933816935713788,4,1.0,False
synthetic,2,250,1,raw+spectral-gibbs,xgb,0.66646124119893,4,1.0,False
synthetic,2,250,1,raw+conditional,xgb,0.7165095178312497,4,1.0,False
synthetic,2,250,2,raw,linear,0.43565870730179723,4,1.0,False
synthetic,2,250,2,raw,xgb,0.6438846813853907,4,1.0,False
synthetic,2,250,2,pca,linear,0.43978820641078975,4,1.0,False
synthetic,2,250,2,pca,xgb,0.66369530043585,4,1.0,False
synthetic,2,250,2,spectral-marginal,linear,0.43913173607009137,4,1.0,False
synthetic,2,250,2,spectral-marginal,xgb,0.6356038538216874,4,1.0,False
synthetic,2,250,2,spectral-gibbs,linear,0.43859517267323145,4,1.0,False
synthetic,2,250,2,spectral-gibbs,xgb,0.6543702044977133,4,1.0,False
synthetic,2,250,2,conditional,linear,0.4614007804921906,4,1.0,False
synthetic,2,250,2,conditional,xgb,0.7268752669986333,4,1.0,False
synthetic,2,250,2,raw+pca,xgb,0.6666373030797585,4,1.0,False
synthetic,2,250,2,raw+spectral-gibbs,xgb,0.6579314664275765,4,1.0,False
synthetic,2,250,2,raw+conditional,xgb,0.7117008556350719,4,1.0,False
synthetic,2,250,3,raw,linear,0.4278354989893244,4,1.0,False
synthetic,2,250,3,raw,xgb,0.6681606237177993,4,1.0,False
synthetic,2,250,3,pca,linear,0.44504728785324166,4,1.0,False
synthetic,2,250,3,pca,xgb,0.6059978671186225,4,1.0,False
synthetic,2,250,3,spectral-marginal,linear,0.4447177254441753,4,1.0,False
synthetic,2,250,3,spectral-marginal,xgb,0.6250654471258958,4,1.0,False
synthetic,2,250,3,spectral-gibbs,linear,0.4452741737462499,4,1.0,False
synthetic,2,250,3,spectral-gibbs,xgb,0.6304358439176689,4,1.0,False
synthetic,2,250,3,conditional,linear,0.4458127744719296,4,1.0,False
synthetic,2,250,3,conditional,xgb,0.7020785203204116,4,1.0,False
synthetic,2,250,3,raw+pca,xgb,0.6854675625922291,4,1.0,False
synthetic,2,250,3,raw+spectral-gibbs,xgb,0.6982099854138353,4,1.0,False
synthetic,2,250,3,raw+conditional,xgb,0.7119218754517437,4,1.0,False
synthetic,2,250,4,raw,linear,0.4154073686845918,4,1.0,False
synthetic,2,250,4,raw,xgb,0.659356211848826,4,1.0,False
synthetic,2,250,4,pca,linear,0.4362280811926319,4,1.0,False
synthetic,2,250,4,pca,xgb,0.712304636409421,4,1.0,False
synthetic,2,250,4,spectral-marginal,linear,0.4357987156858214,4,1.0,False
synthetic,2,250,4,spectral-marginal,xgb,0.656171885466702,4,1.0,False
synthetic,2,250,4,spectral-gibbs,linear,0.4354687620635719,4,1.0,False
synthetic,2,250,4,spectral-gibbs,xgb,0.673865394844823,4,1.0,False
synthetic,2,250,4,conditional,linear,0.46502491335239715,4,1.0,False
synthetic,2,250,4,conditional,xgb,0.7306000935797307,4,1.0,False
synthetic,2,250,4,raw+pca,xgb,0.680557011929677,4,1.0,False
synthetic,2,250,4,raw+spectral-gibbs,xgb,0.6774116944000359,4,1.0,False
synthetic,2,250,4,raw+conditional,xgb,0.7255406681500571,4,1.0,False
synthetic,2,1000,0,raw,linear,0.45406841950365706,4,1.0,False
synthetic,2,1000,0,raw,xgb,0.7726180931659516,4,1.0,False
synthetic,2,1000,0,pca,linear,0.4565450808137834,4,1.0,False
synthetic,2,1000,0,pca,xgb,0.7564876780221135,4,1.0,False
synthetic,2,1000,0,spectral-marginal,linear,0.45598686707226654,4,1.0,False
synthetic,2,1000,0,spectral-marginal,xgb,0.7291037426437774,4,1.0,False
synthetic,2,1000,0,spectral-gibbs,linear,0.4558955967135937,4,1.0,False
synthetic,2,1000,0,spectral-gibbs,xgb,0.7370355828647502,4,1.0,False
synthetic,2,1000,0,conditional,linear,0.48368697111054204,4,1.0,False
synthetic,2,1000,0,conditional,xgb,0.8164048913630423,4,1.0,False
synthetic,2,1000,0,raw+pca,xgb,0.7844094528381389,4,1.0,False
synthetic,2,1000,0,raw+spectral-gibbs,xgb,0.7883618531408904,4,1.0,False
synthetic,2,1000,0,raw+conditional,xgb,0.8141714560967157,4,1.0,False
synthetic,2,1000,1,raw,linear,0.45328022779870014,4,1.0,False
synthetic,2,1000,1,raw,xgb,0.7651287931762183,4,1.0,False
synthetic,2,1000,1,pca,linear,0.4564108184523543,4,1.0,False
synthetic,2,1000,1,pca,xgb,0.7604636685966795,4,1.0,False
synthetic,2,1000,1,spectral-marginal,linear,0.4558988174804227,4,1.0,False
synthetic,2,1000,1,spectral-marginal,xgb,0.7237870265605559,4,1.0,False
synthetic,2,1000,1,spectral-gibbs,linear,0.4556245683300112,4,1.0,False
synthetic,2,1000,1,spectral-gibbs,xgb,0.7146324902728576,4,1.0,False
synthetic,2,1000,1,conditional,linear,0.48219914260744023,4,1.0,False
synthetic,2,1000,1,conditional,xgb,0.8059898443686798,4,1.0,False
synthetic,2,1000,1,raw+pca,xgb,0.778184922982834,4,1.0,False
synthetic,2,1000,1,raw+spectral-gibbs,xgb,0.7772237007009116,4,1.0,False
synthetic,2,1000,1,raw+conditional,xgb,0.808390827494091,4,1.0,False
synthetic,2,1000,2,raw,linear,0.4490795223692483,4,1.0,False
synthetic,2,1000,2,raw,xgb,0.75946567241397,4,1.0,False
synthetic,2,1000,2,pca,linear,0.45194045419551143,4,1.0,False
synthetic,2,1000,2,pca,xgb,0.7578909740043169,4,1.0,False
synthetic,2,1000,2,spectral-marginal,linear,0.451489606194881,4,1.0,False
synthetic,2,1000,2,spectral-marginal,xgb,0.729227250107755,4,1.0,False
synthetic,2,1000,2,spectral-gibbs,linear,0.45149806349031696,4,1.0,False
synthetic,2,1000,2,spectral-gibbs,xgb,0.7161403031408287,4,1.0,False
synthetic,2,1000,2,conditional,linear,0.47647348992020744,4,1.0,False
synthetic,2,1000,2,conditional,xgb,0.8041052946494177,4,1.0,False
synthetic,2,1000,2,raw+pca,xgb,0.7736244122782587,4,1.0,False
synthetic,2,1000,2,raw+spectral-gibbs,xgb,0.7693636240132585,4,1.0,False
synthetic,2,1000,2,raw+conditional,xgb,0.8046116672654454,4,1.0,False
synthetic,2,1000,3,raw,linear,0.4500318320700649,4,1.0,False
synthetic,2,1000,3,raw,xgb,0.7612113471692016,4,1.0,False
synthetic,2,1000,3,pca,linear,0.4553111312916538,4,1.0,False
synthetic,2,1000,3,pca,xgb,0.7294627262474298,4,1.0,False
synthetic,2,1000,3,spectral-marginal,linear,0.45473799647946544,4,1.0,False
synthetic,2,1000,3,spectral-marginal,xgb,0.723995048566066,4,1.0,False
synthetic,2,1000,3,spectral-gibbs,linear,0.45454362276459515,4,1.0,False
synthetic,2,1000,3,spectral-gibbs,xgb,0.6922596300561568,4,1.0,False
synthetic,2,1000,3,conditional,linear,0.4942571423426445,4,1.0,False
synthetic,2,1000,3,conditional,xgb,0.8010727935321438,4,1.0,False
synthetic,2,1000,3,raw+pca,xgb,0.7757726864665759,4,1.0,False
synthetic,2,1000,3,raw+spectral-gibbs,xgb,0.7714529560214908,4,1.0,False
synthetic,2,1000,3,raw+conditional,xgb,0.8106486502415154,4,1.0,False
synthetic,2,1000,4,raw,linear,0.45185793902843885,4,1.0,False
synthetic,2,1000,4,raw,xgb,0.7531791058498551,4,1.0,False
synthetic,2,1000,4,pca,linear,0.45478231328873564,4,1.0,False
synthetic,2,1000,4,pca,xgb,0.767817960219111,4,1.0,False
synthetic,2,1000,4,spectral-marginal,linear,0.4543514248694668,4,1.0,False
synthetic,2,1000,4,spectral-marginal,xgb,0.724074006424474,4,1.0,False
synthetic,2,1000,4,spectral-gibbs,linear,0.45423253143057785,4,1.0,False
synthetic,2,1000,4,spectral-gibbs,xgb,0.7110676191506661,4,1.0,False
synthetic,2,1000,4,conditional,linear,0.4886606702818168,4,1.0,False
synthetic,2,1000,4,conditional,xgb,0.7956848984422529,4,1.0,False
synthetic,2,1000,4,raw+pca,xgb,0.7730422775359903,4,1.0,False
synthetic,2,1000,4,raw+spectral-gibbs,xgb,0.7641111843543942,4,1.0,False
synthetic,2,1000,4,raw+conditional,xgb,0.8014453735231455,4,1.0,False
synthetic,0,50,0,raw,linear,0.1913558725534228,4,1.0,True
synthetic,0,50,0,raw,xgb,0.4071729465749795,4,1.0,True
synthetic,0,50,0,pca,linear,0.15916259973933555,4,1.0,True
synthetic,0,50,0,pca,xgb,0.19465733104848593,4,1.0,True
synthetic,0,50,0,spectral-marginal,linear,0.25632354907904875,4,1.0,True
synthetic,0,50,0,spectral-marginal,xgb,0.30784889330388876,4,1.0,True
synthetic,0,50,0,spectral-gibbs,linear,0.28841667324098397,4,1.0,True
synthetic,0,50,0,spectral-gibbs,xgb,0.30924726678710734,4,1.0,True
synthetic,0,50,0,conditional,linear,0.473538324786812,4,1.0,True
synthetic,0,50,0,conditional,xgb,0.35599619543735894,4,1.0,True
synthetic,0,50,0,raw+pca,xgb,0.4407062665417767,4,1.0,True
synthetic,0,50,0,raw+spectral-gibbs,xgb,0.4328683870891866,4,1.0,True
synthetic,0,50,0,raw+conditional,xgb,0.36950084057239574,4,1.0,True
synthetic,0,50,1,raw,linear,0.3069222626172078,4,1.0,True
synthetic,0,50,1,raw,xgb,0.3256111163963934,4,1.0,True
synthetic,0,50,1,pca,linear,0.09001369840600149,4,1.0,True
synthetic,0,50,1,pca,xgb,0.1862201209621417,4,1.0,True
synthetic,0,50,1,spectral-marginal,linear,0.182683399274438,4,1.0,True
synthetic,0,50,1,spectral-marginal,xgb,0.2873556230555263,4,1.0,True
synthetic,0,50,1,spectral-gibbs,linear,0.20713107782550588,4,1.0,True
synthetic,0,50,1,spectral-gibbs,xgb,0.28797808762443244,4,1.0,True
synthetic,0,50,1,conditional,linear,0.4534649055604566,4,1.0,True
synthetic,0,50,1,conditional,xgb,0.3325183097779033,4,1.0,True
synthetic,0,50,1,raw+pca,xgb,0.34118828768105014,4,1.0,True
synthetic,0,50,1,raw+spectral-gibbs,xgb,0.377220840625763,4,1.0,True
synthetic,0,50,1,raw+conditional,xgb,0.34285546910705444,4,1.0,True
synthetic,0,50,2,raw,linear,0.39031803327137315,4,1.0,True
synthetic,0,50,2,raw,xgb,0.3374924772428629,4,1.0,True
synthetic,0,50,2,pca,linear,0.06855492343851266,4,1.0,True
synthetic,0,50,2,pca,xgb,0.17208671385982655,4,1.0,True
synthetic,0,50,2,spectral-marginal,linear,0.19378278905498147,4,1.0,True
synthetic,0,50,2,spectral-marginal,xgb,0.22208325751354585,4,1.0,True
synthetic,0,50,2,spectral-gibbs,linear,0.23991615607476124,4,1.0,True
synthetic,0,50,2,spectral-gibbs,xgb,0.27000995590023946,4,1.0,True
synthetic,0,50,2,conditional,linear,0.4525023955451466,4,1.0,True
synthetic,0,50,2,conditional,xgb,0.35233245859621865,4,1.0,True
synthetic,0,50,2,raw+pca,xgb,0.3523476271174948,4,1.0,True
synthetic,0,50,2,raw+spectral-gibbs,xgb,0.34546623580986824,4,1.0,True
synthetic,0,50,2,raw+conditional,xgb,0.3638265821973321,4,1.0,True
synthetic,0,50,3,raw,linear,0.39908590710002434,4,1.0,True
synthetic,0,50,3,raw,xgb,0.39900496125270524,4,1.0,True
synthetic,0,50,3,pca,linear,0.1348579492299702,4,1.0,True
synthetic,0,50,3,pca,xgb,0.06013788842273937,4,1.0,True
synthetic,0,50,3,spectral-marginal,linear,0.2552629668780583,4,1.0,True
synthetic,0,50,3,spectral-marginal,xgb,0.28366941340528906,4,1.0,True
synthetic,0,50,3,spectral-gibbs,linear,0.28451531169593225,4,1.0,True
synthetic,0,50,3,spectral-gibbs,xgb,0.357890705317777,4,1.0,True
synthetic,0,50,3,conditional,linear,0.43164462578801444,4,1.0,True
synthetic,0,50,3,conditional,xgb,0.3686093252981365,4,1.0,True
synthetic,0,50,3,raw+pca,xgb,0.3579926725481385,4,1.0,True
synthetic,0,50,3,raw+spectral-gibbs,xgb,0.4044714133493523,4,1.0,True
synthetic,0,50,3,raw+conditional,xgb,0.39409143864300267,4,1.0,True
synthetic,0,50,4,raw,linear,0.41001254498248396,4,1.0,True
synthetic,0,50,4,raw,xgb,0.3396038884463638,4,1.0,True
synthetic,0,50,4,pca,linear,0.0695602482357972,4,1.0,True
synthetic,0,50,4,pca,xgb,0.009956102735220629,4,1.0,True
synthetic,0,50,4,spectral-marginal,linear,0.24197116502697302,4,1.0,True
synthetic,0,50,4,spectral-marginal,xgb,0.21948402920906174,4,1.0,True
synthetic,0,50,4,spectral-gibbs,linear,0.2921235564765575,4,1.0,True
synthetic,0,50,4,spectral-gibbs,xgb,0.29696328892262336,4,1.0,True
synthetic,0,50,4,conditional,linear,0.5585825789039367,4,1.0,True
synthetic,0,50,4,conditional,xgb,0.43348949043375806,4,1.0,True
synthetic,0,50,4,raw+pca,xgb,0.3265680169429701,4,1.0,True
synthetic,0,50,4,raw+spectral-gibbs,xgb,0.39484193960237224,4,1.0,True
synthetic,0,50,4,raw+conditional,xgb,0.37034657819871064,4,1.0,True
synthetic,0,100,0,raw,linear,0.4349502841176077,4,1.0,True
synthetic,0,100,0,raw,xgb,0.4548605427941952,4,1.0,True
synthetic,0,100,0,pca,linear,0.12813275898736287,4,1.0,True
synthetic,0,100,0,pca,xgb,0.1876791738339505,4,1.0,True
synthetic,0,100,0,spectral-marginal,linear,0.2383727073217875,4,1.0,True
synthetic,0,100,0,spectral-marginal,xgb,0.34130074319855996,4,1.0,True
synthetic,0,100,0,spectral-gibbs,linear,0.27454651875982616,4,1.0,True
synthetic,0,100,0,spectral-gibbs,xgb,0.3590111170569237,4,1.0,True
synthetic,0,100,0,conditional,linear,0.5096523176160294,4,1.0,True
synthetic,0,100,0,conditional,xgb,0.43545247177126656,4,1.0,True
synthetic,0,100,0,raw+pca,xgb,0.46039355478077615,4,1.0,True
synthetic,0,100,0,raw+spectral-gibbs,xgb,0.4985050391993182,4,1.0,True
synthetic,0,100,0,raw+conditional,xgb,0.4421543280628739,4,1.0,True
synthetic,0,100,1,raw,linear,0.38235187461672004,4,1.0,True
synthetic,0,100,1,raw,xgb,0.45217965319577047,4,1.0,True
synthetic,0,100,1,pca,linear,0.04282778349435623,4,1.0,True
synthetic,0,100,1,pca,xgb,0.07408841445036729,4,1.0,True
synthetic,0,100,1,spectral-marginal,linear,0.16873174275526714,4,1.0,True
synthetic,0,100,1,spectral-marginal,xgb,0.21405321938750976,4,1.0,True
synthetic,0,100,1,spectral-gibbs,linear,0.21604215165764595,4,1.0,True
synthetic,0,100,1,spectral-gibbs,xgb,0.21690237175494287,4,1.0,True
synthetic,0,100,1,conditional,linear,0.44762593399231154,4,1.0,True
synthetic,0,100,1,conditional,xgb,0.46891595014998866,4,1.0,True
synthetic,0,100,1,raw+pca,xgb,0.4464843379661284,4,1.0,True
synthetic,0,100,1,raw+spectral-gibbs,xgb,0.4083838533308244,4,1.0,True
synthetic,0,100,1,raw+conditional,xgb,0.49590428421513666,4,1.0,True
synthetic,0,100,2,raw,linear,0.4378026191248553,4,1.0,True
synthetic,0,100,2,raw,xgb,0.48694071588855836,4,1.0,True
synthetic,0,100,2,pca,linear,0.1604632984360569,4,1.0,True
synthetic,0,100,2,pca,xgb,0.20199361236339708,4,1.0,True
synthetic,0,100,2,spectral-marginal,linear,0.2837090696675638,4,1.0,True
synthetic,0,100,2,spectral-marginal,xgb,0.3504476761114612,4,1.0,True
synthetic,0,100,2,spectral-gibbs,linear,0.3189489011393494,4,1.0,True
synthetic,0,100,2,spectral-gibbs,xgb,0.3595977904418305,4,1.0,True
synthetic,0,100,2,conditional,linear,0.5298837821792899,4,1.0,True
synthetic,0,100,2,conditional,xgb,0.5178237104734424,4,1.0,True
synthetic,0,100,2,raw+pca,xgb,0.48782717764958383,4,1.0,True
synthetic,0,100,2,raw+spectral-gibbs,xgb,0.5114512190984957,4,1.0,True
synthetic,0,100,2,raw+conditional,xgb,0.5078132971238101,4,1.0,True
synthetic,0,100,3,raw,linear,0.2950543773318174,4,1.0,True
synthetic,0,100,3,raw,xgb,0.39824793557360716,4,1.0,True
synthetic,0,100,3,pca,linear,0.15417230121999925,4,1.0,True
synthetic,0,100,3,pca,xgb,0.15027119828479052,4,1.0,True
synthetic,0,100,3,spectral-marginal,linear,0.23187242411461872,4,1.0,True
synthetic,0,100,3,spectral-marginal,xgb,0.2507069975188553,4,1.0,True
synthetic,0,100,3,spectral-gibbs,linear,0.2561500043411953,4,1.0,True
synthetic,0,100,3,spectral-gibbs,xgb,0.28408721644124446,4,1.0,True
synthetic,0,100,3,conditional,linear,0.35008764909871115,4,1.0,True
synthetic,0,100,3,conditional,xgb,0.4322405644333207,4,1.0,True
synthetic,0,100,3,raw+pca,xgb,0.41471352800715966,4,1.0,True
synthetic,0,100,3,raw+spectral-gibbs,xgb,0.4415428652196922,4,1.0,True
synthetic,0,100,3,raw+conditional,xgb,0.4351847416010316,4,1.0,True
synthetic,0,100,4,raw,linear,0.41827278586833183,4,1.0,True
synthetic,0,100,4,raw,xgb,0.47953358902838816,4,1.0,True
synthetic,0,100,4,pca,linear,0.13692555464953626,4,1.0,True
synthetic,0,100,4,pca,xgb,0.07846535788428499,4,1.0,True
synthetic,0,100,4,spectral-marginal,linear,0.2581305506480811,4,1.0,True
synthetic,0,100,4,spectral-marginal,xgb,0.2135906450539271,4,1.0,True
synthetic,0,100,4,spectral-gibbs,linear,0.29752420607519536,4,1.0,True
synthetic,0,100,4,spectral-gibbs,xgb,0.2534057850217205,4,1.0,True
synthetic,0,100,4,conditional,linear,0.5549802590739836,4,1.0,True
synthetic,0,100,4,conditional,xgb,0.4609725369724339,4,1.0,True
synthetic,0,100,4,raw+pca,xgb,0.4701692572221877,4,1.0,True
synthetic,0,100,4,raw+spectral-gibbs,xgb,0.4735441586848227,4,1.0,True
synthetic,0,100,4,raw+conditional,xgb,0.48239152336265245,4,1.0,True
synthetic,0,250,0,raw,linear,0.5119862143166283,4,1.0,True
synthetic,0,250,0,raw,xgb,0.5748285701049687,4,1.0,True
synthetic,0,250,0,pca,linear,0.18070814370706734,4,1.0,True
synthetic,0,250,0,pca,xgb,0.3160767762847865,4,1.0,True
synthetic,0,250,0,spectral-marginal,linear,0.29364696724859707,4,1.0,True
synthetic,0,250,0,spectral-marginal,xgb,0.4188985669019134,4,1.0,True
synthetic,0,250,0,spectral-gibbs,linear,0.32940395331352024,4,1.0,True
synthetic,0,250,0,spectral-gibbs,xgb,0.4690474722076209,4,1.0,True
synthetic,0,250,0,conditional,linear,0.6020147370692,4,1.0,True
synthetic,0,250,0,conditional,xgb,0.59079183803733,4,1.0,True
synthetic,0,250,0,raw+pca,xgb,0.5646289444912628,4,1.0,True
synthetic,0,250,0,raw+spectral-gibbs,xgb,0.57861206901831,4,1.0,True
synthetic,0,250,0,raw+conditional,xgb,0.5919843625107502,4,1.0,True
synthetic,0,250,1,raw,linear,0.47257500580695866,4,1.0,True
synthetic,0,250,1,raw,xgb,0.5509338794125911,4,1.0,True
synthetic,0,250,1,pca,linear,0.1875481549739224,4,1.0,True
synthetic,0,250,1,pca,xgb,0.2572726799906281,4,1.0,True
synthetic,0,250,1,spectral-marginal,linear,0.29676043781175043,4,1.0,True
synthetic,0,250,1,spectral-marginal,xgb,0.3840751274290005,4,1.0,True
synthetic,0,250,1,spectral-gibbs,linear,0.3316883744323469,4,1.0,True
synthetic,0,250,1,spectral-gibbs,xgb,0.4216687196137435,4,1.0,True
synthetic,0,250,1,conditional,linear,0.5647020393910738,4,1.0,True
synthetic,0,250,1,conditional,xgb,0.5756464201789694,4,1.0,True
synthetic,0,250,1,raw+pca,xgb,0.562346548670082,4,1.0,True
synthetic,0,250,1,raw+spectral-gibbs,xgb,0.5684190475541826,4,1.0,True
synthetic,0,250,1,raw+conditional,xgb,0.5812223522479834,4,1.0,True
synthetic,0,250,2,raw,linear,0.46511137280207226,4,1.0,True
synthetic,0,250,2,raw,xgb,0.5524002237613617,4,1.0,True
synthetic,0,250,2,pca,linear,0.1505603782161492,4,1.0,True
synthetic,0,250,2,pca,xgb,0.28958675982907445,4,1.0,True
synthetic,0,250,2,spectral-marginal,linear,0.24476185416114904,4,1.0,True
synthetic,0,250,2,spectral-marginal,xgb,0.38370755776733,4,1.0,True
synthetic,0,250,2,spectral-gibbs,linear,0.27773325752971945,4,1.0,True
synthetic,0,250,2,spectral-gibbs,xgb,0.452243739168426,4,1.0,True
synthetic,0,250,2,conditional,linear,0.5432362848538996,4,1.0,True
synthetic,0,250,2,conditional,xgb,0.6035287418588163,4,1.0,True
synthetic,0,250,2,raw+pca,xgb,0.5776619134126602,4,1.0,True
synthetic,0,250,2,raw+spectral-gibbs,xgb,0.5650107076387076,4,1.0,True
synthetic,0,250,2,raw+conditional,xgb,0.6093530192556336,4,1.0,True
synthetic,0,250,3,raw,linear,0.47479097038031226,4,1.0,True
synthetic,0,250,3,raw,xgb,0.5890381411122778,4,1.0,True
synthetic,0,250,3,pca,linear,0.18107217062200487,4,1.0,True
synthetic,0,250,3,pca,xgb,0.2830450407285866,4,1.0,True
synthetic,0,250,3,spectral-marginal,linear,0.28860396611991657,4,1.0,True
synthetic,0,250,3,spectral-marginal,xgb,0.3638400787030367,4,1.0,True
synthetic,0,250,3,spectral-gibbs,linear,0.32417113808781495,4,1.0,True
synthetic,0,250,3,spectral-gibbs,xgb,0.4297116273926168,4,1.0,True
synthetic,0,250,3,conditional,linear,0.5888423556265691,4,1.0,True
synthetic,0,250,3,conditional,xgb,0.6252718698683191,4,1.0,True
synthetic,0,250,3,raw+pca,xgb,0.6004940371059307,4,1.0,True
synthetic,0,250,3,raw+spectral-gibbs,xgb,0.6037173122268953,4,1.0,True
synthetic,0,250,3,raw+conditional,xgb,0.6212533968221676,4,1.0,True
synthetic,0,250,4,raw,linear,0.4755360457122757,4,1.0,True
synthetic,0,250,4,raw,xgb,0.5613028061885025,4,1.0,True
synthetic,0,250,4,pca,linear,0.17333583589564194,4,1.0,True
synthetic,0,250,4,pca,xgb,0.23514537846524486,4,1.0,True
synthetic,0,250,4,spectral-marginal,linear,0.28405664495078387,4,1.0,True
synthetic,0,250,4,spectral-marginal,xgb,0.34933819085521967,4,1.0,True
synthetic,0,250,4,spectral-gibbs,linear,0.3199507979055899,4,1.0,True
synthetic,0,250,4,spectral-gibbs,xgb,0.3711825090400742,4,1.0,True
synthetic,0,250,4,conditional,linear,0.5901759542819125,4,1.0,True
synthetic,0,250,4,conditional,xgb,0.5795429255035724,4,1.0,True
synthetic,0,250,4,raw+pca,xgb,0.5763280995539678,4,1.0,True
synthetic,0,250,4,raw+spectral-gibbs,xgb,0.5857769088143286,4,1.0,True
synthetic,0,250,4,raw+conditional,xgb,0.5790458358342638,4,1.0,True
synthetic,0,1000,0,raw,linear,0.5294479582083271,4,1.0,True
synthetic,0,1000,0,raw,xgb,0.6781668375427314,4,1.0,True
synthetic,0,1000,0,pca,linear,0.1859465180114881,4,1.0,True
synthetic,0,1000,0,pca,xgb,0.39799010507583055,4,1.0,True
synthetic,0,1000,0,spectral-marginal,linear,0.29812679469443903,4,1.0,True
synthetic,0,1000,0,spectral-marginal,xgb,0.5089646152241518,4,1.0,True
synthetic,0,1000,0,spectral-gibbs,linear,0.3335847106345231,4,1.0,True
synthetic,0,1000,0,spectral-gibbs,xgb,0.515472158047036,4,1.0,True
synthetic,0,1000,0,conditional,linear,0.6240808939536864,4,1.0,True
synthetic,0,1000,0,conditional,xgb,0.7036770377559098,4,1.0,True
synthetic,0,1000,0,raw+pca,xgb,0.6935701261080827,4,1.0,True
synthetic,0,1000,0,raw+spectral-gibbs,xgb,0.6940480757203618,4,1.0,True
synthetic,0,1000,0,raw+conditional,xgb,0.7063026814883111,4,1.0,True
synthetic,0,1000,1,raw,linear,0.5319278579860743,4,1.0,True
synthetic,0,1000,1,raw,xgb,0.6747028838280877,4,1.0,True
synthetic,0,1000,1,pca,linear,0.18469839451979364,4,1.0,True
synthetic,0,1000,1,pca,xgb,0.39393291101396144,4,1.0,True
synthetic,0,1000,1,spectral-marginal,linear,0.2967355306539121,4,1.0,True
synthetic,0,1000,1,spectral-marginal,xgb,0.4918658857084003,4,1.0,True
synthetic,0,1000,1,spectral-gibbs,linear,0.33242466687003036,4,1.0,True
synthetic,0,1000,1,spectral-gibbs,xgb,0.5366860679263339,4,1.0,True
synthetic,0,1000,1,conditional,linear,0.6242707265389545,4,1.0,True
synthetic,0,1000,1,conditional,xgb,0.6962669924412738,4,1.0,True
synthetic,0,1000,1,raw+pca,xgb,0.6879071557000134,4,1.0,True
synthetic,0,1000,1,raw+spectral-gibbs,xgb,0.6933610425163041,4,1.0,True
synthetic,0,1000,1,raw+conditional,xgb,0.704045317569964,4,1.0,True
synthetic,0,1000,2,raw,linear,0.5383902330825325,4,1.0,True
synthetic,0,1000,2,raw,xgb,0.6769132123384927,4,1.0,True
synthetic,0,1000,2,pca,linear,0.1846143588551339,4,1.0,True
synthetic,0,1000,2,pca,xgb,0.3883516417532228,4,1.0,True
synthetic,0,1000,2,spectral-marginal,linear,0.2974814800278057,4,1.0,True
synthetic,0,1000,2,spectral-marginal,xgb,0.46516302655964226,4,1.0,True
synthetic,0,1000,2,spectral-gibbs,linear,0.33314457620505467,4,1.0,True
synthetic,0,1000,2,spectral-gibbs,xgb,0.4986467388986985,4,1.0,True
synthetic,0,1000,2,conditional,linear,0.6228168254815771,4,1.0,True
synthetic,0,1000,2,conditional,xgb,0.6902941512018353,4,1.0,True
synthetic,0,1000,2,raw+pca,xgb,0.6782800064435128,4,1.0,True
synthetic,0,1000,2,raw+spectral-gibbs,xgb,0.683695610380339,4,1.0,True
synthetic,0,1000,2,raw+conditional,xgb,0.6914866544913825,4,1.0,True
synthetic,0,1000,3,raw,linear,0.5225691407272828,4,1.0,True
synthetic,0,1000,3,raw,xgb,0.6630381614046714,4,1.0,True
synthetic,0,1000,3,pca,linear,0.18458817522823834,4,1.0,True
synthetic,0,1000,3,pca,xgb,0.3464579574037291,4,1.0,True
synthetic,0,1000,3,spectral-marginal,linear,0.29885159242662884,4,1.0,True
synthetic,0,1000,3,spectral-marginal,xgb,0.4719767170902829,4,1.0,True
synthetic,0,1000,3,spectral-gibbs,linear,0.3347418560495439,4,1.0,True
synthetic,0,1000,3,spectral-gibbs,xgb,0.487085043349315,4,1.0,True
synthetic,0,1000,3,conditional,linear,0.6243840559685316,4,1.0,True
synthetic,0,1000,3,conditional,xgb,0.6969007605416593,4,1.0,True
synthetic,0,1000,3,raw+pca,xgb,0.6699725650775081,4,1.0,True
synthetic,0,1000,3,raw+spectral-gibbs,xgb,0.6743228415506648,4,1.0,True
synthetic,0,1000,3,raw+conditional,xgb,0.6910762743722018,4,1.0,True
synthetic,0,1000,4,raw,linear,0.5428844639475523,4,1.0,True
synthetic,0,1000,4,raw,xgb,0.6861836373021784,4,1.0,True
synthetic,0,1000,4,pca,linear,0.18893391435013296,4,1.0,True
synthetic,0,1000,4,pca,xgb,0.3856614109977572,4,1.0,True
synthetic,0,1000,4,spectral-marginal,linear,0.30072790138058647,4,1.0,True
synthetic,0,1000,4,spectral-marginal,xgb,0.49405324223751557,4,1.0,True
synthetic,0,1000,4,spectral-gibbs,linear,0.3358019459925149,4,1.0,True
synthetic,0,1000,4,spectral-gibbs,xgb,0.5181335706829127,4,1.0,True
synthetic,0,1000,4,conditional,linear,0.630331600921123,4,1.0,True
synthetic,0,1000,4,conditional,xgb,0.7131021019685797,4,1.0,True
synthetic,0,1000,4,raw+pca,xgb,0.6949585431184098,4,1.0,True
synthetic,0,1000,4,raw+spectral-gibbs,xgb,0.7001022028801414,4,1.0,True
synthetic,0,1000,4,raw+conditional,xgb,0.7115828762223257,4,1.0,True
synthetic,1,50,0,raw,linear,0.39412288670008033,4,1.0,True
synthetic,1,50,0,raw,xgb,0.3785596632605982,4,1.0,True
synthetic,1,50,0,pca,linear,0.30823083303228116,4,1.0,True
synthetic,1,50,0,pca,xgb,0.32345885761602977,4,1.0,True
synthetic,1,50,0,spectral-marginal,linear,0.300890730881621,4,1.0,True
synthetic,1,50,0,spectral-marginal,xgb,0.30372248513153666,4,1.0,True
synthetic,1,50,0,spectral-gibbs,linear,0.3114392839437612,4,1.0,True
synthetic,1,50,0,spectral-gibbs,xgb,0.29033667519298545,4,1.0,True
synthetic,1,50,0,conditional,linear,0.4711735310089563,4,1.0,True
synthetic,1,50,0,conditional,xgb,0.2848985919749374,4,1.0,True
synthetic,1,50,0,raw+pca,xgb,0.37238682935682466,4,1.0,True
synthetic,1,50,0,raw+spectral-gibbs,xgb,0.3417663497853033,4,1.0,True
synthetic,1,50,0,raw+conditional,xgb,0.38888905089328896,4,1.0,True
synthetic,1,50,1,raw,linear,0.14720049676978608,4,1.0,True
synthetic,1,50,1,raw,xgb,0.1606194543160988,4,1.0,True
synthetic,1,50,1,pca,linear,0.05311023059715603,4,1.0,True
synthetic,1,50,1,pca,xgb,0.05871821991033466,4,1.0,True
synthetic,1,50,1,spectral-marginal,linear,0.03466702372745989,4,1.0,True
synthetic,1,50,1,spectral-marginal,xgb,0.026499361087851114,4,1.0,True
synthetic,1,50,1,spectral-gibbs,linear,0.049297271250588914,4,1.0,True
synthetic,1,50,1,spectral-gibbs,xgb,0.08482740612178508,4,1.0,True
synthetic,1,50,1,conditional,linear,0.33619512160668297,4,1.0,True
synthetic,1,50,1,conditional,xgb,0.07301960543794683,4,1.0,True
synthetic,1,50,1,raw+pca,xgb,0.19556007278008303,4,1.0,True
synthetic,1,50,1,raw+spectral-gibbs,xgb,0.17777258223072212,4,1.0,True
synthetic,1,50,1,raw+conditional,xgb,0.17485357648596478,4,1.0,True
synthetic,1,50,2,raw,linear,0.3162050578855844,4,1.0,True
synthetic,1,50,2,raw,xgb,0.3046042025428447,4,1.0,True
synthetic,1,50,2,pca,linear,0.23071046164162545,4,1.0,True
synthetic,1,50,2,pca,xgb,0.23118478471973425,4,1.0,True
synthetic,1,50,2,spectral-marginal,linear,0.2287341767539267,4,1.0,True
synthetic,1,50,2,spectral-marginal,xgb,0.09234889240260435,4,1.0,True
synthetic,1,50,2,spectral-gibbs,linear,0.23286596394794257,4,1.0,True
synthetic,1,50,2,spectral-gibbs,xgb,0.15416755307570762,4,1.0,True
synthetic,1,50,2,conditional,linear,0.5726460844620544,4,1.0,True
synthetic,1,50,2,conditional,xgb,0.4327397457757325,4,1.0,True
synthetic,1,50,2,raw+pca,xgb,0.3411648304593661,4,1.0,True
synthetic,1,50,2,raw+spectral-gibbs,xgb,0.30290917953167285,4,1.0,True
synthetic,1,50,2,raw+conditional,xgb,0.4110266355275497,4,1.0,True
synthetic,1,50,3,raw,linear,0.4020522957173964,4,1.0,True
synthetic,1,50,3,raw,xgb,0.40031634000408467,4,1.0,True
synthetic,1,50,3,pca,linear,0.2781789750340392,4,1.0,True
synthetic,1,50,3,pca,xgb,0.10438123203729144,4,1.0,True
synthetic,1,50,3,spectral-marginal,linear,0.26217492818601096,4,1.0,True
synthetic,1,50,3,spectral-marginal,xgb,0.16133953129561585,4,1.0,True
synthetic,1,50,3,spectral-gibbs,linear,0.2645695725891999,4,1.0,True
synthetic,1,50,3,spectral-gibbs,xgb,0.18366161631938105,4,1.0,True
synthetic,1,50,3,conditional,linear,0.49509503313392855,4,1.0,True
synthetic,1,50,3,conditional,xgb,0.3907939618004862,4,1.0,True
synthetic,1,50,3,raw+pca,xgb,0.34273558111590063,4,1.0,True
synthetic,1,50,3,raw+spectral-gibbs,xgb,0.4220241090757063,4,1.0,True
synthetic,1,50,3,raw+conditional,xgb,0.37424386044664804,4,1.0,True
synthetic,1,50,4,raw,linear,0.3426256891310826,4,1.0,True
synthetic,1,50,4,raw,xgb,0.3455400337932152,4,1.0,True
synthetic,1,50,4,pca,linear,0.30654210372281054,4,1.0,True
synthetic,1,50,4,pca,xgb,0.304952281724294,4,1.0,True
synthetic,1,50,4,spectral-marginal,linear,0.29797533843037893,4,1.0,True
synthetic,1,50,4,spectral-marginal,xgb,0.251860378136205,4,1.0,True
synthetic,1,50,4,spectral-gibbs,linear,0.3027488040356022,4,1.0,True
synthetic,1,50,4,spectral-gibbs,xgb,0.2535299155412051,4,1.0,True
synthetic,1,50,4,conditional,linear,0.4772239717454101,4,1.0,True
synthetic,1,50,4,conditional,xgb,0.4215597995639615,4,1.0,True
synthetic,1,50,4,raw+pca,xgb,0.36304322714937465,4,1.0,True
synthetic,1,50,4,raw+spectral-gibbs,xgb,0.3710338403773642,4,1.0,True
synthetic,1,50,4,raw+conditional,xgb,0.3823679690855193,4,1.0,True
synthetic,1,100,0,raw,linear,0.435847312633461,4,1.0,True
synthetic,1,100,0,raw,xgb,0.4923307806086388,4,1.0,True
synthetic,1,100,0,pca,linear,0.19004625991700141,4,1.0,True
synthetic,1,100,0,pca,xgb,0.2556793587734635,4,1.0,True
synthetic,1,100,0,spectral-marginal,linear,0.17351124805265128,4,1.0,True
synthetic,1,100,0,spectral-marginal,xgb,0.12389285094290003,4,1.0,True
synthetic,1,100,0,spectral-gibbs,linear,0.19263330440244664,4,1.0,True
synthetic,1,100,0,spectral-gibbs,xgb,0.1614636434007073,4,1.0,True
synthetic,1,100,0,conditional,linear,0.5277585050467956,4,1.0,True
synthetic,1,100,0,conditional,xgb,0.4696977382769767,4,1.0,True
synthetic,1,100,0,raw+pca,xgb,0.504242097330239,4,1.0,True
synthetic,1,100,0,raw+spectral-gibbs,xgb,0.4949711464630475,4,1.0,True
synthetic,1,100,0,raw+conditional,xgb,0.518667735520882,4,1.0,True
synthetic,1,100,1,raw,linear,0.42242656543260637,4,1.0,True
synthetic,1,100,1,raw,xgb,0.4816032075908566,4,1.0,True
synthetic,1,100,1,pca,linear,0.279744790173869,4,1.0,True
synthetic,1,100,1,pca,xgb,0.3132329713514038,4,1.0,True
synthetic,1,100,1,spectral-marginal,linear,0.26819161553961357,4,1.0,True
synthetic,1,100,1,spectral-marginal,xgb,0.321542211624087,4,1.0,True
synthetic,1,100,1,spectral-gibbs,linear,0.2748288707184018,4,1.0,True
synthetic,1,100,1,spectral-gibbs,xgb,0.31538074348675005,4,1.0,True
synthetic,1,100,1,conditional,linear,0.550270705810442,4,1.0,True
synthetic,1,100,1,conditional,xgb,0.4798682370496212,4,1.0,True
synthetic,1,100,1,raw+pca,xgb,0.49611075749690514,4,1.0,True
synthetic,1,100,1,raw+spectral-gibbs,xgb,0.4838278630102788,4,1.0,True
synthetic,1,100,1,raw+conditional,xgb,0.507049302439238,4,1.0,True
synthetic,1,100,2,raw,linear,0.44285431453004676,4,1.0,True
synthetic,1,100,2,raw,xgb,0.4696921301315896,4,1.0,True
synthetic,1,100,2,pca,linear,0.25359620922883275,4,1.0,True
synthetic,1,100,2,pca,xgb,0.35116398186796693,4,1.0,True
synthetic,1,100,2,spectral-marginal,linear,0.24868935962322025,4,1.0,True
synthetic,1,100,2,spectral-marginal,xgb,0.28449929585609346,4,1.0,True
synthetic,1,100,2,spectral-gibbs,linear,0.25553390113176755,4,1.0,True
synthetic,1,100,2,spectral-gibbs,xgb,0.2629407298364086,4,1.0,True
synthetic,1,100,2,conditional,linear,0.5353994834217422,4,1.0,True
synthetic,1,100,2,conditional,xgb,0.49359503475374034,4,1.0,True
synthetic,1,100,2,raw+pca,xgb,0.4908619297799611,4,1.0,True
synthetic,1,100,2,raw+spectral-gibbs,xgb,0.481457858844785,4,1.0,True
synthetic,1,100,2,raw+conditional,xgb,0.5011549537539062,4,1.0,True
synthetic,1,100,3,raw,linear,0.46251764564648434,4,1.0,True
synthetic,1,100,3,raw,xgb,0.483723638027188,4,1.0,True
synthetic,1,100,3,pca,linear,0.2981491694524968,4,1.0,True
synthetic,1,100,3,pca,xgb,0.3004840074468236,4,1.0,True
synthetic,1,100,3,spectral-marginal,linear,0.29458760502196446,4,1.0,True
synthetic,1,100,3,spectral-marginal,xgb,0.28080429891410474,4,1.0,True
synthetic,1,100,3,spectral-gibbs,linear,0.3010271737212832,4,1.0,True
synthetic,1,100,3,spectral-gibbs,xgb,0.2876762166881528,4,1.0,True
synthetic,1,100,3,conditional,linear,0.5712526287673272,4,1.0,True
synthetic,1,100,3,conditional,xgb,0.552290437584638,4,1.0,True
synthetic,1,100,3,raw+pca,xgb,0.4937372882970258,4,1.0,True
synthetic,1,100,3,raw+spectral-gibbs,xgb,0.5013217665079139,4,1.0,True
synthetic,1,100,3,raw+conditional,xgb,0.522837028897065,4,1.0,True
synthetic,1,100,4,raw,linear,0.3685408546091332,4,1.0,True
synthetic,1,100,4,raw,xgb,0.46137959154581276,4,1.0,True
synthetic,1,100,4,pca,linear,0.27388624459591526,4,1.0,True
synthetic,1,100,4,pca,xgb,0.33769517885148337,4,1.0,True
synthetic,1,100,4,spectral-marginal,linear,0.26757441175334284,4,1.0,True
synthetic,1,100,4,spectral-marginal,xgb,0.3431611821704472,4,1.0,True
synthetic,1,100,4,spectral-gibbs,linear,0.2745706631404262,4,1.0,True
synthetic,1,100,4,spectral-gibbs,xgb,0.31566184587251933,4,1.0,True
synthetic,1,100,4,conditional,linear,0.55039377798854,4,1.0,True
synthetic,1,100,4,conditional,xgb,0.5232970574857263,4,1.0,True
synthetic,1,100,4,raw+pca,xgb,0.4482031547173704,4,1.0,True
synthetic,1,100,4,raw+spectral-gibbs,xgb,0.46166002791766003,4,1.0,True
synthetic,1,100,4,raw+conditional,xgb,0.5002214998837575,4,1.0,True
synthetic,1,250,0,raw,linear,0.5222518102638569,4,1.0,True
synthetic,1,250,0,raw,xgb,0.6292752785389063,4,1.0,True
synthetic,1,250,0,pca,linear,0.30711686426390516,4,1.0,True
synthetic,1,250,0,pca,xgb,0.35602324387851836,4,1.0,True
synthetic,1,250,0,spectral-marginal,linear,0.297692817006038,4,1.0,True
synthetic,1,250,0,spectral-marginal,xgb,0.3757581108771477,4,1.0,True
synthetic,1,250,0,spectral-gibbs,linear,0.3021578219214368,4,1.0,True
synthetic,1,250,0,spectral-gibbs,xgb,0.3417341171136873,4,1.0,True
synthetic,1,250,0,conditional,linear,0.6149951363376773,4,1.0,True
synthetic,1,250,0,conditional,xgb,0.6673576623408286,4,1.0,True
synthetic,1,250,0,raw+pca,xgb,0.6333509388186203,4,1.0,True
synthetic,1,250,0,raw+spectral-gibbs,xgb,0.6310812683470697,4,1.0,True
synthetic,1,250,0,raw+conditional,xgb,0.6764182704106757,4,1.0,True
synthetic,1,250,1,raw,linear,0.5003527317971597,4,1.0,True
synthetic,1,250,1,raw,xgb,0.6120213328485209,4,1.0,True
synthetic,1,250,1,pca,linear,0.31304815257838225,4,1.0,True
synthetic,1,250,1,pca,xgb,0.38520975504211696,4,1.0,True
synthetic,1,250,1,spectral-marginal,linear,0.30912722824382,4,1.0,True
synthetic,1,250,1,spectral-marginal,xgb,0.3698240474127831,4,1.0,True
synthetic,1,250,1,spectral-gibbs,linear,0.3156065303355301,4,1.0,True
synthetic,1,250,1,spectral-gibbs,xgb,0.40410882506649115,4,1.0,True
synthetic,1,250,1,conditional,linear,0.6098078229812849,4,1.0,True
synthetic,1,250,1,conditional,xgb,0.6382700168620397,4,1.0,True
synthetic,1,250,1,raw+pca,xgb,0.6027368127830026,4,1.0,True
synthetic,1,250,1,raw+spectral-gibbs,xgb,0.617974304541255,4,1.0,True
synthetic,1,250,1,raw+conditional,xgb,0.6410909352864491,4,1.0,True
synthetic,1,250,2,raw,linear,0.5226369631406016,4,1.0,True
synthetic,1,250,2,raw,xgb,0.6046334017946571,4,1.0,True
synthetic,1,250,2,pca,linear,0.29690826134843074,4,1.0,True
synthetic,1,250,2,pca,xgb,0.3830388376831799,4,1.0,True
synthetic,1,250,2,spectral-marginal,linear,0.29030606938365633,4,1.0,True
synthetic,1,250,2,spectral-marginal,xgb,0.385201597026801,4,1.0,True
synthetic,1,250,2,spectral-gibbs,linear,0.29570516548985126,4,1.0,True
synthetic,1,250,2,spectral-gibbs,xgb,0.38950184862282333,4,1.0,True
synthetic,1,250,2,conditional,linear,0.6266958408949106,4,1.0,True
synthetic,1,250,2,conditional,xgb,0.6520579024394725,4,1.0,True
synthetic,1,250,2,raw+pca,xgb,0.5947931734912082,4,1.0,True
synthetic,1,250,2,raw+spectral-gibbs,xgb,0.6106134367335346,4,1.0,True
synthetic,1,250,2,raw+conditional,xgb,0.6457134423944734,4,1.0,True
synthetic,1,250,3,raw,linear,0.4961607882515229,4,1.0,True
synthetic,1,250,3,raw,xgb,0.5661670925436328,4,1.0,True
synthetic,1,250,3,pca,linear,0.3048913310242667,4,1.0,True
synthetic,1,250,3,pca,xgb,0.4013995145471527,4,1.0,True
synthetic,1,250,3,spectral-marginal,linear,0.29931457523438,4,1.0,True
synthetic,1,250,3,spectral-marginal,xgb,0.4318542829896419,4,1.0,True
synthetic,1,250,3,spectral-gibbs,linear,0.307564431285521,4,1.0,True
synthetic,1,250,3,spectral-gibbs,xgb,0.4046533710714423,4,1.0,True
synthetic,1,250,3,conditional,linear,0.58949188622417,4,1.0,True
synthetic,1,250,3,conditional,xgb,0.594923013733423,4,1.0,True
synthetic,1,250,3,raw+pca,xgb,0.573385592883978,4,1.0,True
synthetic,1,250,3,raw+spectral-gibbs,xgb,0.579902987214802,4,1.0,True
synthetic,1,250,3,raw+conditional,xgb,0.6069918806005683,4,1.0,True
synthetic,1,250,4,raw,linear,0.5210030778003056,4,1.0,True
synthetic,1,250,4,raw,xgb,0.5824353694822824,4,1.0,True
synthetic,1,250,4,pca,linear,0.3088532265539383,4,1.0,True
synthetic,1,250,4,pca,xgb,0.3942602108890376,4,1.0,True
synthetic,1,250,4,spectral-marginal,linear,0.30412243180779597,4,1.0,True
synthetic,1,250,4,spectral-marginal,xgb,0.3766282020577678,4,1.0,True
synthetic,1,250,4,spectral-gibbs,linear,0.3093588626831736,4,1.0,True
synthetic,1,250,4,spectral-gibbs,xgb,0.38023215235710484,4,1.0,True
synthetic,1,250,4,conditional,linear,0.5982503048407105,4,1.0,True
synthetic,1,250,4,conditional,xgb,0.6058201288645433,4,1.0,True
synthetic,1,250,4,raw+pca,xgb,0.5858091775219092,4,1.0,True
synthetic,1,250,4,raw+spectral-gibbs,xgb,0.597718499139455,4,1.0,True
synthetic,1,250,4,raw+conditional,xgb,0.6303736793963248,4,1.0,True
synthetic,1,1000,0,raw,linear,0.5382929439639762,4,1.0,True
synthetic,1,1000,0,raw,xgb,0.6927652154807886,4,1.0,True
synthetic,1,1000,0,pca,linear,0.30872340007419896,4,1.0,True
synthetic,1,1000,0,pca,xgb,0.45835320482008335,4,1.0,True
synthetic,1,1000,0,spectral-marginal,linear,0.30387608329547666,4,1.0,True
synthetic,1,1000,0,spectral-marginal,xgb,0.45152660298532277,4,1.0,True
synthetic,1,1000,0,spectral-gibbs,linear,0.31045102960483273,4,1.0,True
synthetic,1,1000,0,spectral-gibbs,xgb,0.4635156947072179,4,1.0,True
synthetic,1,1000,0,conditional,linear,0.6341003413661257,4,1.0,True
synthetic,1,1000,0,conditional,xgb,0.7111945583015363,4,1.0,True
synthetic,1,1000,0,raw+pca,xgb,0.7043983762986323,4,1.0,True
synthetic,1,1000,0,raw+spectral-gibbs,xgb,0.7053621569289883,4,1.0,True
synthetic,1,1000,0,raw+conditional,xgb,0.7334178937747486,4,1.0,True
synthetic,1,1000,1,raw,linear,0.5339116038363791,4,1.0,True
synthetic,1,1000,1,raw,xgb,0.7041256353171286,4,1.0,True
synthetic,1,1000,1,pca,linear,0.2935297869021988,4,1.0,True
synthetic,1,1000,1,pca,xgb,0.43316699471238174,4,1.0,True
synthetic,1,1000,1,spectral-marginal,linear,0.28654214853810545,4,1.0,True
synthetic,1,1000,1,spectral-marginal,xgb,0.41968280871657937,4,1.0,True
synthetic,1,1000,1,spectral-gibbs,linear,0.2937132479864776,4,1.0,True
synthetic,1,1000,1,spectral-gibbs,xgb,0.41984047884530995,4,1.0,True
synthetic,1,1000,1,conditional,linear,0.6368196285418213,4,1.0,True
synthetic,1,1000,1,conditional,xgb,0.72936584083267,4,1.0,True
synthetic,1,1000,1,raw+pca,xgb,0.7140496889730168,4,1.0,True
synthetic,1,1000,1,raw+spectral-gibbs,xgb,0.7172065113551329,4,1.0,True
synthetic,1,1000,1,raw+conditional,xgb,0.7391981310767501,4,1.0,True
synthetic,1,1000,2,raw,linear,0.5500661428644613,4,1.0,True
synthetic,1,1000,2,raw,xgb,0.7150799830328913,4,1.0,True
synthetic,1,1000,2,pca,linear,0.3134165834649617,4,1.0,True
synthetic,1,1000,2,pca,xgb,0.47798463770130306,4,1.0,True
synthetic,1,1000,2,spectral-marginal,linear,0.3083426390708113,4,1.0,True
synthetic,1,1000,2,spectral-marginal,xgb,0.4586113496808605,4,1.0,True
synthetic,1,1000,2,spectral-gibbs,linear,0.3146057341236512,4,1.0,True
synthetic,1,1000,2,spectral-gibbs,xgb,0.4648604436096315,4,1.0,True
synthetic,1,1000,2,conditional,linear,0.6456264057927692,4,1.0,True
synthetic,1,1000,2,conditional,xgb,0.7385647308892169,4,1.0,True
synthetic,1,1000,2,raw+pca,xgb,0.7206629446584913,4,1.0,True
synthetic,1,1000,2,raw+spectral-gibbs,xgb,0.7213515272743642,4,1.0,True
synthetic,1,1000,2,raw+conditional,xgb,0.7400094460070702,4,1.0,True
synthetic,1,1000,3,raw,linear,0.5503708041139637,4,1.0,True
synthetic,1,1000,3,raw,xgb,0.714335274162454,4,1.0,True
synthetic,1,1000,3,pca,linear,0.3166620057220141,4,1.0,True
synthetic,1,1000,3,pca,xgb,0.45631791819713996,4,1.0,True
synthetic,1,1000,3,spectral-marginal,linear,0.3112507972211236,4,1.0,True
synthetic,1,1000,3,spectral-marginal,xgb,0.45614236922954443,4,1.0,True
synthetic,1,1000,3,spectral-gibbs,linear,0.3175441704415979,4,1.0,True
synthetic,1,1000,3,spectral-gibbs,xgb,0.4465834795082887,4,1.0,True
synthetic,1,1000,3,conditional,linear,0.6419520988628932,4,1.0,True
synthetic,1,1000,3,conditional,xgb,0.7344894372384225,4,1.0,True
synthetic,1,1000,3,raw+pca,xgb,0.7177109491367988,4,1.0,True
synthetic,1,1000,3,raw+spectral-gibbs,xgb,0.7239216044299297,4,1.0,True
synthetic,1,1000,3,raw+conditional,xgb,0.7474532937892095,4,1.0,True
synthetic,1,1000,4,raw,linear,0.5299466056311168,4,1.0,True
synthetic,1,1000,4,raw,xgb,0.6892041377163298,4,1.0,True
synthetic,1,1000,4,pca,linear,0.30770717549081117,4,1.0,True
synthetic,1,1000,4,pca,xgb,0.4623447777801232,4,1.0,True
synthetic,1,1000,4,spectral-marginal,linear,0.30247333419890077,4,1.0,True
synthetic,1,1000,4,spectral-marginal,xgb,0.45594996722576997,4,1.0,True
synthetic,1,1000,4,spectral-gibbs,linear,0.30845411660343836,4,1.0,True
synthetic,1,1000,4,spectral-gibbs,xgb,0.4533258768343995,4,1.0,True
synthetic,1,1000,4,conditional,linear,0.6378036559047513,4,1.0,True
synthetic,1,1000,4,conditional,xgb,0.7198366263290015,4,1.0,True
synthetic,1,1000,4,raw+pca,xgb,0.6877467702716126,4,1.0,True
synthetic,1,1000,4,raw+spectral-gibbs,xgb,0.7007908395206205,4,1.0,True
synthetic,1,1000,4,raw+conditional,xgb,0.7252252277407684,4,1.0,True
synthetic,2,50,0,raw,linear,0.39952477882085813,4,1.0,True
synthetic,2,50,0,raw,xgb,0.3781133982354621,4,1.0,True
synthetic,2,50,0,pca,linear,0.28702775267554825,4,1.0,True
synthetic,2,50,0,pca,xgb,0.4002208924289732,4,1.0,True
synthetic,2,50,0,spectral-marginal,linear,0.316734652303559,4,1.0,True
synthetic,2,50,0,spectral-marginal,xgb,0.42380501652302593,4,1.0,True
synthetic,2,50,0,spectral-gibbs,linear,0.32751861172864116,4,1.0,True
synthetic,2,50,0,spectral-gibbs,xgb,0.30142108640637044,4,1.0,True
synthetic,2,50,0,conditional,linear,0.4287373212377701,4,1.0,True
synthetic,2,50,0,conditional,xgb,0.32421612140206146,4,1.0,True
synthetic,2,50,0,raw+pca,xgb,0.3046435120480747,4,1.0,True
synthetic,2,50,0,raw+spectral-gibbs,xgb,0.35526396909015157,4,1.0,True
synthetic,2,50,0,raw+conditional,xgb,0.34109942308898966,4,1.0,True
synthetic,2,50,1,raw,linear,0.19686309460248752,4,1.0,True
synthetic,2,50,1,raw,xgb,0.3255041428705344,4,1.0,True
synthetic,2,50,1,pca,linear,0.23547549628033204,4,1.0,True
synthetic,2,50,1,pca,xgb,0.11188605132279905,4,1.0,True
synthetic,2,50,1,spectral-marginal,linear,0.22508916272768964,4,1.0,True
synthetic,2,50,1,spectral-marginal,xgb,0.21658438172175554,4,1.0,True
synthetic,2,50,1,spectral-gibbs,linear,0.26062037386789794,4,1.0,True
synthetic,2,50,1,spectral-gibbs,xgb,0.19605813821739193,4,1.0,True
synthetic,2,50,1,conditional,linear,0.044126875925380116,4,1.0,True
synthetic,2,50,1,conditional,xgb,0.33773970292919,4,1.0,True
synthetic,2,50,1,raw+pca,xgb,0.3161477991711744,4,1.0,True
synthetic,2,50,1,raw+spectral-gibbs,xgb,0.34495413829641364,4,1.0,True
synthetic,2,50,1,raw+conditional,xgb,0.32698974015296034,4,1.0,True
synthetic,2,50,2,raw,linear,0.327829690421097,4,1.0,True
synthetic,2,50,2,raw,xgb,0.3439528760857288,4,1.0,True
synthetic,2,50,2,pca,linear,0.3034252301703323,4,1.0,True
synthetic,2,50,2,pca,xgb,0.27781575771632006,4,1.0,True
synthetic,2,50,2,spectral-marginal,linear,0.3221042461311263,4,1.0,True
synthetic,2,50,2,spectral-marginal,xgb,0.4076281868377969,4,1.0,True
synthetic,2,50,2,spectral-gibbs,linear,0.3272651666429175,4,1.0,True
synthetic,2,50,2,spectral-gibbs,xgb,0.38794449124604014,4,1.0,True
synthetic,2,50,2,conditional,linear,0.49872759734672967,4,1.0,True
synthetic,2,50,2,conditional,xgb,0.4382254764445983,4,1.0,True
synthetic,2,50,2,raw+pca,xgb,0.3624881049525456,4,1.0,True
synthetic,2,50,2,raw+spectral-gibbs,xgb,0.36674923382511604,4,1.0,True
synthetic,2,50,2,raw+conditional,xgb,0.40995117068719145,4,1.0,True
synthetic,2,50,3,raw,linear,0.39361174685536104,4,1.0,True
synthetic,2,50,3,raw,xgb,0.3727830670476794,4,1.0,True
synthetic,2,50,3,pca,linear,0.28320892920676066,4,1.0,True
synthetic,2,50,3,pca,xgb,0.3572275789359911,4,1.0,True
synthetic,2,50,3,spectral-marginal,linear,0.30333002275844834,4,1.0,True
synthetic,2,50,3,spectral-marginal,xgb,0.3376616243062538,4,1.0,True
synthetic,2,50,3,spectral-gibbs,linear,0.3204079632455049,4,1.0,True
synthetic,2,50,3,spectral-gibbs,xgb,0.301499689698838,4,1.0,True
synthetic,2,50,3,conditional,linear,0.4768397909348152,4,1.0,True
synthetic,2,50,3,conditional,xgb,0.3933576684825053,4,1.0,True
synthetic,2,50,3,raw+pca,xgb,0.41605553329569567,4,1.0,True
synthetic,2,50,3,raw+spectral-gibbs,xgb,0.4124553520470817,4,1.0,True
synthetic,2,50,3,raw+conditional,xgb,0.42059530368117726,4,1.0,True
synthetic,2,50,4,raw,linear,0.3173276740390505,4,1.0,True
synthetic,2,50,4,raw,xgb,0.3924404551626538,4,1.0,True
synthetic,2,50,4,pca,linear,0.219999816350529,4,1.0,True
synthetic,2,50,4,pca,xgb,0.27660217028855993,4,1.0,True
synthetic,2,50,4,spectral-marginal,linear,0.2367438409019348,4,1.0,True
synthetic,2,50,4,spectral-marginal,xgb,0.29546014841825896,4,1.0,True
synthetic,2,50,4,spectral-gibbs,linear,0.24523579104190385,4,1.0,True
synthetic,2,50,4,spectral-gibbs,xgb,0.21198495785983273,4,1.0,True
synthetic,2,50,4,conditional,linear,0.39171864825846336,4,1.0,True
synthetic,2,50,4,conditional,xgb,0.37365983527795277,4,1.0,True
synthetic,2,50,4,raw+pca,xgb,0.43427365297440035,4,1.0,True
synthetic,2,50,4,raw+spectral-gibbs,xgb,0.44093507213316585,4,1.0,True
synthetic,2,50,4,raw+conditional,xgb,0.3999102936266091,4,1.0,True
synthetic,2,100,0,raw,linear,0.3796266824808904,4,1.0,True
synthetic,2,100,0,raw,xgb,0.45432209315227956,4,1.0,True
synthetic,2,100,0,pca,linear,0.2687762356270911,4,1.0,True
synthetic,2,100,0,pca,xgb,0.3952922098215861,4,1.0,True
synthetic,2,100,0,spectral-marginal,linear,0.2942994539541999,4,1.0,True
synthetic,2,100,0,spectral-marginal,xgb,0.4027490655417416,4,1.0,True
synthetic,2,100,0,spectral-gibbs,linear,0.316302597835332,4,1.0,True
synthetic,2,100,0,spectral-gibbs,xgb,0.4226413011256812,4,1.0,True
synthetic,2,100,0,conditional,linear,0.4436168040253665,4,1.0,True
synthetic,2,100,0,conditional,xgb,0.4908081802732672,4,1.0,True
synthetic,2,100,0,raw+pca,xgb,0.5189958236544776,4,1.0,True
synthetic,2,100,0,raw+spectral-gibbs,xgb,0.491373101546992,4,1.0,True
synthetic,2,100,0,raw+conditional,xgb,0.5066706691653204,4,1.0,True
synthetic,2,100,1,raw,linear,0.3303790525418837,4,1.0,True
synthetic,2,100,1,raw,xgb,0.4511621301510367,4,1.0,True
synthetic,2,100,1,pca,linear,0.17942079465510175,4,1.0,True
synthetic,2,100,1,pca,xgb,0.3750290464939563,4,1.0,True
synthetic,2,100,1,spectral-marginal,linear,0.1954855818886233,4,1.0,True
synthetic,2,100,1,spectral-marginal,xgb,0.401633725614317,4,1.0,True
synthetic,2,100,1,spectral-gibbs,linear,0.21468089736706808,4,1.0,True
synthetic,2,100,1,spectral-gibbs,xgb,0.41534928180666275,4,1.0,True
synthetic,2,100,1,conditional,linear,0.5137571296671495,4,1.0,True
synthetic,2,100,1,conditional,xgb,0.4355717931312515,4,1.0,True
synthetic,2,100,1,raw+pca,xgb,0.4950428087080292,4,1.0,True
synthetic,2,100,1,raw+spectral-gibbs,xgb,0.4994310546177678,4,1.0,True
synthetic,2,100,1,raw+conditional,xgb,0.47670440055554386,4,1.0,True
synthetic,2,100,2,raw,linear,0.4121516415590937,4,1.0,True
synthetic,2,100,2,raw,xgb,0.5187208409067121,4,1.0,True
synthetic,2,100,2,pca,linear,0.3436792324837942,4,1.0,True
synthetic,2,100,2,pca,xgb,0.48130434606554595,4,1.0,True
synthetic,2,100,2,spectral-marginal,linear,0.35057432882889517,4,1.0,True
synthetic,2,100,2,spectral-marginal,xgb,0.4662705096111983,4,1.0,True
synthetic,2,100,2,spectral-gibbs,linear,0.3628361131411857,4,1.0,True
synthetic,2,100,2,spectral-gibbs,xgb,0.48943675415362775,4,1.0,True
synthetic,2,100,2,conditional,linear,0.5247246822344218,4,1.0,True
synthetic,2,100,2,conditional,xgb,0.5421414830155246,4,1.0,True
synthetic,2,100,2,raw+pca,xgb,0.5507107744560433,4,1.0,True
synthetic,2,100,2,raw+spectral-gibbs,xgb,0.5535943360283915,4,1.0,True
synthetic,2,100,2,raw+conditional,xgb,0.5359275189795294,4,1.0,True
synthetic,2,100,3,raw,linear,0.48942790078614196,4,1.0,True
synthetic,2,100,3,raw,xgb,0.502839438900593,4,1.0,True
synthetic,2,100,3,pca,linear,0.35955774491479253,4,1.0,True
synthetic,2,100,3,pca,xgb,0.3927633844407016,4,1.0,True
synthetic,2,100,3,spectral-marginal,linear,0.37205554253978457,4,1.0,True
synthetic,2,100,3,spectral-marginal,xgb,0.42321501777607073,4,1.0,True
synthetic,2,100,3,spectral-gibbs,linear,0.38732032494624147,4,1.0,True
synthetic,2,100,3,spectral-gibbs,xgb,0.42036163985634056,4,1.0,True
synthetic,2,100,3,conditional,linear,0.5891685932740289,4,1.0,True
synthetic,2,100,3,conditional,xgb,0.5775327100140716,4,1.0,True
synthetic,2,100,3,raw+pca,xgb,0.5442962438897502,4,1.0,True
synthetic,2,100,3,raw+spectral-gibbs,xgb,0.5749757506372204,4,1.0,True
synthetic,2,100,3,raw+conditional,xgb,0.5597767787844092,4,1.0,True
synthetic,2,100,4,raw,linear,0.4348046787613682,4,1.0,True
synthetic,2,100,4,raw,xgb,0.502945585874959,4,1.0,True
synthetic,2,100,4,pca,linear,0.33355296972985793,4,1.0,True
synthetic,2,100,4,pca,xgb,0.4343218603111666,4,1.0,True
synthetic,2,100,4,spectral-marginal,linear,0.34411766403021893,4,1.0,True
synthetic,2,100,4,spectral-marginal,xgb,0.44154224354913396,4,1.0,True
synthetic,2,100,4,spectral-gibbs,linear,0.3648827061759914,4,1.0,True
synthetic,2,100,4,spectral-gibbs,xgb,0.4789705583228119,4,1.0,True
synthetic,2,100,4,conditional,linear,0.564521235538131,4,1.0,True
synthetic,2,100,4,conditional,xgb,0.5160884080661372,4,1.0,True
synthetic,2,100,4,raw+pca,xgb,0.5365639070670256,4,1.0,True
synthetic,2,100,4,raw+spectral-gibbs,xgb,0.5435288037546512,4,1.0,True
synthetic,2,100,4,raw+conditional,xgb,0.5159999743571315,4,1.0,True
synthetic,2,250,0,raw,linear,0.48256829471910356,4,1.0,True
synthetic,2,250,0,raw,xgb,0.6431094509096373,4,1.0,True
synthetic,2,250,0,pca,linear,0.36513296454521726,4,1.0,True
synthetic,2,250,0,pca,xgb,0.5235877253049335,4,1.0,True
synthetic,2,250,0,spectral-marginal,linear,0.380925704298687,4,1.0,True
synthetic,2,250,0,spectral-marginal,xgb,0.5399652047992505,4,1.0,True
synthetic,2,250,0,spectral-gibbs,linear,0.3958445001468194,4,1.0,True
synthetic,2,250,0,spectral-gibbs,xgb,0.5547992065304697,4,1.0,True
synthetic,2,250,0,conditional,linear,0.6094017394699788,4,1.0,True
synthetic,2,250,0,conditional,xgb,0.661665692217807,4,1.0,True
synthetic,2,250,0,raw+pca,xgb,0.6632112608730008,4,1.0,True
synthetic,2,250,0,raw+spectral-gibbs,xgb,0.6605230278266165,4,1.0,True
synthetic,2,250,0,raw+conditional,xgb,0.6597739624400978,4,1.0,True
synthetic,2,250,1,raw,linear,0.47458671182995815,4,1.0,True
synthetic,2,250,1,raw,xgb,0.6333507775409847,4,1.0,True
synthetic,2,250,1,pca,linear,0.3249767237555494,4,1.0,True
synthetic,2,250,1,pca,xgb,0.4888129742749969,4,1.0,True
synthetic,2,250,1,spectral-marginal,linear,0.34383185797573024,4,1.0,True
synthetic,2,250,1,spectral-marginal,xgb,0.5022330287335237,4,1.0,True
synthetic,2,250,1,spectral-gibbs,linear,0.3610248041238203,4,1.0,True
synthetic,2,250,1,spectral-gibbs,xgb,0.5090728105011709,4,1.0,True
synthetic,2,250,1,conditional,linear,0.6050226829456726,4,1.0,True
synthetic,2,250,1,conditional,xgb,0.6379613952388141,4,1.0,True
synthetic,2,250,1,raw+pca,xgb,0.6607716922450148,4,1.0,True
synthetic,2,250,1,raw+spectral-gibbs,xgb,0.6572217179809792,4,1.0,True
synthetic,2,250,1,raw+conditional,xgb,0.6538377939308999,4,1.0,True
synthetic,2,250,2,raw,linear,0.5078928793513608,4,1.0,True
synthetic,2,250,2,raw,xgb,0.6042581657865567,4,1.0,True
synthetic,2,250,2,pca,linear,0.35528588891848767,4,1.0,True
synthetic,2,250,2,pca,xgb,0.49096758677547336,4,1.0,True
synthetic,2,250,2,spectral-marginal,linear,0.3710876777539599,4,1.0,True
synthetic,2,250,2,spectral-marginal,xgb,0.5274089231670214,4,1.0,True
synthetic,2,250,2,spectral-gibbs,linear,0.3853771872702826,4,1.0,True
synthetic,2,250,2,spectral-gibbs,xgb,0.539629174195521,4,1.0,True
synthetic,2,250,2,conditional,linear,0.6114351790598672,4,1.0,True
synthetic,2,250,2,conditional,xgb,0.6737220227595275,4,1.0,True
synthetic,2,250,2,raw+pca,xgb,0.6429122554242084,4,1.0,True
synthetic,2,250,2,raw+spectral-gibbs,xgb,0.6489524498558502,4,1.0,True
synthetic,2,250,2,raw+conditional,xgb,0.6526102166241259,4,1.0,True
synthetic,2,250,3,raw,linear,0.4981425462113044,4,1.0,True
synthetic,2,250,3,raw,xgb,0.6341113329671825,4,1.0,True
synthetic,2,250,3,pca,linear,0.3604268970332266,4,1.0,True
synthetic,2,250,3,pca,xgb,0.501258069902228,4,1.0,True
synthetic,2,250,3,spectral-marginal,linear,0.37569421772877687,4,1.0,True
synthetic,2,250,3,spectral-marginal,xgb,0.514810806411008,4,1.0,True
synthetic,2,250,3,spectral-gibbs,linear,0.39065204139050513,4,1.0,True
synthetic,2,250,3,spectral-gibbs,xgb,0.5494910953592671,4,1.0,True
synthetic,2,250,3,conditional,linear,0.5988662931224691,4,1.0,True
synthetic,2,250,3,conditional,xgb,0.6351284601565907,4,1.0,True
synthetic,2,250,3,raw+pca,xgb,0.6507965322163665,4,1.0,True
synthetic,2,250,3,raw+spectral-gibbs,xgb,0.6531274677088383,4,1.0,True
synthetic,2,250,3,raw+conditional,xgb,0.6470740422073362,4,1.0,True
synthetic,2,250,4,raw,linear,0.4898209105140604,4,1.0,True
synthetic,2,250,4,raw,xgb,0.6121481472394464,4,1.0,True
synthetic,2,250,4,pca,linear,0.3188905746325742,4,1.0,True
synthetic,2,250,4,pca,xgb,0.5058710446787702,4,1.0,True
synthetic,2,250,4,spectral-marginal,linear,0.340277141846108,4,1.0,True
synthetic,2,250,4,spectral-marginal,xgb,0.5010399860304483,4,1.0,True
synthetic,2,250,4,spectral-gibbs,linear,0.3546705225308515,4,1.0,True
synthetic,2,250,4,spectral-gibbs,xgb,0.5289412463281367,4,1.0,True
synthetic,2,250,4,conditional,linear,0.6061044241069828,4,1.0,True
synthetic,2,250,4,conditional,xgb,0.6683080432253963,4,1.0,True
synthetic,2,250,4,raw+pca,xgb,0.6641914363568165,4,1.0,True
synthetic,2,250,4,raw+spectral-gibbs,xgb,0.6530745337978793,4,1.0,True
synthetic,2,250,4,raw+conditional,xgb,0.6769446586627219,4,1.0,True
synthetic,2,1000,0,raw,linear,0.5477024910831316,4,1.0,True
synthetic,2,1000,0,raw,xgb,0.7292145747245093,4,1.0,True
synthetic,2,1000,0,pca,linear,0.3669332733542008,4,1.0,True
synthetic,2,1000,0,pca,xgb,0.5754541408117237,4,1.0,True
synthetic,2,1000,0,spectral-marginal,linear,0.38198589688849893,4,1.0,True
synthetic,2,1000,0,spectral-marginal,xgb,0.570888568178449,4,1.0,True
synthetic,2,1000,0,spectral-gibbs,linear,0.39704583442580443,4,1.0,True
synthetic,2,1000,0,spectral-gibbs,xgb,0.5915015635106609,4,1.0,True
synthetic,2,1000,0,conditional,linear,0.6423425246273323,4,1.0,True
synthetic,2,1000,0,conditional,xgb,0.7623698072676275,4,1.0,True
synthetic,2,1000,0,raw+pca,xgb,0.7565800976970531,4,1.0,True
synthetic,2,1000,0,raw+spectral-gibbs,xgb,0.7491696701311275,4,1.0,True
synthetic,2,1000,0,raw+conditional,xgb,0.7749331261024415,4,1.0,True
synthetic,2,1000,1,raw,linear,0.5373026762832287,4,1.0,True
synthetic,2,1000,1,raw,xgb,0.7343675176178778,4,1.0,True
synthetic,2,1000,1,pca,linear,0.3681258657831511,4,1.0,True
synthetic,2,1000,1,pca,xgb,0.5787312160826493,4,1.0,True
synthetic,2,1000,1,spectral-marginal,linear,0.38349675581508824,4,1.0,True
synthetic,2,1000,1,spectral-marginal,xgb,0.5754900410780641,4,1.0,True
synthetic,2,1000,1,spectral-gibbs,linear,0.3984187670703532,4,1.0,True
synthetic,2,1000,1,spectral-gibbs,xgb,0.6029974204959964,4,1.0,True
synthetic,2,1000,1,conditional,linear,0.6391758604809059,4,1.0,True
synthetic,2,1000,1,conditional,xgb,0.7576612633906442,4,1.0,True
synthetic,2,1000,1,raw+pca,xgb,0.753794669195703,4,1.0,True
synthetic,2,1000,1,raw+spectral-gibbs,xgb,0.7524470147877389,4,1.0,True
synthetic,2,1000,1,raw+conditional,xgb,0.7610435755796028,4,1.0,True
synthetic,2,1000,2,raw,linear,0.5370878782446915,4,1.0,True
synthetic,2,1000,2,raw,xgb,0.7213148590387723,4,1.0,True
synthetic,2,1000,2,pca,linear,0.36361499210249804,4,1.0,True
synthetic,2,1000,2,pca,xgb,0.5676597235346807,4,1.0,True
synthetic,2,1000,2,spectral-marginal,linear,0.37851299697628193,4,1.0,True
synthetic,2,1000,2,spectral-marginal,xgb,0.5603741079572122,4,1.0,True
synthetic,2,1000,2,spectral-gibbs,linear,0.3944813046402387,4,1.0,True
synthetic,2,1000,2,spectral-gibbs,xgb,0.5839425364560171,4,1.0,True
synthetic,2,1000,2,conditional,linear,0.6343943039561128,4,1.0,True
synthetic,2,1000,2,conditional,xgb,0.7542551487969583,4,1.0,True
synthetic,2,1000,2,raw+pca,xgb,0.7464413873015446,4,1.0,True
synthetic,2,1000,2,raw+spectral-gibbs,xgb,0.7386524490873929,4,1.0,True
synthetic,2,1000,2,raw+conditional,xgb,0.7651687634348618,4,1.0,True
synthetic,2,1000,3,raw,linear,0.5382416580548032,4,1.0,True
synthetic,2,1000,3,raw,xgb,0.7389909840430862,4,1.0,True
synthetic,2,1000,3,pca,linear,0.3639633773301403,4,1.0,True
synthetic,2,1000,3,pca,xgb,0.5625866992696853,4,1.0,True
synthetic,2,1000,3,spectral-marginal,linear,0.37928802740453194,4,1.0,True
synthetic,2,1000,3,spectral-marginal,xgb,0.57287141241892,4,1.0,True
synthetic,2,1000,3,spectral-gibbs,linear,0.39450420301709477,4,1.0,True
synthetic,2,1000,3,spectral-gibbs,xgb,0.578003755433683,4,1.0,True
synthetic,2,1000,3,conditional,linear,0.6403036465506059,4,1.0,True
synthetic,2,1000,3,conditional,xgb,0.7519476879452971,4,1.0,True
synthetic,2,1000,3,raw+pca,xgb,0.7553581298043529,4,1.0,True
synthetic,2,1000,3,raw+spectral-gibbs,xgb,0.7559474624056849,4,1.0,True
synthetic,2,1000,3,raw+conditional,xgb,0.7659566806266004,4,1.0,True
synthetic,2,1000,4,raw,linear,0.5474992602954614,4,1.0,True
synthetic,2,1000,4,raw,xgb,0.7266322238615885,4,1.0,True
synthetic,2,1000,4,pca,linear,0.36600714835398274,4,1.0,True
synthetic,2,1000,4,pca,xgb,0.5692863987336552,4,1.0,True
synthetic,2,1000,4,spectral-marginal,linear,0.381567985267514,4,1.0,True
synthetic,2,1000,4,spectral-marginal,xgb,0.5721821487730794,4,1.0,True
synthetic,2,1000,4,spectral-gibbs,linear,0.396502484286437,4,1.0,True
synthetic,2,1000,4,spectral-gibbs,xgb,0.5833429862897205,4,1.0,True
synthetic,2,1000,4,conditional,linear,0.6403503482408768,4,1.0,True
synthetic,2,1000,4,conditional,xgb,0.756453949138951,4,1.0,True
synthetic,2,1000,4,raw+pca,xgb,0.7490744702663058,4,1.0,True
synthetic,2,1000,4,raw+spectral-gibbs,xgb,0.7500403186764728,4,1.0,True
synthetic,2,1000,4,raw+conditional,xgb,0.769206330953075,4,1.0,True
synthetic,0,50,0,raw,linear,0.2334566587436293,4,0.75,False
synthetic,0,50,0,raw,xgb,0.4018881826539493,4,0.75,False
synthetic,0,50,0,pca,linear,0.302193722806131,4,0.75,False
synthetic,0,50,0,pca,xgb,0.3613910348411201,4,0.75,False
synthetic,0,50,0,spectral-marginal,linear,0.30201174584400614,4,0.75,False
synthetic,0,50,0,spectral-marginal,xgb,0.4429249185569256,4,0.75,False
synthetic,0,50,0,spectral-gibbs,linear,0.3030419539520015,4,0.75,False
synthetic,0,50,0,spectral-gibbs,xgb,0.3767168609214274,4,0.75,False
synthetic,0,50,0,conditional,linear,0.28624918410401756,4,0.75,False
synthetic,0,50,0,conditional,xgb,0.40843289158377427,4,0.75,False
synthetic,0,50,0,raw+pca,xgb,0.41850114624019497,4,0.75,False
synthetic,0,50,0,raw+spectral-gibbs,xgb,0.3911736286051377,4,0.75,False
synthetic,0,50,0,raw+conditional,xgb,0.4153010349198569,4,0.75,False
synthetic,0,50,1,raw,linear,0.2820840149449201,4,0.75,False
synthetic,0,50,1,raw,xgb,0.30506690569329953,4,0.75,False
synthetic,0,50,1,pca,linear,0.2812872409095556,4,0.75,False
synthetic,0,50,1,pca,xgb,0.43277322943447327,4,0.75,False
synthetic,0,50,1,spectral-marginal,linear,0.28280035953465354,4,0.75,False
synthetic,0,50,1,spectral-marginal,xgb,0.44792256807654973,4,0.75,False
synthetic,0,50,1,spectral-gibbs,linear,0.2827291698982942,4,0.75,False
synthetic,0,50,1,spectral-gibbs,xgb,0.40274837047353873,4,0.75,False
synthetic,0,50,1,conditional,linear,0.2857505108260274,4,0.75,False
synthetic,0,50,1,conditional,xgb,0.3147173111558619,4,0.75,False
synthetic,0,50,1,raw+pca,xgb,0.32240130569753245,4,0.75,False
synthetic,0,50,1,raw+spectral-gibbs,xgb,0.3252583871081831,4,0.75,False
synthetic,0,50,1,raw+conditional,xgb,0.3071722919544375,4,0.75,False
synthetic,0,50,2,raw,linear,0.234148974280728,4,0.75,False
synthetic,0,50,2,raw,xgb,0.29355500993036066,4,0.75,False
synthetic,0,50,2,pca,linear,0.24891597238666918,4,0.75,False
synthetic,0,50,2,pca,xgb,0.39497895842776476,4,0.75,False
synthetic,0,50,2,spectral-marginal,linear,0.2471142568561645,4,0.75,False
synthetic,0,50,2,spectral-marginal,xgb,0.43843125464469723,4,0.75,False
synthetic,0,50,2,spectral-gibbs,linear,0.24801086903805636,4,0.75,False
synthetic,0,50,2,spectral-gibbs,xgb,0.3777160066499915,4,0.75,False
synthetic,0,50,2,conditional,linear,0.22007398990724159,4,0.75,False
synthetic,0,50,2,conditional,xgb,0.4180019266428593,4,0.75,False
synthetic,0,50,2,raw+pca,xgb,0.29906355748902125,4,0.75,False
synthetic,0,50,2,raw+spectral-gibbs,xgb,0.28782954005335226,4,0.75,False
synthetic,0,50,2,raw+conditional,xgb,0.33094664739800106,4,0.75,False
synthetic,0,50,3,raw,linear,0.34350187478242,4,0.75,False
synthetic,0,50,3,raw,xgb,0.3975376466005569,4,0.75,False
synthetic,0,50,3,pca,linear,0.33497711184438816,4,0.75,False
synthetic,0,50,3,pca,xgb,0.3745587722861311,4,0.75,False
synthetic,0,50,3,spectral-marginal,linear,0.3369389014877857,4,0.75,False
synthetic,0,50,3,spectral-marginal,xgb,0.43353938181995444,4,0.75,False
synthetic,0,50,3,spectral-gibbs,linear,0.33700808881576916,4,0.75,False
synthetic,0,50,3,spectral-gibbs,xgb,0.4058656390064239,4,0.75,False
synthetic,0,50,3,conditional,linear,0.3148587338401182,4,0.75,False
synthetic,0,50,3,conditional,xgb,0.3297103847803877,4,0.75,False
synthetic,0,50,3,raw+pca,xgb,0.3985657145569269,4,0.75,False
synthetic,0,50,3,raw+spectral-gibbs,xgb,0.41074125879235335,4,0.75,False
synthetic,0,50,3,raw+conditional,xgb,0.36186357909987177,4,0.75,False
synthetic,0,50,4,raw,linear,0.35032060372982643,4,0.75,False
synthetic,0,50,4,raw,xgb,0.3214284346694247,4,0.75,False
synthetic,0,50,4,pca,linear,0.3336798944719114,4,0.75,False
synthetic,0,50,4,pca,xgb,0.4671657922679666,4,0.75,False
synthetic,0,50,4,spectral-marginal,linear,0.3317154661643915,4,0.75,False
synthetic,0,50,4,spectral-marginal,xgb,0.4918286449999728,4,0.75,False
synthetic,0,50,4,spectral-gibbs,linear,0.3317932421009614,4,0.75,False
synthetic,0,50,4,spectral-gibbs,xgb,0.46732054860920347,4,0.75,False
synthetic,0,50,4,conditional,linear,0.3357697122868639,4,0.75,False
synthetic,0,50,4,conditional,xgb,0.32166669197701736,4,0.75,False
synthetic,0,50,4,raw+pca,xgb,0.3860350203089594,4,0.75,False
synthetic,0,50,4,raw+spectral-gibbs,xgb,0.3556544950256656,4,0.75,False
synthetic,0,50,4,raw+conditional,xgb,0.33267679928488036,4,0.75,False
synthetic,0,100,0,raw,linear,0.28427820848827123,4,0.75,False
synthetic,0,100,0,raw,xgb,0.40194117897010695,4,0.75,False
synthetic,0,100,0,pca,linear,0.27568820724577003,4,0.75,False
synthetic,0,100,0,pca,xgb,0.5197751834180862,4,0.75,False
synthetic,0,100,0,spectral-marginal,linear,0.2742809892037342,4,0.75,False
synthetic,0,100,0,spectral-marginal,xgb,0.5612045367038995,4,0.75,False
synthetic,0,100,0,spectral-gibbs,linear,0.27607688424640975,4,0.75,False
synthetic,0,100,0,spectral-gibbs,xgb,0.5191098260305991,4,0.75,False
synthetic,0,100,0,conditional,linear,0.29625107084758484,4,0.75,False
synthetic,0,100,0,conditional,xgb,0.4973512391168281,4,0.75,False
synthetic,0,100,0,raw+pca,xgb,0.46823962688153886,4,0.75,False
synthetic,0,100,0,raw+spectral-gibbs,xgb,0.48494805767884186,4,0.75,False
synthetic,0,100,0,raw+conditional,xgb,0.4629018187933158,4,0.75,False
synthetic,0,100,1,raw,linear,0.3483937855684829,4,0.75,False
synthetic,0,100,1,raw,xgb,0.5268259762894604,4,0.75,False
synthetic,0,100,1,pca,linear,0.3247020603753368,4,0.75,False
synthetic,0,100,1,pca,xgb,0.5446343162794283,4,0.75,False
synthetic,0,100,1,spectral-marginal,linear,0.3251872198008514,4,0.75,False
synthetic,0,100,1,spectral-marginal,xgb,0.5620496084161164,4,0.75,False
synthetic,0,100,1,spectral-gibbs,linear,0.32497698498500627,4,0.75,False
synthetic,0,100,1,spectral-gibbs,xgb,0.545937114634033,4,0.75,False
synthetic,0,100,1,conditional,linear,0.33342917485129697,4,0.75,False
synthetic,0,100,1,conditional,xgb,0.5083465128982863,4,0.75,False
synthetic,0,100,1,raw+pca,xgb,0.5426285197181728,4,0.75,False
synthetic,0,100,1,raw+spectral-gibbs,xgb,0.5354783217629197,4,0.75,False
synthetic,0,100,1,raw+conditional,xgb,0.5302167388555741,4,0.75,False
synthetic,0,100,2,raw,linear,0.3400680848064843,4,0.75,False
synthetic,0,100,2,raw,xgb,0.4964986777585695,4,0.75,False
synthetic,0,100,2,pca,linear,0.35160776121196624,4,0.75,False
synthetic,0,100,2,pca,xgb,0.529641259473392,4,0.75,False
synthetic,0,100,2,spectral-marginal,linear,0.3510834319452275,4,0.75,False
synthetic,0,100,2,spectral-marginal,xgb,0.5852962350623522,4,0.75,False
synthetic,0,100,2,spectral-gibbs,linear,0.3521672082253544,4,0.75,False
synthetic,0,100,2,spectral-gibbs,xgb,0.5263836413948308,4,0.75,False
synthetic,0,100,2,conditional,linear,0.3625710834011271,4,0.75,False
synthetic,0,100,2,conditional,xgb,0.505080370589446,4,0.75,False
synthetic,0,100,2,raw+pca,xgb,0.5126130862892542,4,0.75,False
synthetic,0,100,2,raw+spectral-gibbs,xgb,0.5128706460979129,4,0.75,False
synthetic,0,100,2,raw+conditional,xgb,0.5144860864760381,4,0.75,False
synthetic,0,100,3,raw,linear,0.298510189583319,4,0.75,False
synthetic,0,100,3,raw,xgb,0.4593557696739683,4,0.75,False
synthetic,0,100,3,pca,linear,0.26982846567058927,4,0.75,False
synthetic,0,100,3,pca,xgb,0.42568096674319655,4,0.75,False
synthetic,0,100,3,spectral-marginal,linear,0.26846398285409423,4,0.75,False
synthetic,0,100,3,spectral-marginal,xgb,0.4559179775219847,4,0.75,False
synthetic,0,100,3,spectral-gibbs,linear,0.27137043485105816,4,0.75,False
synthetic,0,100,3,spectral-gibbs,xgb,0.4382013484170266,4,0.75,False
synthetic,0,100,3,conditional,linear,0.2981820961975007,4,0.75,False
synthetic,0,100,3,conditional,xgb,0.442747463063793,4,0.75,False
synthetic,0,100,3,raw+pca,xgb,0.4883815424493938,4,0.75,False
synthetic,0,100,3,raw+spectral-gibbs,xgb,0.4964526499403322,4,0.75,False
synthetic,0,100,3,raw+conditional,xgb,0.47143492121472963,4,0.75,False
synthetic,0,100,4,raw,linear,0.33878802765175786,4,0.75,False
synthetic,0,100,4,raw,xgb,0.4847065276108843,4,0.75,False
synthetic,0,100,4,pca,linear,0.3550658389972098,4,0.75,False
synthetic,0,100,4,pca,xgb,0.5414878460309327,4,0.75,False
synthetic,0,100,4,spectral-marginal,linear,0.3547566342555646,4,0.75,False
synthetic,0,100,4,spectral-marginal,xgb,0.6117366219351255,4,0.75,False
synthetic,0,100,4,spectral-gibbs,linear,0.3556622374978262,4,0.75,False
synthetic,0,100,4,spectral-gibbs,xgb,0.5823183139605295,4,0.75,False
synthetic,0,100,4,conditional,linear,0.34380671533257445,4,0.75,False
synthetic,0,100,4,conditional,xgb,0.5024350108817082,4,0.75,False
synthetic,0,100,4,raw+pca,xgb,0.5067767927088186,4,0.75,False
synthetic,0,100,4,raw+spectral-gibbs,xgb,0.506505704080938,4,0.75,False
synthetic,0,100,4,raw+conditional,xgb,0.5309771680089761,4,0.75,False
synthetic,0,250,0,raw,linear,0.36384929616289063,4,0.75,False
synthetic,0,250,0,raw,xgb,0.601115039972047,4,0.75,False
synthetic,0,250,0,pca,linear,0.3480522078287568,4,0.75,False
synthetic,0,250,0,pca,xgb,0.6065103438064703,4,0.75,False
synthetic,0,250,0,spectral-marginal,linear,0.3479748066289575,4,0.75,False
synthetic,0,250,0,spectral-marginal,xgb,0.6219605137174035,4,0.75,False
synthetic,0,250,0,spectral-gibbs,linear,0.34815901232550894,4,0.75,False
synthetic,0,250,0,spectral-gibbs,xgb,0.6152558517323383,4,0.75,False
synthetic,0,250,0,conditional,linear,0.35596931351579,4,0.75,False
synthetic,0,250,0,conditional,xgb,0.6199524714297173,4,0.75,False
synthetic,0,250,0,raw+pca,xgb,0.6366961237208022,4,0.75,False
synthetic,0,250,0,raw+spectral-gibbs,xgb,0.6405578246851251,4,0.75,False
synthetic,0,250,0,raw+conditional,xgb,0.6284051103444048,4,0.75,False
synthetic,0,250,1,raw,linear,0.3583135629105688,4,0.75,False
synthetic,0,250,1,raw,xgb,0.5580907916969904,4,0.75,False
synthetic,0,250,1,pca,linear,0.35340769315013054,4,0.75,False
synthetic,0,250,1,pca,xgb,0.6131371013185052,4,0.75,False
synthetic,0,250,1,spectral-marginal,linear,0.35335522546347153,4,0.75,False
synthetic,0,250,1,spectral-marginal,xgb,0.6492468884869438,4,0.75,False
synthetic,0,250,1,spectral-gibbs,linear,0.35394480259200245,4,0.75,False
synthetic,0,250,1,spectral-gibbs,xgb,0.6129654454264011,4,0.75,False
synthetic,0,250,1,conditional,linear,0.3609848610173184,4,0.75,False
synthetic,0,250,1,conditional,xgb,0.5844617985498834,4,0.75,False
synthetic,0,250,1,raw+pca,xgb,0.5982531529095656,4,0.75,False
synthetic,0,250,1,raw+spectral-gibbs,xgb,0.6004993567150878,4,0.75,False
synthetic,0,250,1,raw+conditional,xgb,0.6086428157145971,4,0.75,False
synthetic,0,250,2,raw,linear,0.3292442715702062,4,0.75,False
synthetic,0,250,2,raw,xgb,0.5917188356922283,4,0.75,False
synthetic,0,250,2,pca,linear,0.3197206172678352,4,0.75,False
synthetic,0,250,2,pca,xgb,0.5950467296201059,4,0.75,False
synthetic,0,250,2,spectral-marginal,linear,0.31960817268079655,4,0.75,False
synthetic,0,250,2,spectral-marginal,xgb,0.6150165269070014,4,0.75,False
synthetic,0,250,2,spectral-gibbs,linear,0.3207098814563576,4,0.75,False
synthetic,0,250,2,spectral-gibbs,xgb,0.5980075184948315,4,0.75,False
synthetic,0,250,2,conditional,linear,0.321150812698345,4,0.75,False
synthetic,0,250,2,conditional,xgb,0.5671670297145449,4,0.75,False
synthetic,0,250,2,raw+pca,xgb,0.6301258613583122,4,0.75,False
synthetic,0,250,2,raw+spectral-gibbs,xgb,0.6338298881403486,4,0.75,False
synthetic,0,250,2,raw+conditional,xgb,0.5987073106275802,4,0.75,False
synthetic,0,250,3,raw,linear,0.3732425542273067,4,0.75,False
synthetic,0,250,3,raw,xgb,0.6315732597187668,4,0.75,False
synthetic,0,250,3,pca,linear,0.3438424128947104,4,0.75,False
synthetic,0,250,3,pca,xgb,0.6357317063957793,4,0.75,False
synthetic,0,250,3,spectral-marginal,linear,0.34412528908337936,4,0.75,False
synthetic,0,250,3,spectral-marginal,xgb,0.6790191226762552,4,0.75,False
synthetic,0,250,3,spectral-gibbs,linear,0.3448094958290512,4,0.75,False
synthetic,0,250,3,spectral-gibbs,xgb,0.6455352583514355,4,0.75,False
synthetic,0,250,3,conditional,linear,0.34835161259487435,4,0.75,False
synthetic,0,250,3,conditional,xgb,0.6200075823368011,4,0.75,False
synthetic,0,250,3,raw+pca,xgb,0.6634543528362932,4,0.75,False
synthetic,0,250,3,raw+spectral-gibbs,xgb,0.6707432681316503,4,0.75,False
synthetic,0,250,3,raw+conditional,xgb,0.6444491443663246,4,0.75,False
synthetic,0,250,4,raw,linear,0.3750582720100447,4,0.75,False
synthetic,0,250,4,raw,xgb,0.608693013872778,4,0.75,False
synthetic,0,250,4,pca,linear,0.34413692794397643,4,0.75,False
synthetic,0,250,4,pca,xgb,0.6265088008081651,4,0.75,False
synthetic,0,250,4,spectral-marginal,linear,0.3442484058250158,4,0.75,False
synthetic,0,250,4,spectral-marginal,xgb,0.6723380067403517,4,0.75,False
synthetic,0,250,4,spectral-gibbs,linear,0.3441703883550776,4,0.75,False
synthetic,0,250,4,spectral-gibbs,xgb,0.6228461691498559,4,0.75,False
synthetic,0,250,4,conditional,linear,0.3488809021781283,4,0.75,False
synthetic,0,250,4,conditional,xgb,0.588640516658192,4,0.75,False
synthetic,0,250,4,raw+pca,xgb,0.6438040134876605,4,0.75,False
synthetic,0,250,4,raw+spectral-gibbs,xgb,0.6494487586509696,4,0.75,False
synthetic,0,250,4,raw+conditional,xgb,0.6363285117589035,4,0.75,False
synthetic,0,1000,0,raw,linear,0.39584569212432563,4,0.75,False
synthetic,0,1000,0,raw,xgb,0.69881417473387,4,0.75,False
synthetic,0,1000,0,pca,linear,0.3603583936475637,4,0.75,False
synthetic,0,1000,0,pca,xgb,0.7002673301415532,4,0.75,False
synthetic,0,1000,0,spectral-marginal,linear,0.36049537794960984,4,0.75,False
synthetic,0,1000,0,spectral-marginal,xgb,0.7252954619877443,4,0.75,False
synthetic,0,1000,0,spectral-gibbs,linear,0.36088385208024343,4,0.75,False
synthetic,0,1000,0,spectral-gibbs,xgb,0.7108505804637067,4,0.75,False
synthetic,0,1000,0,conditional,linear,0.37850555618221937,4,0.75,False
synthetic,0,1000,0,conditional,xgb,0.6868609255460072,4,0.75,False
synthetic,0,1000,0,raw+pca,xgb,0.7271736350936733,4,0.75,False
synthetic,0,1000,0,raw+spectral-gibbs,xgb,0.7343623804574453,4,0.75,False
synthetic,0,1000,0,raw+conditional,xgb,0.7331529940091066,4,0.75,False
synthetic,0,1000,1,raw,linear,0.3903919396196094,4,0.75,False
synthetic,0,1000,1,raw,xgb,0.7061029490150126,4,0.75,False
synthetic,0,1000,1,pca,linear,0.35881966678978583,4,0.75,False
synthetic,0,1000,1,pca,xgb,0.7225244804044032,4,0.75,False
synthetic,0,1000,1,spectral-marginal,linear,0.35904167081081295,4,0.75,False
synthetic,0,1000,1,spectral-marginal,xgb,0.7294088079824074,4,0.75,False
synthetic,0,1000,1,spectral-gibbs,linear,0.3595610661473405,4,0.75,False
synthetic,0,1000,1,spectral-gibbs,xgb,0.7244409658626317,4,0.75,False
synthetic,0,1000,1,conditional,linear,0.3796700248747643,4,0.75,False
synthetic,0,1000,1,conditional,xgb,0.7028148017084843,4,0.75,False
synthetic,0,1000,1,raw+pca,xgb,0.7412099917285014,4,0.75,False
synthetic,0,1000,1,raw+spectral-gibbs,xgb,0.7514172971541113,4,0.75,False
synthetic,0,1000,1,raw+conditional,xgb,0.7502898891278423,4,0.75,False
synthetic,0,1000,2,raw,linear,0.39864314201774675,4,0.75,False
synthetic,0,1000,2,raw,xgb,0.6926688929116841,4,0.75,False
synthetic,0,1000,2,pca,linear,0.36241323329960495,4,0.75,False
synthetic,0,1000,2,pca,xgb,0.7101004047867598,4,0.75,False
synthetic,0,1000,2,spectral-marginal,linear,0.36259571929210954,4,0.75,False
synthetic,0,1000,2,spectral-marginal,xgb,0.7193673930001496,4,0.75,False
synthetic,0,1000,2,spectral-gibbs,linear,0.36303716942999376,4,0.75,False
synthetic,0,1000,2,spectral-gibbs,xgb,0.710289985377687,4,0.75,False
synthetic,0,1000,2,conditional,linear,0.3855492818550277,4,0.75,False
synthetic,0,1000,2,conditional,xgb,0.6906784195130807,4,0.75,False
synthetic,0,1000,2,raw+pca,xgb,0.7314153865231847,4,0.75,False
synthetic,0,1000,2,raw+spectral-gibbs,xgb,0.7445832068777833,4,0.75,False
synthetic,0,1000,2,raw+conditional,xgb,0.7357090021192814,4,0.75,False
synthetic,0,1000,3,raw,linear,0.38709800502741554,4,0.75,False
synthetic,0,1000,3,raw,xgb,0.6818440591669347,4,0.75,False
synthetic,0,1000,3,pca,linear,0.35566772268842606,4,0.75,False
synthetic,0,1000,3,pca,xgb,0.705596495169935,4,0.75,False
synthetic,0,1000,3,spectral-marginal,linear,0.35592563696425117,4,0.75,False
synthetic,0,1000,3,spectral-marginal,xgb,0.712505000061106,4,0.75,False
synthetic,0,1000,3,spectral-gibbs,linear,0.35627079126912686,4,0.75,False
synthetic,0,1000,3,spectral-gibbs,xgb,0.7078199453842513,4,0.75,False
synthetic,0,1000,3,conditional,linear,0.365348471612275,4,0.75,False
synthetic,0,1000,3,conditional,xgb,0.6870024142597049,4,0.75,False
synthetic,0,1000,3,raw+pca,xgb,0.7273678961160116,4,0.75,False
synthetic,0,1000,3,raw+spectral-gibbs,xgb,0.728684599900999,4,0.75,False
synthetic,0,1000,3,raw+conditional,xgb,0.7238454064574233,4,0.75,False
synthetic,0,1000,4,raw,linear,0.38708549515674384,4,0.75,False
synthetic,0,1000,4,raw,xgb,0.69477400024278,4,0.75,False
synthetic,0,1000,4,pca,linear,0.3598733151421185,4,0.75,False
synthetic,0,1000,4,pca,xgb,0.7113735184011749,4,0.75,False
synthetic,0,1000,4,spectral-marginal,linear,0.36016041574318636,4,0.75,False
synthetic,0,1000,4,spectral-marginal,xgb,0.722222405379711,4,0.75,False
synthetic,0,1000,4,spectral-gibbs,linear,0.3607728895249005,4,0.75,False
synthetic,0,1000,4,spectral-gibbs,xgb,0.7119386578357882,4,0.75,False
synthetic,0,1000,4,conditional,linear,0.3778333661891481,4,0.75,False
synthetic,0,1000,4,conditional,xgb,0.6938930511603774,4,0.75,False
synthetic,0,1000,4,raw+pca,xgb,0.7305901619404169,4,0.75,False
synthetic,0,1000,4,raw+spectral-gibbs,xgb,0.7359538082049352,4,0.75,False
synthetic,0,1000,4,raw+conditional,xgb,0.7328683124072085,4,0.75,False
synthetic,1,50,0,raw,linear,0.16281288136688388,4,0.75,False
synthetic,1,50,0,raw,xgb,0.28079018942209666,4,0.75,False
synthetic,1,50,0,pca,linear,0.1666145797932106,4,0.75,False
synthetic,1,50,0,pca,xgb,0.28576960636404003,4,0.75,False
synthetic,1,50,0,spectral-marginal,linear,0.1717577765735152,4,0.75,False
synthetic,1,50,0,spectral-marginal,xgb,0.29015369422832404,4,0.75,False
synthetic,1,50,0,spectral-gibbs,linear,0.1757233886602615,4,0.75,False
synthetic,1,50,0,spectral-gibbs,xgb,0.32656382760694913,4,0.75,False
synthetic,1,50,0,conditional,linear,0.18108183266688804,4,0.75,False
synthetic,1,50,0,conditional,xgb,0.31904630863420613,4,0.75,False
synthetic,1,50,0,raw+pca,xgb,0.30122428190046224,4,0.75,False
synthetic,1,50,0,raw+spectral-gibbs,xgb,0.29550139451965474,4,0.75,False
synthetic,1,50,0,raw+conditional,xgb,0.29023188283863666,4,0.75,False
synthetic,1,50,1,raw,linear,0.16681397169434953,4,0.75,False
synthetic,1,50,1,raw,xgb,0.21755972904017784,4,0.75,False
synthetic,1,50,1,pca,linear,0.16823723693981363,4,0.75,False
synthetic,1,50,1,pca,xgb,0.27631770585245974,4,0.75,False
synthetic,1,50,1,spectral-marginal,linear,0.16280053499265723,4,0.75,False
synthetic,1,50,1,spectral-marginal,xgb,0.3238297151500491,4,0.75,False
synthetic,1,50,1,spectral-gibbs,linear,0.1648175461471858,4,0.75,False
synthetic,1,50,1,spectral-gibbs,xgb,0.22489313070210903,4,0.75,False
synthetic,1,50,1,conditional,linear,0.10275248270289528,4,0.75,False
synthetic,1,50,1,conditional,xgb,0.31367960893752067,4,0.75,False
synthetic,1,50,1,raw+pca,xgb,0.19822584909376784,4,0.75,False
synthetic,1,50,1,raw+spectral-gibbs,xgb,0.2733757206384472,4,0.75,False
synthetic,1,50,1,raw+conditional,xgb,0.3266441240902933,4,0.75,False
synthetic,1,50,2,raw,linear,0.17036284406630642,4,0.75,False
synthetic,1,50,2,raw,xgb,0.2715087554433464,4,0.75,False
synthetic,1,50,2,pca,linear,0.20245751245955546,4,0.75,False
synthetic,1,50,2,pca,xgb,0.2758143659314123,4,0.75,False
synthetic,1,50,2,spectral-marginal,linear,0.20235289969239234,4,0.75,False
synthetic,1,50,2,spectral-marginal,xgb,0.401447325524386,4,0.75,False
synthetic,1,50,2,spectral-gibbs,linear,0.2016665892379521,4,0.75,False
synthetic,1,50,2,spectral-gibbs,xgb,0.3907582935170898,4,0.75,False
synthetic,1,50,2,conditional,linear,0.182676814939723,4,0.75,False
synthetic,1,50,2,conditional,xgb,0.2461117453721573,4,0.75,False
synthetic,1,50,2,raw+pca,xgb,0.3308021663422527,4,0.75,False
synthetic,1,50,2,raw+spectral-gibbs,xgb,0.31932189339962536,4,0.75,False
synthetic,1,50,2,raw+conditional,xgb,0.2402328799581076,4,0.75,False
synthetic,1,50,3,raw,linear,0.33533605433189984,4,0.75,False
synthetic,1,50,3,raw,xgb,0.35016472359014705,4,0.75,False
synthetic,1,50,3,pca,linear,0.31612519489249946,4,0.75,False
synthetic,1,50,3,pca,xgb,0.31961931975164204,4,0.75,False
synthetic,1,50,3,spectral-marginal,linear,0.3121147227368515,4,0.75,False
synthetic,1,50,3,spectral-marginal,xgb,0.3896274821795048,4,0.75,False
synthetic,1,50,3,spectral-gibbs,linear,0.314957909458355,4,0.75,False
synthetic,1,50,3,spectral-gibbs,xgb,0.34345963079632247,4,0.75,False
synthetic,1,50,3,conditional,linear,0.3000730049114644,4,0.75,False
synthetic,1,50,3,conditional,xgb,0.3066650535039077,4,0.75,False
synthetic,1,50,3,raw+pca,xgb,0.2815125776041508,4,0.75,False
synthetic,1,50,3,raw+spectral-gibbs,xgb,0.344835682773061,4,0.75,False
synthetic,1,50,3,raw+conditional,xgb,0.335100095343426,4,0.75,False
synthetic,1,50,4,raw,linear,0.2774065418790901,4,0.75,False
synthetic,1,50,4,raw,xgb,0.3000567397301417,4,0.75,False
synthetic,1,50,4,pca,linear,0.26782853716236177,4,0.75,False
synthetic,1,50,4,pca,xgb,0.27773083893924166,4,0.75,False
synthetic,1,50,4,spectral-marginal,linear,0.270742750348422,4,0.75,False
synthetic,1,50,4,spectral-marginal,xgb,0.37933821288801306,4,0.75,False
synthetic,1,50,4,spectral-gibbs,linear,0.26835561788310247,4,0.75,False
synthetic,1,50,4,spectral-gibbs,xgb,0.33587677556110906,4,0.75,False
synthetic,1,50,4,conditional,linear,0.25084975575198765,4,0.75,False
synthetic,1,50,4,conditional,xgb,0.3551809192331228,4,0.75,False
synthetic,1,50,4,raw+pca,xgb,0.3286343986680367,4,0.75,False
synthetic,1,50,4,raw+spectral-gibbs,xgb,0.33269622712719316,4,0.75,False
synthetic,1,50,4,raw+conditional,xgb,0.3518068675150696,4,0.75,False
synthetic,1,100,0,raw,linear,0.3284428743068142,4,0.75,False
synthetic,1,100,0,raw,xgb,0.5040031286931532,4,0.75,False
synthetic,1,100,0,pca,linear,0.3219213481706047,4,0.75,False
synthetic,1,100,0,pca,xgb,0.41143119941706296,4,0.75,False
synthetic,1,100,0,spectral-marginal,linear,0.3222752843776703,4,0.75,False
synthetic,1,100,0,spectral-marginal,xgb,0.4713759638235624,4,0.75,False
synthetic,1,100,0,spectral-gibbs,linear,0.32129956389268166,4,0.75,False
synthetic,1,100,0,spectral-gibbs,xgb,0.47570290784626335,4,0.75,False
synthetic,1,100,0,conditional,linear,0.2905775490682533,4,0.75,False
synthetic,1,100,0,conditional,xgb,0.476110593230621,4,0.75,False
synthetic,1,100,0,raw+pca,xgb,0.5162701033308722,4,0.75,False
synthetic,1,100,0,raw+spectral-gibbs,xgb,0.5066858559346856,4,0.75,False
synthetic,1,100,0,raw+conditional,xgb,0.5288374532083663,4,0.75,False
synthetic,1,100,1,raw,linear,0.2904002423116878,4,0.75,False
synthetic,1,100,1,raw,xgb,0.4564428392036851,4,0.75,False
synthetic,1,100,1,pca,linear,0.2770915231441917,4,0.75,False
synthetic,1,100,1,pca,xgb,0.37605488188998404,4,0.75,False
synthetic,1,100,1,spectral-marginal,linear,0.28300849006123174,4,0.75,False
synthetic,1,100,1,spectral-marginal,xgb,0.5298883368899734,4,0.75,False
synthetic,1,100,1,spectral-gibbs,linear,0.2814398772895734,4,0.75,False
synthetic,1,100,1,spectral-gibbs,xgb,0.4834664363854778,4,0.75,False
synthetic,1,100,1,conditional,linear,0.30066717508371954,4,0.75,False
synthetic,1,100,1,conditional,xgb,0.5010741798174808,4,0.75,False
synthetic,1,100,1,raw+pca,xgb,0.48428038126280426,4,0.75,False
synthetic,1,100,1,raw+spectral-gibbs,xgb,0.4919346014690328,4,0.75,False
synthetic,1,100,1,raw+conditional,xgb,0.5050901545697686,4,0.75,False
synthetic,1,100,2,raw,linear,0.3038835919729581,4,0.75,False
synthetic,1,100,2,raw,xgb,0.48107002985989633,4,0.75,False
synthetic,1,100,2,pca,linear,0.27761602064521584,4,0.75,False
synthetic,1,100,2,pca,xgb,0.4786344378930395,4,0.75,False
synthetic,1,100,2,spectral-marginal,linear,0.2814477423244752,4,0.75,False
synthetic,1,100,2,spectral-marginal,xgb,0.4861051985296365,4,0.75,False
synthetic,1,100,2,spectral-gibbs,linear,0.28112364745240126,4,0.75,False
synthetic,1,100,2,spectral-gibbs,xgb,0.4638504376083563,4,0.75,False
synthetic,1,100,2,conditional,linear,0.20544360605119572,4,0.75,False
synthetic,1,100,2,conditional,xgb,0.4591030303216339,4,0.75,False
synthetic,1,100,2,raw+pca,xgb,0.4875752829402449,4,0.75,False
synthetic,1,100,2,raw+spectral-gibbs,xgb,0.5173867022093668,4,0.75,False
synthetic,1,100,2,raw+conditional,xgb,0.4666946134089057,4,0.75,False
synthetic,1,100,3,raw,linear,0.35022421738144116,4,0.75,False
synthetic,1,100,3,raw,xgb,0.44138851697341175,4,0.75,False
synthetic,1,100,3,pca,linear,0.2978967092600492,4,0.75,False
synthetic,1,100,3,pca,xgb,0.5480782133154046,4,0.75,False
synthetic,1,100,3,spectral-marginal,linear,0.2977678116776592,4,0.75,False
synthetic,1,100,3,spectral-marginal,xgb,0.5391084363223301,4,0.75,False
synthetic,1,100,3,spectral-gibbs,linear,0.29791505763758164,4,0.75,False
synthetic,1,100,3,spectral-gibbs,xgb,0.5374429486590082,4,0.75,False
synthetic,1,100,3,conditional,linear,0.3208630788731923,4,0.75,False
synthetic,1,100,3,conditional,xgb,0.5016614806831399,4,0.75,False
synthetic,1,100,3,raw+pca,xgb,0.4748353255617773,4,0.75,False
synthetic,1,100,3,raw+spectral-gibbs,xgb,0.4760090071522102,4,0.75,False
synthetic,1,100,3,raw+conditional,xgb,0.4846937131232887,4,0.75,False
synthetic,1,100,4,raw,linear,0.21789485990332758,4,0.75,False
synthetic,1,100,4,raw,xgb,0.46168566074592776,4,0.75,False
synthetic,1,100,4,pca,linear,0.3070519317892073,4,0.75,False
synthetic,1,100,4,pca,xgb,0.47160751962258496,4,0.75,False
synthetic,1,100,4,spectral-marginal,linear,0.30607834711747817,4,0.75,False
synthetic,1,100,4,spectral-marginal,xgb,0.5477803524738281,4,0.75,False
synthetic,1,100,4,spectral-gibbs,linear,0.3057757782333054,4,0.75,False
synthetic,1,100,4,spectral-gibbs,xgb,0.5010687263517447,4,0.75,False
synthetic,1,100,4,conditional,linear,0.3028963046608619,4,0.75,False
synthetic,1,100,4,conditional,xgb,0.5077488662389149,4,0.75,False
synthetic,1,100,4,raw+pca,xgb,0.49375769448381135,4,0.75,False
synthetic,1,100,4,raw+spectral-gibbs,xgb,0.4918412650102941,4,0.75,False
synthetic,1,100,4,raw+conditional,xgb,0.4728245941157222,4,0.75,False
synthetic,1,250,0,raw,linear,0.3339752958514832,4,0.75,False
synthetic,1,250,0,raw,xgb,0.6156014738328472,4,0.75,False
synthetic,1,250,0,pca,linear,0.30866284473889893,4,0.75,False
synthetic,1,250,0,pca,xgb,0.5944832410972203,4,0.75,False
synthetic,1,250,0,spectral-marginal,linear,0.3080311175429238,4,0.75,False
synthetic,1,250,0,spectral-marginal,xgb,0.6212722954460264,4,0.75,False
synthetic,1,250,0,spectral-gibbs,linear,0.30731361007510993,4,0.75,False
synthetic,1,250,0,spectral-gibbs,xgb,0.6021941741146192,4,0.75,False
synthetic,1,250,0,conditional,linear,0.3306907691931297,4,0.75,False
synthetic,1,250,0,conditional,xgb,0.6358617296174389,4,0.75,False
synthetic,1,250,0,raw+pca,xgb,0.6195148804876159,4,0.75,False
synthetic,1,250,0,raw+spectral-gibbs,xgb,0.6373971006866926,4,0.75,False
synthetic,1,250,0,raw+conditional,xgb,0.6439831721232521,4,0.75,False
synthetic,1,250,1,raw,linear,0.2838908278812503,4,0.75,False
synthetic,1,250,1,raw,xgb,0.5637663749384738,4,0.75,False
synthetic,1,250,1,pca,linear,0.28289749668483033,4,0.75,False
synthetic,1,250,1,pca,xgb,0.5733190413828855,4,0.75,False
synthetic,1,250,1,spectral-marginal,linear,0.28470931351925777,4,0.75,False
synthetic,1,250,1,spectral-marginal,xgb,0.6117302404505509,4,0.75,False
synthetic,1,250,1,spectral-gibbs,linear,0.2840396890630478,4,0.75,False
synthetic,1,250,1,spectral-gibbs,xgb,0.5928692103981441,4,0.75,False
synthetic,1,250,1,conditional,linear,0.24592540404643604,4,0.75,False
synthetic,1,250,1,conditional,xgb,0.587602405191274,4,0.75,False
synthetic,1,250,1,raw+pca,xgb,0.5923530481349479,4,0.75,False
synthetic,1,250,1,raw+spectral-gibbs,xgb,0.6068843397747065,4,0.75,False
synthetic,1,250,1,raw+conditional,xgb,0.5915652717957818,4,0.75,False
synthetic,1,250,2,raw,linear,0.3457970865308758,4,0.75,False
synthetic,1,250,2,raw,xgb,0.5819335259297878,4,0.75,False
synthetic,1,250,2,pca,linear,0.3213623130614085,4,0.75,False
synthetic,1,250,2,pca,xgb,0.6042061573038005,4,0.75,False
synthetic,1,250,2,spectral-marginal,linear,0.32122757117438705,4,0.75,False
synthetic,1,250,2,spectral-marginal,xgb,0.6198172275270304,4,0.75,False
synthetic,1,250,2,spectral-gibbs,linear,0.3204995242832114,4,0.75,False
synthetic,1,250,2,spectral-gibbs,xgb,0.6180910264184303,4,0.75,False
synthetic,1,250,2,conditional,linear,0.34896702741827335,4,0.75,False
synthetic,1,250,2,conditional,xgb,0.631408130672487,4,0.75,False
synthetic,1,250,2,raw+pca,xgb,0.6152745430168289,4,0.75,False
synthetic,1,250,2,raw+spectral-gibbs,xgb,0.6230502465135899,4,0.75,False
synthetic,1,250,2,raw+conditional,xgb,0.6392870405593434,4,0.75,False
synthetic,1,250,3,raw,linear,0.34302021709106456,4,0.75,False
synthetic,1,250,3,raw,xgb,0.5380761716167637,4,0.75,False
synthetic,1,250,3,pca,linear,0.3279075541381393,4,0.75,False
synthetic,1,250,3,pca,xgb,0.5448292074859633,4,0.75,False
synthetic,1,250,3,spectral-marginal,linear,0.3280887484818258,4,0.75,False
synthetic,1,250,3,spectral-marginal,xgb,0.5887124770158382,4,0.75,False
synthetic,1,250,3,spectral-gibbs,linear,0.3276256959695554,4,0.75,False
synthetic,1,250,3,spectral-gibbs,xgb,0.5814846744847237,4,0.75,False
synthetic,1,250,3,conditional,linear,0.31929018699383893,4,0.75,False
synthetic,1,250,3,conditional,xgb,0.5823838402713135,4,0.75,False
synthetic,1,250,3,raw+pca,xgb,0.5613304616404953,4,0.75,False
synthetic,1,250,3,raw+spectral-gibbs,xgb,0.5720942856633371,4,0.75,False
synthetic,1,250,3,raw+conditional,xgb,0.5833542495128989,4,0.75,False
synthetic,1,250,4,raw,linear,0.35771848799214245,4,0.75,False
synthetic,1,250,4,raw,xgb,0.5608514903280489,4,0.75,False
synthetic,1,250,4,pca,linear,0.31870423332716835,4,0.75,False
synthetic,1,250,4,pca,xgb,0.5959029213357322,4,0.75,False
synthetic,1,250,4,spectral-marginal,linear,0.31876442150663764,4,0.75,False
synthetic,1,250,4,spectral-marginal,xgb,0.6237996712901723,4,0.75,False
synthetic,1,250,4,spectral-gibbs,linear,0.31836828803040684,4,0.75,False
synthetic,1,250,4,spectral-gibbs,xgb,0.6035747479933988,4,0.75,False
synthetic,1,250,4,conditional,linear,0.34013432069672844,4,0.75,False
synthetic,1,250,4,conditional,xgb,0.5862438344550616,4,0.75,False
synthetic,1,250,4,raw+pca,xgb,0.6048914482566459,4,0.75,False
synthetic,1,250,4,raw+spectral-gibbs,xgb,0.6166417106396892,4,0.75,False
synthetic,1,250,4,raw+conditional,xgb,0.6019742236597985,4,0.75,False
synthetic,1,1000,0,raw,linear,0.36657990652542216,4,0.75,False
synthetic,1,1000,0,raw,xgb,0.6941925783729102,4,0.75,False
synthetic,1,1000,0,pca,linear,0.314194869573149,4,0.75,False
synthetic,1,1000,0,pca,xgb,0.6768315892689054,4,0.75,False
synthetic,1,1000,0,spectral-marginal,linear,0.3143851464655135,4,0.75,False
synthetic,1,1000,0,spectral-marginal,xgb,0.6983834249150901,4,0.75,False
synthetic,1,1000,0,spectral-gibbs,linear,0.31364740658893697,4,0.75,False
synthetic,1,1000,0,spectral-gibbs,xgb,0.6862402911841106,4,0.75,False
synthetic,1,1000,0,conditional,linear,0.349859134925979,4,0.75,False
synthetic,1,1000,0,conditional,xgb,0.7165843706236339,4,0.75,False
synthetic,1,1000,0,raw+pca,xgb,0.715091886433036,4,0.75,False
synthetic,1,1000,0,raw+spectral-gibbs,xgb,0.7157105074136619,4,0.75,False
synthetic,1,1000,0,raw+conditional,xgb,0.7435544547810191,4,0.75,False
synthetic,1,1000,1,raw,linear,0.358198012222693,4,0.75,False
synthetic,1,1000,1,raw,xgb,0.6857060443113466,4,0.75,False
synthetic,1,1000,1,pca,linear,0.32142072681056055,4,0.75,False
synthetic,1,1000,1,pca,xgb,0.6536680119944727,4,0.75,False
synthetic,1,1000,1,spectral-marginal,linear,0.3215853785924886,4,0.75,False
synthetic,1,1000,1,spectral-marginal,xgb,0.6769780500169875,4,0.75,False
synthetic,1,1000,1,spectral-gibbs,linear,0.32104404538963993,4,0.75,False
synthetic,1,1000,1,spectral-gibbs,xgb,0.6744665343229309,4,0.75,False
synthetic,1,1000,1,conditional,linear,0.35809972575611526,4,0.75,False
synthetic,1,1000,1,conditional,xgb,0.7055026996489635,4,0.75,False
synthetic,1,1000,1,raw+pca,xgb,0.7116027437873285,4,0.75,False
synthetic,1,1000,1,raw+spectral-gibbs,xgb,0.7126292197301487,4,0.75,False
synthetic,1,1000,1,raw+conditional,xgb,0.7310022580907161,4,0.75,False
synthetic,1,1000,2,raw,linear,0.37391839661591064,4,0.75,False
synthetic,1,1000,2,raw,xgb,0.7062653067326317,4,0.75,False
synthetic,1,1000,2,pca,linear,0.3259370830257464,4,0.75,False
synthetic,1,1000,2,pca,xgb,0.6810792979974317,4,0.75,False
synthetic,1,1000,2,spectral-marginal,linear,0.3262647580994945,4,0.75,False
synthetic,1,1000,2,spectral-marginal,xgb,0.7026125671985319,4,0.75,False
synthetic,1,1000,2,spectral-gibbs,linear,0.3257598000806242,4,0.75,False
synthetic,1,1000,2,spectral-gibbs,xgb,0.6867533909403071,4,0.75,False
synthetic,1,1000,2,conditional,linear,0.3561517118801726,4,0.75,False
synthetic,1,1000,2,conditional,xgb,0.7176702993979243,4,0.75,False
synthetic,1,1000,2,raw+pca,xgb,0.732944793895868,4,0.75,False
synthetic,1,1000,2,raw+spectral-gibbs,xgb,0.7397121163282379,4,0.75,False
synthetic,1,1000,2,raw+conditional,xgb,0.7507191231629966,4,0.75,False
synthetic,1,1000,3,raw,linear,0.37373340053776427,4,0.75,False
synthetic,1,1000,3,raw,xgb,0.7041051286700672,4,0.75,False
synthetic,1,1000,3,pca,linear,0.33305038661436737,4,0.75,False
synthetic,1,1000,3,pca,xgb,0.6837412530733105,4,0.75,False
synthetic,1,1000,3,spectral-marginal,linear,0.33324664228836287,4,0.75,False
synthetic,1,1000,3,spectral-marginal,xgb,0.6988975952906497,4,0.75,False
synthetic,1,1000,3,spectral-gibbs,linear,0.3327177645559031,4,0.75,False
synthetic,1,1000,3,spectral-gibbs,xgb,0.6843969047019127,4,0.75,False
synthetic,1,1000,3,conditional,linear,0.36566713248338256,4,0.75,False
synthetic,1,1000,3,conditional,xgb,0.7235175822014744,4,0.75,False
synthetic,1,1000,3,raw+pca,xgb,0.7274540964464957,4,0.75,False
synthetic,1,1000,3,raw+spectral-gibbs,xgb,0.7358044809335229,4,0.75,False
synthetic,1,1000,3,raw+conditional,xgb,0.7536018761188109,4,0.75,False
synthetic,1,1000,4,raw,linear,0.3609065071134945,4,0.75,False
synthetic,1,1000,4,raw,xgb,0.6823329139718378,4,0.75,False
synthetic,1,1000,4,pca,linear,0.3251321779993608,4,0.75,False
synthetic,1,1000,4,pca,xgb,0.6646461401191668,4,0.75,False
synthetic,1,1000,4,spectral-marginal,linear,0.3253785648938303,4,0.75,False
synthetic,1,1000,4,spectral-marginal,xgb,0.7001401639898244,4,0.75,False
synthetic,1,1000,4,spectral-gibbs,linear,0.324865981247495,4,0.75,False
synthetic,1,1000,4,spectral-gibbs,xgb,0.692492701261848,4,0.75,False
synthetic,1,1000,4,conditional,linear,0.34614047464462416,4,0.75,False
synthetic,1,1000,4,conditional,xgb,0.7029231773772506,4,0.75,False
synthetic,1,1000,4,raw+pca,xgb,0.7093324719005187,4,0.75,False
synthetic,1,1000,4,raw+spectral-gibbs,xgb,0.7022821434214425,4,0.75,False
synthetic,1,1000,4,raw+conditional,xgb,0.7327945820367073,4,0.75,False
synthetic,2,50,0,raw,linear,0.37740220456761364,4,0.75,False
synthetic,2,50,0,raw,xgb,0.35878887807576676,4,0.75,False
synthetic,2,50,0,pca,linear,0.3580406069380454,4,0.75,False
synthetic,2,50,0,pca,xgb,0.2919903737644226,4,0.75,False
synthetic,2,50,0,spectral-marginal,linear,0.3595552647536696,4,0.75,False
synthetic,2,50,0,spectral-marginal,xgb,0.34411091083211276,4,0.75,False
synthetic,2,50,0,spectral-gibbs,linear,0.3621547438484085,4,0.75,False
synthetic,2,50,0,spectral-gibbs,xgb,0.3104060881548728,4,0.75,False
synthetic,2,50,0,conditional,linear,0.3008455162426963,4,0.75,False
synthetic,2,50,0,conditional,xgb,0.4375448450500007,4,0.75,False
synthetic,2,50,0,raw+pca,xgb,0.38955355575617556,4,0.75,False
synthetic,2,50,0,raw+spectral-gibbs,xgb,0.3279311945058909,4,0.75,False
synthetic,2,50,0,raw+conditional,xgb,0.37418281555667465,4,0.75,False
synthetic,2,50,1,raw,linear,0.3339732537604331,4,0.75,False
synthetic,2,50,1,raw,xgb,0.2808028322419922,4,0.75,False
synthetic,2,50,1,pca,linear,0.37445272932366036,4,0.75,False
synthetic,2,50,1,pca,xgb,0.14215448518358942,4,0.75,False
synthetic,2,50,1,spectral-marginal,linear,0.37196435537463857,4,0.75,False
synthetic,2,50,1,spectral-marginal,xgb,0.3012906875574414,4,0.75,False
synthetic,2,50,1,spectral-gibbs,linear,0.3734036724606976,4,0.75,False
synthetic,2,50,1,spectral-gibbs,xgb,0.22099542123811744,4,0.75,False
synthetic,2,50,1,conditional,linear,0.24645344449022932,4,0.75,False
synthetic,2,50,1,conditional,xgb,0.35558826297098156,4,0.75,False
synthetic,2,50,1,raw+pca,xgb,0.27299098682898015,4,0.75,False
synthetic,2,50,1,raw+spectral-gibbs,xgb,0.3163351769880903,4,0.75,False
synthetic,2,50,1,raw+conditional,xgb,0.3380317917093911,4,0.75,False
synthetic,2,50,2,raw,linear,0.31712938226893994,4,0.75,False
synthetic,2,50,2,raw,xgb,0.4006777255853524,4,0.75,False
synthetic,2,50,2,pca,linear,0.3286375804344195,4,0.75,False
synthetic,2,50,2,pca,xgb,0.26381831883705387,4,0.75,False
synthetic,2,50,2,spectral-marginal,linear,0.32968352228832465,4,0.75,False
synthetic,2,50,2,spectral-marginal,xgb,0.21813645343908739,4,0.75,False
synthetic,2,50,2,spectral-gibbs,linear,0.331144991100611,4,0.75,False
synthetic,2,50,2,spectral-gibbs,xgb,0.19310326015929635,4,0.75,False
synthetic,2,50,2,conditional,linear,0.3444605111886465,4,0.75,False
synthetic,2,50,2,conditional,xgb,0.3559381890703658,4,0.75,False
synthetic,2,50,2,raw+pca,xgb,0.41800269059550765,4,0.75,False
synthetic,2,50,2,raw+spectral-gibbs,xgb,0.4137055379609116,4,0.75,False
synthetic,2,50,2,raw+conditional,xgb,0.41950335234350145,4,0.75,False
synthetic,2,50,3,raw,linear,0.35650350340978343,4,0.75,False
synthetic,2,50,3,raw,xgb,0.41562786106575067,4,0.75,False
synthetic,2,50,3,pca,linear,0.3050142829520006,4,0.75,False
synthetic,2,50,3,pca,xgb,0.43689427064633657,4,0.75,False
synthetic,2,50,3,spectral-marginal,linear,0.3052406548896136,4,0.75,False
synthetic,2,50,3,spectral-marginal,xgb,0.38848841863327055,4,0.75,False
synthetic,2,50,3,spectral-gibbs,linear,0.3055102369888465,4,0.75,False
synthetic,2,50,3,spectral-gibbs,xgb,0.3652972865390981,4,0.75,False
synthetic,2,50,3,conditional,linear,0.33684423086587134,4,0.75,False
synthetic,2,50,3,conditional,xgb,0.39287975051990187,4,0.75,False
synthetic,2,50,3,raw+pca,xgb,0.41596591208759104,4,0.75,False
synthetic,2,50,3,raw+spectral-gibbs,xgb,0.4162278199458972,4,0.75,False
synthetic,2,50,3,raw+conditional,xgb,0.42887785846239856,4,0.75,False
synthetic,2,50,4,raw,linear,0.31859318259802927,4,0.75,False
synthetic,2,50,4,raw,xgb,0.3555628168194236,4,0.75,False
synthetic,2,50,4,pca,linear,0.2702116657354582,4,0.75,False
synthetic,2,50,4,pca,xgb,0.3485172790052645,4,0.75,False
synthetic,2,50,4,spectral-marginal,linear,0.2642459719078909,4,0.75,False
synthetic,2,50,4,spectral-marginal,xgb,0.33541676402531395,4,0.75,False
synthetic,2,50,4,spectral-gibbs,linear,0.2646885235060097,4,0.75,False
synthetic,2,50,4,spectral-gibbs,xgb,0.34191171578773427,4,0.75,False
synthetic,2,50,4,conditional,linear,0.24793116180839014,4,0.75,False
synthetic,2,50,4,conditional,xgb,0.3487852526100491,4,0.75,False
synthetic,2,50,4,raw+pca,xgb,0.36681336315868796,4,0.75,False
synthetic,2,50,4,raw+spectral-gibbs,xgb,0.36821826209078323,4,0.75,False
synthetic,2,50,4,raw+conditional,xgb,0.382820770675929,4,0.75,False
synthetic,2,100,0,raw,linear,0.38188358560460445,4,0.75,False
synthetic,2,100,0,raw,xgb,0.45789300113685305,4,0.75,False
synthetic,2,100,0,pca,linear,0.3431996619023071,4,0.75,False
synthetic,2,100,0,pca,xgb,0.41282003129996825,4,0.75,False
synthetic,2,100,0,spectral-marginal,linear,0.34298014692169687,4,0.75,False
synthetic,2,100,0,spectral-marginal,xgb,0.4120669422773695,4,0.75,False
synthetic,2,100,0,spectral-gibbs,linear,0.34374731074174847,4,0.75,False
synthetic,2,100,0,spectral-gibbs,xgb,0.45522440572397205,4,0.75,False
synthetic,2,100,0,conditional,linear,0.3417923082188795,4,0.75,False
synthetic,2,100,0,conditional,xgb,0.4932524659852443,4,0.75,False
synthetic,2,100,0,raw+pca,xgb,0.4464078438311502,4,0.75,False
synthetic,2,100,0,raw+spectral-gibbs,xgb,0.43646479018596773,4,0.75,False
synthetic,2,100,0,raw+conditional,xgb,0.4819633113434397,4,0.75,False
synthetic,2,100,1,raw,linear,0.3096291870514666,4,0.75,False
synthetic,2,100,1,raw,xgb,0.48905568298246893,4,0.75,False
synthetic,2,100,1,pca,linear,0.292915048338663,4,0.75,False
synthetic,2,100,1,pca,xgb,0.48064103587731577,4,0.75,False
synthetic,2,100,1,spectral-marginal,linear,0.2905623280030716,4,0.75,False
synthetic,2,100,1,spectral-marginal,xgb,0.4153146813973022,4,0.75,False
synthetic,2,100,1,spectral-gibbs,linear,0.29277771732798474,4,0.75,False
synthetic,2,100,1,spectral-gibbs,xgb,0.433064425363453,4,0.75,False
synthetic,2,100,1,conditional,linear,0.3277634660972746,4,0.75,False
synthetic,2,100,1,conditional,xgb,0.5198655269215334,4,0.75,False
synthetic,2,100,1,raw+pca,xgb,0.5028845490597615,4,0.75,False
synthetic,2,100,1,raw+spectral-gibbs,xgb,0.507625085843726,4,0.75,False
synthetic,2,100,1,raw+conditional,xgb,0.513281820371456,4,0.75,False
synthetic,2,100,2,raw,linear,0.38973578480911997,4,0.75,False
synthetic,2,100,2,raw,xgb,0.4810729932616149,4,0.75,False
synthetic,2,100,2,pca,linear,0.3918922120932027,4,0.75,False
synthetic,2,100,2,pca,xgb,0.4391407343001422,4,0.75,False
synthetic,2,100,2,spectral-marginal,linear,0.39313385731844863,4,0.75,False
synthetic,2,100,2,spectral-marginal,xgb,0.4184308062925127,4,0.75,False
synthetic,2,100,2,spectral-gibbs,linear,0.39367989607752985,4,0.75,False
synthetic,2,100,2,spectral-gibbs,xgb,0.423616805092508,4,0.75,False
synthetic,2,100,2,conditional,linear,0.38580081050214443,4,0.75,False
synthetic,2,100,2,conditional,xgb,0.4910047494218811,4,0.75,False
synthetic,2,100,2,raw+pca,xgb,0.5241669772223613,4,0.75,False
synthetic,2,100,2,raw+spectral-gibbs,xgb,0.5080952390615117,4,0.75,False
synthetic,2,100,2,raw+conditional,xgb,0.5080618139860908,4,0.75,False
synthetic,2,100,3,raw,linear,0.39888670340310517,4,0.75,False
synthetic,2,100,3,raw,xgb,0.4789757703710982,4,0.75,False
synthetic,2,100,3,pca,linear,0.40312251170781643,4,0.75,False
synthetic,2,100,3,pca,xgb,0.5013074064991083,4,0.75,False
synthetic,2,100,3,spectral-marginal,linear,0.4017916034763259,4,0.75,False
synthetic,2,100,3,spectral-marginal,xgb,0.4921813794606933,4,0.75,False
synthetic,2,100,3,spectral-gibbs,linear,0.40212659845653864,4,0.75,False
synthetic,2,100,3,spectral-gibbs,xgb,0.4680644640895605,4,0.75,False
synthetic,2,100,3,conditional,linear,0.38866747877331,4,0.75,False
synthetic,2,100,3,conditional,xgb,0.5954573680623171,4,0.75,False
synthetic,2,100,3,raw+pca,xgb,0.49802576254715636,4,0.75,False
synthetic,2,100,3,raw+spectral-gibbs,xgb,0.4930078688174002,4,0.75,False
synthetic,2,100,3,raw+conditional,xgb,0.5412344197010772,4,0.75,False
synthetic,2,100,4,raw,linear,0.37841893662561277,4,0.75,False
synthetic,2,100,4,raw,xgb,0.4810861207209297,4,0.75,False
synthetic,2,100,4,pca,linear,0.359239760899721,4,0.75,False
synthetic,2,100,4,pca,xgb,0.4584301579663672,4,0.75,False
synthetic,2,100,4,spectral-marginal,linear,0.3547487457273746,4,0.75,False
synthetic,2,100,4,spectral-marginal,xgb,0.45917993687362246,4,0.75,False
synthetic,2,100,4,spectral-gibbs,linear,0.3591439178977951,4,0.75,False
synthetic,2,100,4,spectral-gibbs,xgb,0.49202359189437883,4,0.75,False
synthetic,2,100,4,conditional,linear,0.3565144870557102,4,0.75,False
synthetic,2,100,4,conditional,xgb,0.5200945660194936,4,0.75,False
synthetic,2,100,4,raw+pca,xgb,0.4997191363747573,4,0.75,False
synthetic,2,100,4,raw+spectral-gibbs,xgb,0.5077360758488512,4,0.75,False
synthetic,2,100,4,raw+conditional,xgb,0.5266650878965347,4,0.75,False
synthetic,2,250,0,raw,linear,0.4003604767055696,4,0.75,False
synthetic,2,250,0,raw,xgb,0.6088461161130626,4,0.75,False
synthetic,2,250,0,pca,linear,0.3719840966172939,4,0.75,False
synthetic,2,250,0,pca,xgb,0.540130619788473,4,0.75,False
synthetic,2,250,0,spectral-marginal,linear,0.370657987185096,4,0.75,False
synthetic,2,250,0,spectral-marginal,xgb,0.4934017921724203,4,0.75,False
synthetic,2,250,0,spectral-gibbs,linear,0.37190033506729336,4,0.75,False
synthetic,2,250,0,spectral-gibbs,xgb,0.4954664839879309,4,0.75,False
synthetic,2,250,0,conditional,linear,0.40816563659095584,4,0.75,False
synthetic,2,250,0,conditional,xgb,0.6077550071711815,4,0.75,False
synthetic,2,250,0,raw+pca,xgb,0.6095106364468785,4,0.75,False
synthetic,2,250,0,raw+spectral-gibbs,xgb,0.6078101821137829,4,0.75,False
synthetic,2,250,0,raw+conditional,xgb,0.6480329409706258,4,0.75,False
synthetic,2,250,1,raw,linear,0.3741465350663272,4,0.75,False
synthetic,2,250,1,raw,xgb,0.6037923750582547,4,0.75,False
synthetic,2,250,1,pca,linear,0.344713048319076,4,0.75,False
synthetic,2,250,1,pca,xgb,0.5672280900635519,4,0.75,False
synthetic,2,250,1,spectral-marginal,linear,0.34475249876554936,4,0.75,False
synthetic,2,250,1,spectral-marginal,xgb,0.5444748094659507,4,0.75,False
synthetic,2,250,1,spectral-gibbs,linear,0.3453409160044961,4,0.75,False
synthetic,2,250,1,spectral-gibbs,xgb,0.5551951014546237,4,0.75,False
synthetic,2,250,1,conditional,linear,0.3682073867739656,4,0.75,False
synthetic,2,250,1,conditional,xgb,0.6215563370174415,4,0.75,False
synthetic,2,250,1,raw+pca,xgb,0.6269053366583064,4,0.75,False
synthetic,2,250,1,raw+spectral-gibbs,xgb,0.6131370690826172,4,0.75,False
synthetic,2,250,1,raw+conditional,xgb,0.6391428478219443,4,0.75,False
synthetic,2,250,2,raw,linear,0.4295418114220467,4,0.75,False
synthetic,2,250,2,raw,xgb,0.6180022835918562,4,0.75,False
synthetic,2,250,2,pca,linear,0.3822779926226606,4,0.75,False
synthetic,2,250,2,pca,xgb,0.5778371788203363,4,0.75,False
synthetic,2,250,2,spectral-marginal,linear,0.38232515856205684,4,0.75,False
synthetic,2,250,2,spectral-marginal,xgb,0.5549590361512947,4,0.75,False
synthetic,2,250,2,spectral-gibbs,linear,0.3823616387977532,4,0.75,False
synthetic,2,250,2,spectral-gibbs,xgb,0.5687902570091797,4,0.75,False
synthetic,2,250,2,conditional,linear,0.4097465916691425,4,0.75,False
synthetic,2,250,2,conditional,xgb,0.6477351094577217,4,0.75,False
synthetic,2,250,2,raw+pca,xgb,0.6341227099905522,4,0.75,False
synthetic,2,250,2,raw+spectral-gibbs,xgb,0.633001687605154,4,0.75,False
synthetic,2,250,2,raw+conditional,xgb,0.6642939256983458,4,0.75,False
synthetic,2,250,3,raw,linear,0.4053921469246615,4,0.75,False
synthetic,2,250,3,raw,xgb,0.6034907711636044,4,0.75,False
synthetic,2,250,3,pca,linear,0.3788465265700809,4,0.75,False
synthetic,2,250,3,pca,xgb,0.5121162300140555,4,0.75,False
synthetic,2,250,3,spectral-marginal,linear,0.3789860031976783,4,0.75,False
synthetic,2,250,3,spectral-marginal,xgb,0.538732920474988,4,0.75,False
synthetic,2,250,3,spectral-gibbs,linear,0.3808379455204882,4,0.75,False
synthetic,2,250,3,spectral-gibbs,xgb,0.5244761080964623,4,0.75,False
synthetic,2,250,3,conditional,linear,0.3839120276238225,4,0.75,False
synthetic,2,250,3,conditional,xgb,0.6109046660515158,4,0.75,False
synthetic,2,250,3,raw+pca,xgb,0.6083786980149739,4,0.75,False
synthetic,2,250,3,raw+spectral-gibbs,xgb,0.6253362041272659,4,0.75,False
synthetic,2,250,3,raw+conditional,xgb,0.6396575648962702,4,0.75,False
synthetic,2,250,4,raw,linear,0.4135019125481274,4,0.75,False
synthetic,2,250,4,raw,xgb,0.6196533043459189,4,0.75,False
synthetic,2,250,4,pca,linear,0.3979678580542939,4,0.75,False
synthetic,2,250,4,pca,xgb,0.625906430368828,4,0.75,False
synthetic,2,250,4,spectral-marginal,linear,0.3978428272570286,4,0.75,False
synthetic,2,250,4,spectral-marginal,xgb,0.5930758269777796,4,0.75,False
synthetic,2,250,4,spectral-gibbs,linear,0.3980545919558959,4,0.75,False
synthetic,2,250,4,spectral-gibbs,xgb,0.5818494892748262,4,0.75,False
synthetic,2,250,4,conditional,linear,0.4275614448742544,4,0.75,False
synthetic,2,250,4,conditional,xgb,0.644475522099442,4,0.75,False
synthetic,2,250,4,raw+pca,xgb,0.6457597253148261,4,0.75,False
synthetic,2,250,4,raw+spectral-gibbs,xgb,0.6241369082026724,4,0.75,False
synthetic,2,250,4,raw+conditional,xgb,0.6535239389690137,4,0.75,False
synthetic,2,1000,0,raw,linear,0.4510715515108721,4,0.75,False
synthetic,2,1000,0,raw,xgb,0.7261314565928355,4,0.75,False
synthetic,2,1000,0,pca,linear,0.40911028863374443,4,0.75,False
synthetic,2,1000,0,pca,xgb,0.685992095860487,4,0.75,False
synthetic,2,1000,0,spectral-marginal,linear,0.4087091646351121,4,0.75,False
synthetic,2,1000,0,spectral-marginal,xgb,0.660677361195583,4,0.75,False
synthetic,2,1000,0,spectral-gibbs,linear,0.40932847128451466,4,0.75,False
synthetic,2,1000,0,spectral-gibbs,xgb,0.6723430420478484,4,0.75,False
synthetic,2,1000,0,conditional,linear,0.43949173293342336,4,0.75,False
synthetic,2,1000,0,conditional,xgb,0.7332876801760941,4,0.75,False
synthetic,2,1000,0,raw+pca,xgb,0.7457779569559527,4,0.75,False
synthetic,2,1000,0,raw+spectral-gibbs,xgb,0.7460450790413349,4,0.75,False
synthetic,2,1000,0,raw+conditional,xgb,0.7759115763727493,4,0.75,False
synthetic,2,1000,1,raw,linear,0.4540469893178678,4,0.75,False
synthetic,2,1000,1,raw,xgb,0.7285299015627054,4,0.75,False
synthetic,2,1000,1,pca,linear,0.40851425740498115,4,0.75,False
synthetic,2,1000,1,pca,xgb,0.667800597845135,4,0.75,False
synthetic,2,1000,1,spectral-marginal,linear,0.408221379107204,4,0.75,False
synthetic,2,1000,1,spectral-marginal,xgb,0.6335636876251423,4,0.75,False
synthetic,2,1000,1,spectral-gibbs,linear,0.4086955959239619,4,0.75,False
synthetic,2,1000,1,spectral-gibbs,xgb,0.6390069034618918,4,0.75,False
synthetic,2,1000,1,conditional,linear,0.4333420814980453,4,0.75,False
synthetic,2,1000,1,conditional,xgb,0.7210672868105231,4,0.75,False
synthetic,2,1000,1,raw+pca,xgb,0.7419814852242268,4,0.75,False
synthetic,2,1000,1,raw+spectral-gibbs,xgb,0.7313216738117759,4,0.75,False
synthetic,2,1000,1,raw+conditional,xgb,0.7610235967094829,4,0.75,False
synthetic,2,1000,2,raw,linear,0.44879090095616414,4,0.75,False
synthetic,2,1000,2,raw,xgb,0.7142568926662564,4,0.75,False
synthetic,2,1000,2,pca,linear,0.4075135714219785,4,0.75,False
synthetic,2,1000,2,pca,xgb,0.6775639767752786,4,0.75,False
synthetic,2,1000,2,spectral-marginal,linear,0.4072237937694435,4,0.75,False
synthetic,2,1000,2,spectral-marginal,xgb,0.6538726354413428,4,0.75,False
synthetic,2,1000,2,spectral-gibbs,linear,0.40787426549181893,4,0.75,False
synthetic,2,1000,2,spectral-gibbs,xgb,0.6442603352181773,4,0.75,False
synthetic,2,1000,2,conditional,linear,0.4339721717081956,4,0.75,False
synthetic,2,1000,2,conditional,xgb,0.7182729165796752,4,0.75,False
synthetic,2,1000,2,raw+pca,xgb,0.7290880762318637,4,0.75,False
synthetic,2,1000,2,raw+spectral-gibbs,xgb,0.7274897151057368,4,0.75,False
synthetic,2,1000,2,raw+conditional,xgb,0.7583718750195078,4,0.75,False
synthetic,2,1000,3,raw,linear,0.4512131883057362,4,0.75,False
synthetic,2,1000,3,raw,xgb,0.7198728063235662,4,0.75,False
synthetic,2,1000,3,pca,linear,0.40887495748228275,4,0.75,False
synthetic,2,1000,3,pca,xgb,0.655324530285756,4,0.75,False
synthetic,2,1000,3,spectral-marginal,linear,0.40847751542666466,4,0.75,False
synthetic,2,1000,3,spectral-marginal,xgb,0.6500451040006161,4,0.75,False
synthetic,2,1000,3,spectral-gibbs,linear,0.4089740828388818,4,0.75,False
synthetic,2,1000,3,spectral-gibbs,xgb,0.633590371390552,4,0.75,False
synthetic,2,1000,3,conditional,linear,0.44666475347451773,4,0.75,False
synthetic,2,1000,3,conditional,xgb,0.726296140638024,4,0.75,False
synthetic,2,1000,3,raw+pca,xgb,0.7317598891509729,4,0.75,False
synthetic,2,1000,3,raw+spectral-gibbs,xgb,0.7268030668802985,4,0.75,False
synthetic,2,1000,3,raw+conditional,xgb,0.7724050564289849,4,0.75,False
synthetic,2,1000,4,raw,linear,0.4476625343024896,4,0.75,False
synthetic,2,1000,4,raw,xgb,0.7141261124971552,4,0.75,False
synthetic,2,1000,4,pca,linear,0.40450910531732864,4,0.75,False
synthetic,2,1000,4,pca,xgb,0.6870059663873749,4,0.75,False
synthetic,2,1000,4,spectral-marginal,linear,0.40420237495742106,4,0.75,False
synthetic,2,1000,4,spectral-marginal,xgb,0.6605140150027857,4,0.75,False
synthetic,2,1000,4,spectral-gibbs,linear,0.40492340745022704,4,0.75,False
synthetic,2,1000,4,spectral-gibbs,xgb,0.6612379076077557,4,0.75,False
synthetic,2,1000,4,conditional,linear,0.4364763803980194,4,0.75,False
synthetic,2,1000,4,conditional,xgb,0.7120524851754259,4,0.75,False
synthetic,2,1000,4,raw+pca,xgb,0.7288943670545476,4,0.75,False
synthetic,2,1000,4,raw+spectral-gibbs,xgb,0.7318071847307926,4,0.75,False
synthetic,2,1000,4,raw+conditional,xgb,0.7486671532885611,4,0.75,False
synthetic,0,50,0,raw,linear,0.3428668689494193,4,0.75,True
synthetic,0,50,0,raw,xgb,0.35634585883688097,4,0.75,True
synthetic,0,50,0,pca,linear,0.12979046624835178,4,0.75,True
synthetic,0,50,0,pca,xgb,0.11982881872772799,4,0.75,True
synthetic,0,50,0,spectral-marginal,linear,0.20803240376466114,4,0.75,True
synthetic,0,50,0,spectral-marginal,xgb,0.2279092929287958,4,0.75,True
synthetic,0,50,0,spectral-gibbs,linear,0.23966591628247558,4,0.75,True
synthetic,0,50,0,spectral-gibbs,xgb,0.20836269088964376,4,0.75,True
synthetic,0,50,0,conditional,linear,0.3509290986501332,4,0.75,True
synthetic,0,50,0,conditional,xgb,0.28768485749792905,4,0.75,True
synthetic,0,50,0,raw+pca,xgb,0.3865016270178304,4,0.75,True
synthetic,0,50,0,raw+spectral-gibbs,xgb,0.39602589884771333,4,0.75,True
synthetic,0,50,0,raw+conditional,xgb,0.3438089204341348,4,0.75,True
synthetic,0,50,1,raw,linear,0.24061932899000327,4,0.75,True
synthetic,0,50,1,raw,xgb,0.23381548073431102,4,0.75,True
synthetic,0,50,1,pca,linear,0.0850869547299572,4,0.75,True
synthetic,0,50,1,pca,xgb,0.14644937044050366,4,0.75,True
synthetic,0,50,1,spectral-marginal,linear,0.156314986553997,4,0.75,True
synthetic,0,50,1,spectral-marginal,xgb,0.2566460423867638,4,0.75,True
synthetic,0,50,1,spectral-gibbs,linear,0.1804563509201026,4,0.75,True
synthetic,0,50,1,spectral-gibbs,xgb,0.23246586177546547,4,0.75,True
synthetic,0,50,1,conditional,linear,0.37921871498177095,4,0.75,True
synthetic,0,50,1,conditional,xgb,0.28525561385030596,4,0.75,True
synthetic,0,50,1,raw+pca,xgb,0.25011002220886946,4,0.75,True
synthetic,0,50,1,raw+spectral-gibbs,xgb,0.23605300196822576,4,0.75,True
synthetic,0,50,1,raw+conditional,xgb,0.2653052309918844,4,0.75,True
synthetic,0,50,2,raw,linear,0.3714419636559225,4,0.75,True
synthetic,0,50,2,raw,xgb,0.24320191429742943,4,0.75,True
synthetic,0,50,2,pca,linear,0.06844351538305204,4,0.75,True
synthetic,0,50,2,pca,xgb,0.1019267085140495,4,0.75,True
synthetic,0,50,2,spectral-marginal,linear,0.17784980046877663,4,0.75,True
synthetic,0,50,2,spectral-marginal,xgb,0.1811946452668135,4,0.75,True
synthetic,0,50,2,spectral-gibbs,linear,0.21764211825537605,4,0.75,True
synthetic,0,50,2,spectral-gibbs,xgb,0.23388344981355336,4,0.75,True
synthetic,0,50,2,conditional,linear,0.3935107988853336,4,0.75,True
synthetic,0,50,2,conditional,xgb,0.347624544002226,4,0.75,True
synthetic,0,50,2,raw+pca,xgb,0.27376412313220755,4,0.75,True
synthetic,0,50,2,raw+spectral-gibbs,xgb,0.28891261851089145,4,0.75,True
synthetic,0,50,2,raw+conditional,xgb,0.3005795838035483,4,0.75,True
synthetic,0,50,3,raw,linear,0.39457032436431094,4,0.75,True
synthetic,0,50,3,raw,xgb,0.36741073406337843,4,0.75,True
synthetic,0,50,3,pca,linear,0.11692881505888908,4,0.75,True
synthetic,0,50,3,pca,xgb,0.04471913879593514,4,0.75,True
synthetic,0,50,3,spectral-marginal,linear,0.22950965099051623,4,0.75,True
synthetic,0,50,3,spectral-marginal,xgb,0.22370485546200725,4,0.75,True
synthetic,0,50,3,spectral-gibbs,linear,0.25678340141991396,4,0.75,True
synthetic,0,50,3,spectral-gibbs,xgb,0.29906005203559105,4,0.75,True
synthetic,0,50,3,conditional,linear,0.39582713366142797,4,0.75,True
synthetic,0,50,3,conditional,xgb,0.32883896696074755,4,0.75,True
synthetic,0,50,3,raw+pca,xgb,0.3592349695458271,4,0.75,True
synthetic,0,50,3,raw+spectral-gibbs,xgb,0.34803511317996094,4,0.75,True
synthetic,0,50,3,raw+conditional,xgb,0.36748692569874786,4,0.75,True
synthetic,0,50,4,raw,linear,0.3945613020976878,4,0.75,True
synthetic,0,50,4,raw,xgb,0.29302031046899757,4,0.75,True
synthetic,0,50,4,pca,linear,0.05574794919295123,4,0.75,True
synthetic,0,50,4,pca,xgb,-0.011768674720070704,4,0.75,True
synthetic,0,50,4,spectral-marginal,linear,0.2105413819138382,4,0.75,True
synthetic,0,50,4,spectral-marginal,xgb,0.20046949818342952,4,0.75,True
synthetic,0,50,4,spectral-gibbs,linear,0.2552757196897053,4,0.75,True
synthetic,0,50,4,spectral-gibbs,xgb,0.26335184163174674,4,0.75,True
synthetic,0,50,4,conditional,linear,0.47097379525538596,4,0.75,True
synthetic,0,50,4,conditional,xgb,0.3211601739647084,4,0.75,True
synthetic,0,50,4,raw+pca,xgb,0.26927036327537324,4,0.75,True
synthetic,0,50,4,raw+spectral-gibbs,xgb,0.33337489934510145,4,0.75,True
synthetic,0,50,4,raw+conditional,xgb,0.3201986969501802,4,0.75,True
synthetic,0,100,0,raw,linear,0.39337937577142,4,0.75,True
synthetic,0,100,0,raw,xgb,0.3988703223945388,4,0.75,True
synthetic,0,100,0,pca,linear,0.0977680718094941,4,0.75,True
synthetic,0,100,0,pca,xgb,0.1366165835885803,4,0.75,True
synthetic,0,100,0,spectral-marginal,linear,0.17690502848790635,4,0.75,True
synthetic,0,100,0,spectral-marginal,xgb,0.24363436837518393,4,0.75,True
synthetic,0,100,0,spectral-gibbs,linear,0.20726378173499826,4,0.75,True
synthetic,0,100,0,spectral-gibbs,xgb,0.28056008064104554,4,0.75,True
synthetic,0,100,0,conditional,linear,0.39176743427799043,4,0.75,True
synthetic,0,100,0,conditional,xgb,0.3655509882733703,4,0.75,True
synthetic,0,100,0,raw+pca,xgb,0.42334017407877633,4,0.75,True
synthetic,0,100,0,raw+spectral-gibbs,xgb,0.4642047647779196,4,0.75,True
synthetic,0,100,0,raw+conditional,xgb,0.40996183046298285,4,0.75,True
synthetic,0,100,1,raw,linear,0.3733555366805271,4,0.75,True
synthetic,0,100,1,raw,xgb,0.4033383075624005,4,0.75,True
synthetic,0,100,1,pca,linear,0.015490034296628874,4,0.75,True
synthetic,0,100,1,pca,xgb,0.02499856468084838,4,0.75,True
synthetic,0,100,1,spectral-marginal,linear,0.1208630504394812,4,0.75,True
synthetic,0,100,1,spectral-marginal,xgb,0.17663760931979489,4,0.75,True
synthetic,0,100,1,spectral-gibbs,linear,0.16209070817146198,4,0.75,True
synthetic,0,100,1,spectral-gibbs,xgb,0.1586114469437394,4,0.75,True
synthetic,0,100,1,conditional,linear,0.3381476208729317,4,0.75,True
synthetic,0,100,1,conditional,xgb,0.34525501369819533,4,0.75,True
synthetic,0,100,1,raw+pca,xgb,0.41169622038675613,4,0.75,True
synthetic,0,100,1,raw+spectral-gibbs,xgb,0.3866738966486012,4,0.75,True
synthetic,0,100,1,raw+conditional,xgb,0.42864324756814653,4,0.75,True
synthetic,0,100,2,raw,linear,0.41549895550823446,4,0.75,True
synthetic,0,100,2,raw,xgb,0.43150287255337083,4,0.75,True
synthetic,0,100,2,pca,linear,0.1425520502987928,4,0.75,True
synthetic,0,100,2,pca,xgb,0.16469022126354116,4,0.75,True
synthetic,0,100,2,spectral-marginal,linear,0.24796980235380695,4,0.75,True
synthetic,0,100,2,spectral-marginal,xgb,0.3051846416434988,4,0.75,True
synthetic,0,100,2,spectral-gibbs,linear,0.27973491741128764,4,0.75,True
synthetic,0,100,2,spectral-gibbs,xgb,0.3136849816826307,4,0.75,True
synthetic,0,100,2,conditional,linear,0.4809108292375792,4,0.75,True
synthetic,0,100,2,conditional,xgb,0.42949568871244515,4,0.75,True
synthetic,0,100,2,raw+pca,xgb,0.42647256292338453,4,0.75,True
synthetic,0,100,2,raw+spectral-gibbs,xgb,0.4568772060907099,4,0.75,True
synthetic,0,100,2,raw+conditional,xgb,0.4302646901111251,4,0.75,True
synthetic,0,100,3,raw,linear,0.26577716861288747,4,0.75,True
synthetic,0,100,3,raw,xgb,0.3562211280925348,4,0.75,True
synthetic,0,100,3,pca,linear,0.1382124970514793,4,0.75,True
synthetic,0,100,3,pca,xgb,0.04951125934122402,4,0.75,True
synthetic,0,100,3,spectral-marginal,linear,0.1954788933691871,4,0.75,True
synthetic,0,100,3,spectral-marginal,xgb,0.16253994531021387,4,0.75,True
synthetic,0,100,3,spectral-gibbs,linear,0.21535347980518538,4,0.75,True
synthetic,0,100,3,spectral-gibbs,xgb,0.16919622152708513,4,0.75,True
synthetic,0,100,3,conditional,linear,0.20805754502303886,4,0.75,True
synthetic,0,100,3,conditional,xgb,0.3633627827044723,4,0.75,True
synthetic,0,100,3,raw+pca,xgb,0.36269436922110887,4,0.75,True
synthetic,0,100,3,raw+spectral-gibbs,xgb,0.3854837560110095,4,0.75,True
synthetic,0,100,3,raw+conditional,xgb,0.3979366270515228,4,0.75,True
synthetic,0,100,4,raw,linear,0.4066347620654476,4,0.75,True
synthetic,0,100,4,raw,xgb,0.4455314310515994,4,0.75,True
synthetic,0,100,4,pca,linear,0.1246518147539104,4,0.75,True
synthetic,0,100,4,pca,xgb,0.040288684246418516,4,0.75,True
synthetic,0,100,4,spectral-marginal,linear,0.23187106353774878,4,0.75,True
synthetic,0,100,4,spectral-marginal,xgb,0.1945522614182993,4,0.75,True
synthetic,0,100,4,spectral-gibbs,linear,0.2678761524887192,4,0.75,True
synthetic,0,100,4,spectral-gibbs,xgb,0.20943052984133037,4,0.75,True
synthetic,0,100,4,conditional,linear,0.4945162811248329,4,0.75,True
synthetic,0,100,4,conditional,xgb,0.41198979526947754,4,0.75,True
synthetic,0,100,4,raw+pca,xgb,0.43710782846625584,4,0.75,True
synthetic,0,100,4,raw+spectral-gibbs,xgb,0.44189905499960735,4,0.75,True
synthetic,0,100,4,raw+conditional,xgb,0.4627148976818728,4,0.75,True
synthetic,0,250,0,raw,linear,0.4894589290599245,4,0.75,True
synthetic,0,250,0,raw,xgb,0.5286279513277583,4,0.75,True
synthetic,0,250,0,pca,linear,0.15369063975748587,4,0.75,True
synthetic,0,250,0,pca,xgb,0.2734083200552382,4,0.75,True
synthetic,0,250,0,spectral-marginal,linear,0.25294858951268473,4,0.75,True
synthetic,0,250,0,spectral-marginal,xgb,0.34867665844809015,4,0.75,True
synthetic,0,250,0,spectral-gibbs,linear,0.2851709731864819,4,0.75,True
synthetic,0,250,0,spectral-gibbs,xgb,0.4080037357517503,4,0.75,True
synthetic,0,250,0,conditional,linear,0.5285276074685838,4,0.75,True
synthetic,0,250,0,conditional,xgb,0.5142685397265503,4,0.75,True
synthetic,0,250,0,raw+pca,xgb,0.5350324347046249,4,0.75,True
synthetic,0,250,0,raw+spectral-gibbs,xgb,0.5471985472922056,4,0.75,True
synthetic,0,250,0,raw+conditional,xgb,0.5361658321026141,4,0.75,True
synthetic,0,250,1,raw,linear,0.4392434428530867,4,0.75,True
synthetic,0,250,1,raw,xgb,0.507596559332327,4,0.75,True
synthetic,0,250,1,pca,linear,0.16083581453222595,4,0.75,True
synthetic,0,250,1,pca,xgb,0.2165829421546719,4,0.75,True
synthetic,0,250,1,spectral-marginal,linear,0.2582370378564508,4,0.75,True
synthetic,0,250,1,spectral-marginal,xgb,0.3085948695664056,4,0.75,True
synthetic,0,250,1,spectral-gibbs,linear,0.2896483321833633,4,0.75,True
synthetic,0,250,1,spectral-gibbs,xgb,0.3753749702269078,4,0.75,True
synthetic,0,250,1,conditional,linear,0.5144032396337628,4,0.75,True
synthetic,0,250,1,conditional,xgb,0.5092985447065426,4,0.75,True
synthetic,0,250,1,raw+pca,xgb,0.5173462088686496,4,0.75,True
synthetic,0,250,1,raw+spectral-gibbs,xgb,0.5299245094829769,4,0.75,True
synthetic,0,250,1,raw+conditional,xgb,0.5314906796537908,4,0.75,True
synthetic,0,250,2,raw,linear,0.4408222629924694,4,0.75,True
synthetic,0,250,2,raw,xgb,0.5173875364359393,4,0.75,True
synthetic,0,250,2,pca,linear,0.12354761156667249,4,0.75,True
synthetic,0,250,2,pca,xgb,0.2591999711425723,4,0.75,True
synthetic,0,250,2,spectral-marginal,linear,0.2115660413462075,4,0.75,True
synthetic,0,250,2,spectral-marginal,xgb,0.3198440856021503,4,0.75,True
synthetic,0,250,2,spectral-gibbs,linear,0.24119979082995113,4,0.75,True
synthetic,0,250,2,spectral-gibbs,xgb,0.3746643635659195,4,0.75,True
synthetic,0,250,2,conditional,linear,0.4773865577083305,4,0.75,True
synthetic,0,250,2,conditional,xgb,0.5282350646231021,4,0.75,True
synthetic,0,250,2,raw+pca,xgb,0.5260729731294826,4,0.75,True
synthetic,0,250,2,raw+spectral-gibbs,xgb,0.539218031331581,4,0.75,True
synthetic,0,250,2,raw+conditional,xgb,0.5674419821430721,4,0.75,True
synthetic,0,250,3,raw,linear,0.4662451039129637,4,0.75,True
synthetic,0,250,3,raw,xgb,0.5677787332258553,4,0.75,True
synthetic,0,250,3,pca,linear,0.1547894168179602,4,0.75,True
synthetic,0,250,3,pca,xgb,0.2390092531256357,4,0.75,True
synthetic,0,250,3,spectral-marginal,linear,0.24678870484163162,4,0.75,True
synthetic,0,250,3,spectral-marginal,xgb,0.30873293436443383,4,0.75,True
synthetic,0,250,3,spectral-gibbs,linear,0.27910212336553386,4,0.75,True
synthetic,0,250,3,spectral-gibbs,xgb,0.3642559665306552,4,0.75,True
synthetic,0,250,3,conditional,linear,0.5306392686147966,4,0.75,True
synthetic,0,250,3,conditional,xgb,0.5327893727777573,4,0.75,True
synthetic,0,250,3,raw+pca,xgb,0.5652166216412705,4,0.75,True
synthetic,0,250,3,raw+spectral-gibbs,xgb,0.5897475508104117,4,0.75,True
synthetic,0,250,3,raw+conditional,xgb,0.5715495520419278,4,0.75,True
synthetic,0,250,4,raw,linear,0.4587492138097531,4,0.75,True
synthetic,0,250,4,raw,xgb,0.5338659472715868,4,0.75,True
synthetic,0,250,4,pca,linear,0.15058894185716232,4,0.75,True
synthetic,0,250,4,pca,xgb,0.18610147773338626,4,0.75,True
synthetic,0,250,4,spectral-marginal,linear,0.24845757538521152,4,0.75,True
synthetic,0,250,4,spectral-marginal,xgb,0.3159988893061434,4,0.75,True
synthetic,0,250,4,spectral-gibbs,linear,0.2805004263109253,4,0.75,True
synthetic,0,250,4,spectral-gibbs,xgb,0.301595372014682,4,0.75,True
synthetic,0,250,4,conditional,linear,0.52871917634903,4,0.75,True
synthetic,0,250,4,conditional,xgb,0.5170942672193692,4,0.75,True
synthetic,0,250,4,raw+pca,xgb,0.5358332502071731,4,0.75,True
synthetic,0,250,4,raw+spectral-gibbs,xgb,0.5429767225002696,4,0.75,True
synthetic,0,250,4,raw+conditional,xgb,0.5444264354887685,4,0.75,True
synthetic,0,1000,0,raw,linear,0.5077069539968885,4,0.75,True
synthetic,0,1000,0,raw,xgb,0.643068809911405,4,0.75,True
synthetic,0,1000,0,pca,linear,0.16351943075475206,4,0.75,True
synthetic,0,1000,0,pca,xgb,0.33703617063244995,4,0.75,True
synthetic,0,1000,0,spectral-marginal,linear,0.2627527699014037,4,0.75,True
synthetic,0,1000,0,spectral-marginal,xgb,0.44285307064775004,4,0.75,True
synthetic,0,1000,0,spectral-gibbs,linear,0.2945463138303336,4,0.75,True
synthetic,0,1000,0,spectral-gibbs,xgb,0.4550366708741169,4,0.75,True
synthetic,0,1000,0,conditional,linear,0.560814409522437,4,0.75,True
synthetic,0,1000,0,conditional,xgb,0.6117025572088965,4,0.75,True
synthetic,0,1000,0,raw+pca,xgb,0.6548223462028648,4,0.75,True
synthetic,0,1000,0,raw+spectral-gibbs,xgb,0.6596215449447909,4,0.75,True
synthetic,0,1000,0,raw+conditional,xgb,0.6646587805245336,4,0.75,True
synthetic,0,1000,1,raw,linear,0.5103719943361715,4,0.75,True
synthetic,0,1000,1,raw,xgb,0.6434432094735312,4,0.75,True
synthetic,0,1000,1,pca,linear,0.16051325611121015,4,0.75,True
synthetic,0,1000,1,pca,xgb,0.34994631685885436,4,0.75,True
synthetic,0,1000,1,spectral-marginal,linear,0.2582128601240201,4,0.75,True
synthetic,0,1000,1,spectral-marginal,xgb,0.43183327813138017,4,0.75,True
synthetic,0,1000,1,spectral-gibbs,linear,0.29030324824501474,4,0.75,True
synthetic,0,1000,1,spectral-gibbs,xgb,0.4619151360956707,4,0.75,True
synthetic,0,1000,1,conditional,linear,0.5608139011478588,4,0.75,True
synthetic,0,1000,1,conditional,xgb,0.6261720939532746,4,0.75,True
synthetic,0,1000,1,raw+pca,xgb,0.6544264684202117,4,0.75,True
synthetic,0,1000,1,raw+spectral-gibbs,xgb,0.6553667502109057,4,0.75,True
synthetic,0,1000,1,raw+conditional,xgb,0.6748158852070194,4,0.75,True
synthetic,0,1000,2,raw,linear,0.5164653917315476,4,0.75,True
synthetic,0,1000,2,raw,xgb,0.6433423481511962,4,0.75,True
synthetic,0,1000,2,pca,linear,0.16264083079554603,4,0.75,True
synthetic,0,1000,2,pca,xgb,0.33561361846561777,4,0.75,True
synthetic,0,1000,2,spectral-marginal,linear,0.2624083482093842,4,0.75,True
synthetic,0,1000,2,spectral-marginal,xgb,0.408979809712536,4,0.75,True
synthetic,0,1000,2,spectral-gibbs,linear,0.2944827933970491,4,0.75,True
synthetic,0,1000,2,spectral-gibbs,xgb,0.43747228838581353,4,0.75,True
synthetic,0,1000,2,conditional,linear,0.5573267970773536,4,0.75,True
synthetic,0,1000,2,conditional,xgb,0.6045117302262002,4,0.75,True
synthetic,0,1000,2,raw+pca,xgb,0.6431688882788773,4,0.75,True
synthetic,0,1000,2,raw+spectral-gibbs,xgb,0.642424661088345,4,0.75,True
synthetic,0,1000,2,raw+conditional,xgb,0.6475565305116826,4,0.75,True
synthetic,0,1000,3,raw,linear,0.5021697897653122,4,0.75,True
synthetic,0,1000,3,raw,xgb,0.6357330569867106,4,0.75,True
synthetic,0,1000,3,pca,linear,0.16170187797664648,4,0.75,True
synthetic,0,1000,3,pca,xgb,0.2918144091799223,4,0.75,True
synthetic,0,1000,3,spectral-marginal,linear,0.2619313310630791,4,0.75,True
synthetic,0,1000,3,spectral-marginal,xgb,0.42143879521188854,4,0.75,True
synthetic,0,1000,3,spectral-gibbs,linear,0.2940823805704367,4,0.75,True
synthetic,0,1000,3,spectral-gibbs,xgb,0.4290983770207881,4,0.75,True
synthetic,0,1000,3,conditional,linear,0.5605340460338473,4,0.75,True
synthetic,0,1000,3,conditional,xgb,0.6172359654860506,4,0.75,True
synthetic,0,1000,3,raw+pca,xgb,0.641441079186718,4,0.75,True
synthetic,0,1000,3,raw+spectral-gibbs,xgb,0.6436891560555706,4,0.75,True
synthetic,0,1000,3,raw+conditional,xgb,0.6593618664435762,4,0.75,True
synthetic,0,1000,4,raw,linear,0.5175625679969036,4,0.75,True
synthetic,0,1000,4,raw,xgb,0.6439004423976792,4,0.75,True
synthetic,0,1000,4,pca,linear,0.16377123971230811,4,0.75,True
synthetic,0,1000,4,pca,xgb,0.32250082139158676,4,0.75,True
synthetic,0,1000,4,spectral-marginal,linear,0.2621595560825214,4,0.75,True
synthetic,0,1000,4,spectral-marginal,xgb,0.42263607567865835,4,0.75,True
synthetic,0,1000,4,spectral-gibbs,linear,0.2934725584222738,4,0.75,True
synthetic,0,1000,4,spectral-gibbs,xgb,0.4556333370368296,4,0.75,True
synthetic,0,1000,4,conditional,linear,0.5650003807862134,4,0.75,True
synthetic,0,1000,4,conditional,xgb,0.6296843582619582,4,0.75,True
synthetic,0,1000,4,raw+pca,xgb,0.6509602025978558,4,0.75,True
synthetic,0,1000,4,raw+spectral-gibbs,xgb,0.6603932823856984,4,0.75,True
synthetic,0,1000,4,raw+conditional,xgb,0.6692479915856706,4,0.75,True
synthetic,1,50,0,raw,linear,0.3588862825781115,4,0.75,True
synthetic,1,50,0,raw,xgb,0.32370915536351896,4,0.75,True
synthetic,1,50,0,pca,linear,0.23980551175905773,4,0.75,True
synthetic,1,50,0,pca,xgb,0.2200851456098395,4,0.75,True
synthetic,1,50,0,spectral-marginal,linear,0.23629944063277886,4,0.75,True
synthetic,1,50,0,spectral-marginal,xgb,0.24385143200870085,4,0.75,True
synthetic,1,50,0,spectral-gibbs,linear,0.24829026187764824,4,0.75,True
synthetic,1,50,0,spectral-gibbs,xgb,0.24834958659247874,4,0.75,True
synthetic,1,50,0,conditional,linear,0.39334400060377317,4,0.75,True
synthetic,1,50,0,conditional,xgb,0.26918661215650197,4,0.75,True
synthetic,1,50,0,raw+pca,xgb,0.3083771041234299,4,0.75,True
synthetic,1,50,0,raw+spectral-gibbs,xgb,0.3097185624927671,4,0.75,True
synthetic,1,50,0,raw+conditional,xgb,0.3511390083420175,4,0.75,True
synthetic,1,50,1,raw,linear,0.30716919700462086,4,0.75,True
synthetic,1,50,1,raw,xgb,0.21323167917124408,4,0.75,True
synthetic,1,50,1,pca,linear,0.06329768944447689,4,0.75,True
synthetic,1,50,1,pca,xgb,0.09970470686701938,4,0.75,True
synthetic,1,50,1,spectral-marginal,linear,0.07134415200525845,4,0.75,True
synthetic,1,50,1,spectral-marginal,xgb,0.06265897939004283,4,0.75,True
synthetic,1,50,1,spectral-gibbs,linear,0.08317050890212807,4,0.75,True
synthetic,1,50,1,spectral-gibbs,xgb,0.11482250261348803,4,0.75,True
synthetic,1,50,1,conditional,linear,0.23487008147644572,4,0.75,True
synthetic,1,50,1,conditional,xgb,0.15178285056745966,4,0.75,True
synthetic,1,50,1,raw+pca,xgb,0.21070236001810283,4,0.75,True
synthetic,1,50,1,raw+spectral-gibbs,xgb,0.21477602976662014,4,0.75,True
synthetic,1,50,1,raw+conditional,xgb,0.19609008855186905,4,0.75,True
synthetic,1,50,2,raw,linear,0.28192459335979236,4,0.75,True
synthetic,1,50,2,raw,xgb,0.25792754242811566,4,0.75,True
synthetic,1,50,2,pca,linear,0.16713953236693624,4,0.75,True
synthetic,1,50,2,pca,xgb,0.08322687898725867,4,0.75,True
synthetic,1,50,2,spectral-marginal,linear,0.1645803084413634,4,0.75,True
synthetic,1,50,2,spectral-marginal,xgb,0.005319456237829034,4,0.75,True
synthetic,1,50,2,spectral-gibbs,linear,0.1654729232290143,4,0.75,True
synthetic,1,50,2,spectral-gibbs,xgb,0.05704699903846633,4,0.75,True
synthetic,1,50,2,conditional,linear,0.47484128855052543,4,0.75,True
synthetic,1,50,2,conditional,xgb,0.3371351775865541,4,0.75,True
synthetic,1,50,2,raw+pca,xgb,0.23867501272570435,4,0.75,True
synthetic,1,50,2,raw+spectral-gibbs,xgb,0.2051136130593183,4,0.75,True
synthetic,1,50,2,raw+conditional,xgb,0.29363395850919893,4,0.75,True
synthetic,1,50,3,raw,linear,0.3654565070408963,4,0.75,True
synthetic,1,50,3,raw,xgb,0.29230668781478064,4,0.75,True
synthetic,1,50,3,pca,linear,0.2595754329610329,4,0.75,True
synthetic,1,50,3,pca,xgb,0.07498064074619015,4,0.75,True
synthetic,1,50,3,spectral-marginal,linear,0.24814938947526743,4,0.75,True
synthetic,1,50,3,spectral-marginal,xgb,0.1076921557022057,4,0.75,True
synthetic,1,50,3,spectral-gibbs,linear,0.25218610138693487,4,0.75,True
synthetic,1,50,3,spectral-gibbs,xgb,0.1968284883458108,4,0.75,True
synthetic,1,50,3,conditional,linear,0.4638234897197395,4,0.75,True
synthetic,1,50,3,conditional,xgb,0.3541528898341255,4,0.75,True
synthetic,1,50,3,raw+pca,xgb,0.28975575891127603,4,0.75,True
synthetic,1,50,3,raw+spectral-gibbs,xgb,0.33898285731236877,4,0.75,True
synthetic,1,50,3,raw+conditional,xgb,0.36827823263668147,4,0.75,True
synthetic,1,50,4,raw,linear,0.33774951273141174,4,0.75,True
synthetic,1,50,4,raw,xgb,0.29761084256119397,4,0.75,True
synthetic,1,50,4,pca,linear,0.26346797557114454,4,0.75,True
synthetic,1,50,4,pca,xgb,0.2145683632976485,4,0.75,True
synthetic,1,50,4,spectral-marginal,linear,0.25247086333136226,4,0.75,True
synthetic,1,50,4,spectral-marginal,xgb,0.18859503782946918,4,0.75,True
synthetic,1,50,4,spectral-gibbs,linear,0.2534090466340908,4,0.75,True
synthetic,1,50,4,spectral-gibbs,xgb,0.21501913032876852,4,0.75,True
synthetic,1,50,4,conditional,linear,0.43434718101372183,4,0.75,True
synthetic,1,50,4,conditional,xgb,0.3185387923631531,4,0.75,True
synthetic,1,50,4,raw+pca,xgb,0.32809376522927813,4,0.75,True
synthetic,1,50,4,raw+spectral-gibbs,xgb,0.3255463139747956,4,0.75,True
synthetic,1,50,4,raw+conditional,xgb,0.31601251410363373,4,0.75,True
synthetic,1,100,0,raw,linear,0.44326308012611215,4,0.75,True
synthetic,1,100,0,raw,xgb,0.4676109884587253,4,0.75,True
synthetic,1,100,0,pca,linear,0.15208752221178667,4,0.75,True
synthetic,1,100,0,pca,xgb,0.2068608781368788,4,0.75,True
synthetic,1,100,0,spectral-marginal,linear,0.13548595137403818,4,0.75,True
synthetic,1,100,0,spectral-marginal,xgb,0.09694091655138182,4,0.75,True
synthetic,1,100,0,spectral-gibbs,linear,0.15478490684274582,4,0.75,True
synthetic,1,100,0,spectral-gibbs,xgb,0.08841509215861021,4,0.75,True
synthetic,1,100,0,conditional,linear,0.4861097704312286,4,0.75,True
synthetic,1,100,0,conditional,xgb,0.38732289670833564,4,0.75,True
synthetic,1,100,0,raw+pca,xgb,0.4677629562937753,4,0.75,True
synthetic,1,100,0,raw+spectral-gibbs,xgb,0.4829212918560205,4,0.75,True
synthetic,1,100,0,raw+conditional,xgb,0.44814010617041544,4,0.75,True
synthetic,1,100,1,raw,linear,0.4009335724787706,4,0.75,True
synthetic,1,100,1,raw,xgb,0.45299682930262264,4,0.75,True
synthetic,1,100,1,pca,linear,0.2560013685621756,4,0.75,True
synthetic,1,100,1,pca,xgb,0.24883818766823995,4,0.75,True
synthetic,1,100,1,spectral-marginal,linear,0.24621708286118027,4,0.75,True
synthetic,1,100,1,spectral-marginal,xgb,0.23604094076738313,4,0.75,True
synthetic,1,100,1,spectral-gibbs,linear,0.25181840535283395,4,0.75,True
synthetic,1,100,1,spectral-gibbs,xgb,0.2492842903531889,4,0.75,True
synthetic,1,100,1,conditional,linear,0.4872277663643366,4,0.75,True
synthetic,1,100,1,conditional,xgb,0.445606220649883,4,0.75,True
synthetic,1,100,1,raw+pca,xgb,0.48157518565923174,4,0.75,True
synthetic,1,100,1,raw+spectral-gibbs,xgb,0.4666587033845948,4,0.75,True
synthetic,1,100,1,raw+conditional,xgb,0.45949503849796425,4,0.75,True
synthetic,1,100,2,raw,linear,0.4565050298198543,4,0.75,True
synthetic,1,100,2,raw,xgb,0.44297133959351853,4,0.75,True
synthetic,1,100,2,pca,linear,0.2295945701272819,4,0.75,True
synthetic,1,100,2,pca,xgb,0.28406874992213693,4,0.75,True
synthetic,1,100,2,spectral-marginal,linear,0.22559427629908313,4,0.75,True
synthetic,1,100,2,spectral-marginal,xgb,0.26483616829839374,4,0.75,True
synthetic,1,100,2,spectral-gibbs,linear,0.23289677659442232,4,0.75,True
synthetic,1,100,2,spectral-gibbs,xgb,0.24171793581131318,4,0.75,True
synthetic,1,100,2,conditional,linear,0.4773300520268525,4,0.75,True
synthetic,1,100,2,conditional,xgb,0.42185300095781186,4,0.75,True
synthetic,1,100,2,raw+pca,xgb,0.47481135845815436,4,0.75,True
synthetic,1,100,2,raw+spectral-gibbs,xgb,0.4527323359704837,4,0.75,True
synthetic,1,100,2,raw+conditional,xgb,0.4808294914561434,4,0.75,True
synthetic,1,100,3,raw,linear,0.46836791142611,4,0.75,True
synthetic,1,100,3,raw,xgb,0.47458599527557943,4,0.75,True
synthetic,1,100,3,pca,linear,0.2557990145129717,4,0.75,True
synthetic,1,100,3,pca,xgb,0.24723177131370389,4,0.75,True
synthetic,1,100,3,spectral-marginal,linear,0.2532728384527887,4,0.75,True
synthetic,1,100,3,spectral-marginal,xgb,0.18543107800315872,4,0.75,True
synthetic,1,100,3,spectral-gibbs,linear,0.2587467554311489,4,0.75,True
synthetic,1,100,3,spectral-gibbs,xgb,0.20025658097477606,4,0.75,True
synthetic,1,100,3,conditional,linear,0.5174548324235331,4,0.75,True
synthetic,1,100,3,conditional,xgb,0.4983676153388493,4,0.75,True
synthetic,1,100,3,raw+pca,xgb,0.46356771237851735,4,0.75,True
synthetic,1,100,3,raw+spectral-gibbs,xgb,0.48132406140617245,4,0.75,True
synthetic,1,100,3,raw+conditional,xgb,0.49868237873916355,4,0.75,True
synthetic,1,100,4,raw,linear,0.34708190413154494,4,0.75,True
synthetic,1,100,4,raw,xgb,0.43336070330915477,4,0.75,True
synthetic,1,100,4,pca,linear,0.2561619817014924,4,0.75,True
synthetic,1,100,4,pca,xgb,0.29277752215588604,4,0.75,True
synthetic,1,100,4,spectral-marginal,linear,0.24847774140309398,4,0.75,True
synthetic,1,100,4,spectral-marginal,xgb,0.2739676305712585,4,0.75,True
synthetic,1,100,4,spectral-gibbs,linear,0.25299996845873873,4,0.75,True
synthetic,1,100,4,spectral-gibbs,xgb,0.2720917853772066,4,0.75,True
synthetic,1,100,4,conditional,linear,0.48364125844118133,4,0.75,True
synthetic,1,100,4,conditional,xgb,0.45358318692179156,4,0.75,True
synthetic,1,100,4,raw+pca,xgb,0.443483856292503,4,0.75,True
synthetic,1,100,4,raw+spectral-gibbs,xgb,0.44617100642706453,4,0.75,True
synthetic,1,100,4,raw+conditional,xgb,0.47212740121430974,4,0.75,True
synthetic,1,250,0,raw,linear,0.4984401396032193,4,0.75,True
synthetic,1,250,0,raw,xgb,0.5850610119986683,4,0.75,True
synthetic,1,250,0,pca,linear,0.26461979650536294,4,0.75,True
synthetic,1,250,0,pca,xgb,0.27811659568583325,4,0.75,True
synthetic,1,250,0,spectral-marginal,linear,0.25551497492243724,4,0.75,True
synthetic,1,250,0,spectral-marginal,xgb,0.28695428751723717,4,0.75,True
synthetic,1,250,0,spectral-gibbs,linear,0.25862499625287094,4,0.75,True
synthetic,1,250,0,spectral-gibbs,xgb,0.2883496893507659,4,0.75,True
synthetic,1,250,0,conditional,linear,0.5459788396153589,4,0.75,True
synthetic,1,250,0,conditional,xgb,0.5782227467792062,4,0.75,True
synthetic,1,250,0,raw+pca,xgb,0.5913790007870754,4,0.75,True
synthetic,1,250,0,raw+spectral-gibbs,xgb,0.5864601469777506,4,0.75,True
synthetic,1,250,0,raw+conditional,xgb,0.6265565296621174,4,0.75,True
synthetic,1,250,1,raw,linear,0.4721863337724004,4,0.75,True
synthetic,1,250,1,raw,xgb,0.5399153161066226,4,0.75,True
synthetic,1,250,1,pca,linear,0.27095724322975934,4,0.75,True
synthetic,1,250,1,pca,xgb,0.3309962528205508,4,0.75,True
synthetic,1,250,1,spectral-marginal,linear,0.26862717098815436,4,0.75,True
synthetic,1,250,1,spectral-marginal,xgb,0.33883913655439546,4,0.75,True
synthetic,1,250,1,spectral-gibbs,linear,0.27430718805048204,4,0.75,True
synthetic,1,250,1,spectral-gibbs,xgb,0.34906172629376986,4,0.75,True
synthetic,1,250,1,conditional,linear,0.5274055971269422,4,0.75,True
synthetic,1,250,1,conditional,xgb,0.5373817572046004,4,0.75,True
synthetic,1,250,1,raw+pca,xgb,0.5509184091978614,4,0.75,True
synthetic,1,250,1,raw+spectral-gibbs,xgb,0.5592393281972476,4,0.75,True
synthetic,1,250,1,raw+conditional,xgb,0.5780407262308982,4,0.75,True
synthetic,1,250,2,raw,linear,0.5071659516313465,4,0.75,True
synthetic,1,250,2,raw,xgb,0.5720819310679167,4,0.75,True
synthetic,1,250,2,pca,linear,0.2635633722987122,4,0.75,True
synthetic,1,250,2,pca,xgb,0.3256277322391682,4,0.75,True
synthetic,1,250,2,spectral-marginal,linear,0.2582072861635111,4,0.75,True
synthetic,1,250,2,spectral-marginal,xgb,0.31963601899090344,4,0.75,True
synthetic,1,250,2,spectral-gibbs,linear,0.26302288735723767,4,0.75,True
synthetic,1,250,2,spectral-gibbs,xgb,0.31492688972218963,4,0.75,True
synthetic,1,250,2,conditional,linear,0.5612172500234227,4,0.75,True
synthetic,1,250,2,conditional,xgb,0.5546289786570607,4,0.75,True
synthetic,1,250,2,raw+pca,xgb,0.5786386245164179,4,0.75,True
synthetic,1,250,2,raw+spectral-gibbs,xgb,0.5860639718419507,4,0.75,True
synthetic,1,250,2,raw+conditional,xgb,0.5923486450764133,4,0.75,True
synthetic,1,250,3,raw,linear,0.46657398100431025,4,0.75,True
synthetic,1,250,3,raw,xgb,0.5202948986462224,4,0.75,True
synthetic,1,250,3,pca,linear,0.2596297584457823,4,0.75,True
synthetic,1,250,3,pca,xgb,0.3357294935072579,4,0.75,True
synthetic,1,250,3,spectral-marginal,linear,0.25465582041106705,4,0.75,True
synthetic,1,250,3,spectral-marginal,xgb,0.36382470487035556,4,0.75,True
synthetic,1,250,3,spectral-gibbs,linear,0.2630428825335077,4,0.75,True
synthetic,1,250,3,spectral-gibbs,xgb,0.34631525099517624,4,0.75,True
synthetic,1,250,3,conditional,linear,0.5210510609855735,4,0.75,True
synthetic,1,250,3,conditional,xgb,0.5206125837758557,4,0.75,True
synthetic,1,250,3,raw+pca,xgb,0.5366300060100977,4,0.75,True
synthetic,1,250,3,raw+spectral-gibbs,xgb,0.5386300481219,4,0.75,True
synthetic,1,250,3,raw+conditional,xgb,0.5457762233613628,4,0.75,True
synthetic,1,250,4,raw,linear,0.5123855054693705,4,0.75,True
synthetic,1,250,4,raw,xgb,0.5628940036185861,4,0.75,True
synthetic,1,250,4,pca,linear,0.26719595274830044,4,0.75,True
synthetic,1,250,4,pca,xgb,0.3254410257264283,4,0.75,True
synthetic,1,250,4,spectral-marginal,linear,0.2630176997737633,4,0.75,True
synthetic,1,250,4,spectral-marginal,xgb,0.31395022697471753,4,0.75,True
synthetic,1,250,4,spectral-gibbs,linear,0.26708209223047996,4,0.75,True
synthetic,1,250,4,spectral-gibbs,xgb,0.32372286515708293,4,0.75,True
synthetic,1,250,4,conditional,linear,0.5341636537083305,4,0.75,True
synthetic,1,250,4,conditional,xgb,0.5419738547145794,4,0.75,True
synthetic,1,250,4,raw+pca,xgb,0.5690282249219607,4,0.75,True
synthetic,1,250,4,raw+spectral-gibbs,xgb,0.5704507598660626,4,0.75,True
synthetic,1,250,4,raw+conditional,xgb,0.5744475354710479,4,0.75,True
synthetic,1,1000,0,raw,linear,0.5357911102680274,4,0.75,True
synthetic,1,1000,0,raw,xgb,0.6687856051625902,4,0.75,True
synthetic,1,1000,0,pca,linear,0.27463264652458974,4,0.75,True
synthetic,1,1000,0,pca,xgb,0.4036857797141873,4,0.75,True
synthetic,1,1000,0,spectral-marginal,linear,0.27076099076070004,4,0.75,True
synthetic,1,1000,0,spectral-marginal,xgb,0.39164318359089756,4,0.75,True
synthetic,1,1000,0,spectral-gibbs,linear,0.2766993482854211,4,0.75,True
synthetic,1,1000,0,spectral-gibbs,xgb,0.40091727066935046,4,0.75,True
synthetic,1,1000,0,conditional,linear,0.5715955966361672,4,0.75,True
synthetic,1,1000,0,conditional,xgb,0.633407029578103,4,0.75,True
synthetic,1,1000,0,raw+pca,xgb,0.6676715209765708,4,0.75,True
synthetic,1,1000,0,raw+spectral-gibbs,xgb,0.6693884879412118,4,0.75,True
synthetic,1,1000,0,raw+conditional,xgb,0.6901438994644475,4,0.75,True
synthetic,1,1000,1,raw,linear,0.5257193983502428,4,0.75,True
synthetic,1,1000,1,raw,xgb,0.6742863850272773,4,0.75,True
synthetic,1,1000,1,pca,linear,0.25683212932220945,4,0.75,True
synthetic,1,1000,1,pca,xgb,0.366557957568455,4,0.75,True
synthetic,1,1000,1,spectral-marginal,linear,0.25091466052498446,4,0.75,True
synthetic,1,1000,1,spectral-marginal,xgb,0.3718061050713416,4,0.75,True
synthetic,1,1000,1,spectral-gibbs,linear,0.25745784738986177,4,0.75,True
synthetic,1,1000,1,spectral-gibbs,xgb,0.3633769610836677,4,0.75,True
synthetic,1,1000,1,conditional,linear,0.5736492771180626,4,0.75,True
synthetic,1,1000,1,conditional,xgb,0.6501032741738801,4,0.75,True
synthetic,1,1000,1,raw+pca,xgb,0.6836714696403527,4,0.75,True
synthetic,1,1000,1,raw+spectral-gibbs,xgb,0.6839712890411773,4,0.75,True
synthetic,1,1000,1,raw+conditional,xgb,0.7005132545998913,4,0.75,True
synthetic,1,1000,2,raw,linear,0.5457967641611978,4,0.75,True
synthetic,1,1000,2,raw,xgb,0.6866883120113736,4,0.75,True
synthetic,1,1000,2,pca,linear,0.2769059069072505,4,0.75,True
synthetic,1,1000,2,pca,xgb,0.4171989142295407,4,0.75,True
synthetic,1,1000,2,spectral-marginal,linear,0.27246974747445807,4,0.75,True
synthetic,1,1000,2,spectral-marginal,xgb,0.39787053551359963,4,0.75,True
synthetic,1,1000,2,spectral-gibbs,linear,0.2779678381479632,4,0.75,True
synthetic,1,1000,2,spectral-gibbs,xgb,0.3971793901367844,4,0.75,True
synthetic,1,1000,2,conditional,linear,0.5830535479976285,4,0.75,True
synthetic,1,1000,2,conditional,xgb,0.6605597353434121,4,0.75,True
synthetic,1,1000,2,raw+pca,xgb,0.6943742531003936,4,0.75,True
synthetic,1,1000,2,raw+spectral-gibbs,xgb,0.6956417813866668,4,0.75,True
synthetic,1,1000,2,raw+conditional,xgb,0.7046926020386246,4,0.75,True
synthetic,1,1000,3,raw,linear,0.5438323166395949,4,0.75,True
synthetic,1,1000,3,raw,xgb,0.6721432424991662,4,0.75,True
synthetic,1,1000,3,pca,linear,0.28088291626292816,4,0.75,True
synthetic,1,1000,3,pca,xgb,0.39874506769448337,4,0.75,True
synthetic,1,1000,3,spectral-marginal,linear,0.27631216862914343,4,0.75,True
synthetic,1,1000,3,spectral-marginal,xgb,0.40203711490309635,4,0.75,True
synthetic,1,1000,3,spectral-gibbs,linear,0.28205033482038644,4,0.75,True
synthetic,1,1000,3,spectral-gibbs,xgb,0.39318610014204347,4,0.75,True
synthetic,1,1000,3,conditional,linear,0.5828229739965104,4,0.75,True
synthetic,1,1000,3,conditional,xgb,0.6589374176387068,4,0.75,True
synthetic,1,1000,3,raw+pca,xgb,0.6783713413950367,4,0.75,True
synthetic,1,1000,3,raw+spectral-gibbs,xgb,0.6906466950219703,4,0.75,True
synthetic,1,1000,3,raw+conditional,xgb,0.6969368118881456,4,0.75,True
synthetic,1,1000,4,raw,linear,0.5262542134254509,4,0.75,True
synthetic,1,1000,4,raw,xgb,0.6791046498250997,4,0.75,True
synthetic,1,1000,4,pca,linear,0.27471584430864926,4,0.75,True
synthetic,1,1000,4,pca,xgb,0.408178814603654,4,0.75,True
synthetic,1,1000,4,spectral-marginal,linear,0.270330324200019,4,0.75,True
synthetic,1,1000,4,spectral-marginal,xgb,0.40619059184331363,4,0.75,True
synthetic,1,1000,4,spectral-gibbs,linear,0.27558263289775253,4,0.75,True
synthetic,1,1000,4,spectral-gibbs,xgb,0.4039691929767626,4,0.75,True
synthetic,1,1000,4,conditional,linear,0.5812467717945906,4,0.75,True
synthetic,1,1000,4,conditional,xgb,0.6390049561703544,4,0.75,True
synthetic,1,1000,4,raw+pca,xgb,0.6775742058365304,4,0.75,True
synthetic,1,1000,4,raw+spectral-gibbs,xgb,0.6818905895128844,4,0.75,True
synthetic,1,1000,4,raw+conditional,xgb,0.6975692370859758,4,0.75,True
synthetic,2,50,0,raw,linear,0.2820182733991845,4,0.75,True
synthetic,2,50,0,raw,xgb,0.295652036179353,4,0.75,True
synthetic,2,50,0,pca,linear,0.26937877424805345,4,0.75,True
synthetic,2,50,0,pca,xgb,0.34777396137044125,4,0.75,True
synthetic,2,50,0,spectral-marginal,linear,0.2968073850951328,4,0.75,True
synthetic,2,50,0,spectral-marginal,xgb,0.3251188571915262,4,0.75,True
synthetic,2,50,0,spectral-gibbs,linear,0.30161824856073904,4,0.75,True
synthetic,2,50,0,spectral-gibbs,xgb,0.30973502223103266,4,0.75,True
synthetic,2,50,0,conditional,linear,0.15250305583486412,4,0.75,True
synthetic,2,50,0,conditional,xgb,0.4020651230887613,4,0.75,True
synthetic,2,50,0,raw+pca,xgb,0.3214744540122777,4,0.75,True
synthetic,2,50,0,raw+spectral-gibbs,xgb,0.32397882259197985,4,0.75,True
synthetic,2,50,0,raw+conditional,xgb,0.32189693273849773,4,0.75,True
synthetic,2,50,1,raw,linear,0.17429101885743525,4,0.75,True
synthetic,2,50,1,raw,xgb,0.24714372328596812,4,0.75,True
synthetic,2,50,1,pca,linear,0.18587278851417122,4,0.75,True
synthetic,2,50,1,pca,xgb,-0.004659150156509861,4,0.75,True
synthetic,2,50,1,spectral-marginal,linear,0.23378282582627063,4,0.75,True
synthetic,2,50,1,spectral-marginal,xgb,0.19557240685291788,4,0.75,True
synthetic,2,50,1,spectral-gibbs,linear,0.25577841137712853,4,0.75,True
synthetic,2,50,1,spectral-gibbs,xgb,0.13673643955759984,4,0.75,True
synthetic,2,50,1,conditional,linear,0.1375565422698758,4,0.75,True
synthetic,2,50,1,conditional,xgb,0.24610859150986997,4,0.75,True
synthetic,2,50,1,raw+pca,xgb,0.24095231296703556,4,0.75,True
synthetic,2,50,1,raw+spectral-gibbs,xgb,0.25318827161531987,4,0.75,True
synthetic,2,50,1,raw+conditional,xgb,0.2754527140423495,4,0.75,True
synthetic,2,50,2,raw,linear,0.35426916305844314,4,0.75,True
synthetic,2,50,2,raw,xgb,0.372881218068567,4,0.75,True
synthetic,2,50,2,pca,linear,0.26422100630429657,4,0.75,True
synthetic,2,50,2,pca,xgb,0.20185588422054523,4,0.75,True
synthetic,2,50,2,spectral-marginal,linear,0.28164022209083406,4,0.75,True
synthetic,2,50,2,spectral-marginal,xgb,0.31335887852489885,4,0.75,True
synthetic,2,50,2,spectral-gibbs,linear,0.2893929408973004,4,0.75,True
synthetic,2,50,2,spectral-gibbs,xgb,0.3443510803652641,4,0.75,True
synthetic,2,50,2,conditional,linear,0.4255654227386251,4,0.75,True
synthetic,2,50,2,conditional,xgb,0.36865436500593807,4,0.75,True
synthetic,2,50,2,raw+pca,xgb,0.38291876545195125,4,0.75,True
synthetic,2,50,2,raw+spectral-gibbs,xgb,0.36994984042752344,4,0.75,True
synthetic,2,50,2,raw+conditional,xgb,0.3852711425112446,4,0.75,True
synthetic,2,50,3,raw,linear,0.40057498948128256,4,0.75,True
synthetic,2,50,3,raw,xgb,0.3902678584577025,4,0.75,True
synthetic,2,50,3,pca,linear,0.24548097258423507,4,0.75,True
synthetic,2,50,3,pca,xgb,0.3121538821976293,4,0.75,True
synthetic,2,50,3,spectral-marginal,linear,0.2643754112660889,4,0.75,True
synthetic,2,50,3,spectral-marginal,xgb,0.2189856409717741,4,0.75,True
synthetic,2,50,3,spectral-gibbs,linear,0.282771148221846,4,0.75,True
synthetic,2,50,3,spectral-gibbs,xgb,0.2599097970508629,4,0.75,True
synthetic,2,50,3,conditional,linear,0.3953005598949685,4,0.75,True
synthetic,2,50,3,conditional,xgb,0.36007989464634915,4,0.75,True
synthetic,2,50,3,raw+pca,xgb,0.401110300271212,4,0.75,True
synthetic,2,50,3,raw+spectral-gibbs,xgb,0.39300708594770983,4,0.75,True
synthetic,2,50,3,raw+conditional,xgb,0.39763630608548317,4,0.75,True
synthetic,2,50,4,raw,linear,0.36132880293152003,4,0.75,True
synthetic,2,50,4,raw,xgb,0.40209572837524676,4,0.75,True
synthetic,2,50,4,pca,linear,0.12619792151595688,4,0.75,True
synthetic,2,50,4,pca,xgb,0.1789606062339253,4,0.75,True
synthetic,2,50,4,spectral-marginal,linear,0.1347566469342265,4,0.75,True
synthetic,2,50,4,spectral-marginal,xgb,0.21701000156205907,4,0.75,True
synthetic,2,50,4,spectral-gibbs,linear,0.14149185618129323,4,0.75,True
synthetic,2,50,4,spectral-gibbs,xgb,0.047666935556307855,4,0.75,True
synthetic,2,50,4,conditional,linear,0.3401764712398857,4,0.75,True
synthetic,2,50,4,conditional,xgb,0.36337872692119544,4,0.75,True
synthetic,2,50,4,raw+pca,xgb,0.4284828153925788,4,0.75,True
synthetic,2,50,4,raw+spectral-gibbs,xgb,0.42986181401272994,4,0.75,True
synthetic,2,50,4,raw+conditional,xgb,0.3982930411746062,4,0.75,True
synthetic,2,100,0,raw,linear,0.39451999143074634,4,0.75,True
synthetic,2,100,0,raw,xgb,0.3857004463509274,4,0.75,True
synthetic,2,100,0,pca,linear,0.2334249368836514,4,0.75,True
synthetic,2,100,0,pca,xgb,0.3174407421964869,4,0.75,True
synthetic,2,100,0,spectral-marginal,linear,0.25965383382626395,4,0.75,True
synthetic,2,100,0,spectral-marginal,xgb,0.32332793907375756,4,0.75,True
synthetic,2,100,0,spectral-gibbs,linear,0.26936466090817945,4,0.75,True
synthetic,2,100,0,spectral-gibbs,xgb,0.33160433878504547,4,0.75,True
synthetic,2,100,0,conditional,linear,0.3531661391312315,4,0.75,True
synthetic,2,100,0,conditional,xgb,0.39880517604929344,4,0.75,True
synthetic,2,100,0,raw+pca,xgb,0.44593698046758445,4,0.75,True
synthetic,2,100,0,raw+spectral-gibbs,xgb,0.43716393445833734,4,0.75,True
synthetic,2,100,0,raw+conditional,xgb,0.39859873652775035,4,0.75,True
synthetic,2,100,1,raw,linear,0.3192811172775645,4,0.75,True
synthetic,2,100,1,raw,xgb,0.41844885937637355,4,0.75,True
synthetic,2,100,1,pca,linear,0.12436419276658284,4,0.75,True
synthetic,2,100,1,pca,xgb,0.3062217381561009,4,0.75,True
synthetic,2,100,1,spectral-marginal,linear,0.14178306973806587,4,0.75,True
synthetic,2,100,1,spectral-marginal,xgb,0.322552549850476,4,0.75,True
synthetic,2,100,1,spectral-gibbs,linear,0.16084949386507486,4,0.75,True
synthetic,2,100,1,spectral-gibbs,xgb,0.36342852034639717,4,0.75,True
synthetic,2,100,1,conditional,linear,0.4659373149171119,4,0.75,True
synthetic,2,100,1,conditional,xgb,0.37384716925013606,4,0.75,True
synthetic,2,100,1,raw+pca,xgb,0.4830227326683565,4,0.75,True
synthetic,2,100,1,raw+spectral-gibbs,xgb,0.4847331463933625,4,0.75,True
synthetic,2,100,1,raw+conditional,xgb,0.42640554191096514,4,0.75,True
synthetic,2,100,2,raw,linear,0.39448296443831377,4,0.75,True
synthetic,2,100,2,raw,xgb,0.4871855231519915,4,0.75,True
synthetic,2,100,2,pca,linear,0.30173058120315444,4,0.75,True
synthetic,2,100,2,pca,xgb,0.39698013010209443,4,0.75,True
synthetic,2,100,2,spectral-marginal,linear,0.3083338106138993,4,0.75,True
synthetic,2,100,2,spectral-marginal,xgb,0.42549061822703027,4,0.75,True
synthetic,2,100,2,spectral-gibbs,linear,0.3229329037959098,4,0.75,True
synthetic,2,100,2,spectral-gibbs,xgb,0.4211891954130941,4,0.75,True
synthetic,2,100,2,conditional,linear,0.41771881051817195,4,0.75,True
synthetic,2,100,2,conditional,xgb,0.4598586923729796,4,0.75,True
synthetic,2,100,2,raw+pca,xgb,0.5115945241785522,4,0.75,True
synthetic,2,100,2,raw+spectral-gibbs,xgb,0.4891801941278313,4,0.75,True
synthetic,2,100,2,raw+conditional,xgb,0.47905288564736215,4,0.75,True
synthetic,2,100,3,raw,linear,0.4406687479502933,4,0.75,True
synthetic,2,100,3,raw,xgb,0.4197614063339796,4,0.75,True
synthetic,2,100,3,pca,linear,0.32551824524118855,4,0.75,True
synthetic,2,100,3,pca,xgb,0.3553364478395912,4,0.75,True
synthetic,2,100,3,spectral-marginal,linear,0.33750489243528436,4,0.75,True
synthetic,2,100,3,spectral-marginal,xgb,0.3503459646541798,4,0.75,True
synthetic,2,100,3,spectral-gibbs,linear,0.35288581665933805,4,0.75,True
synthetic,2,100,3,spectral-gibbs,xgb,0.34554971286054836,4,0.75,True
synthetic,2,100,3,conditional,linear,0.5337861378225446,4,0.75,True
synthetic,2,100,3,conditional,xgb,0.5083038547388661,4,0.75,True
synthetic,2,100,3,raw+pca,xgb,0.45104434429945717,4,0.75,True
synthetic,2,100,3,raw+spectral-gibbs,xgb,0.4683273036427009,4,0.75,True
synthetic,2,100,3,raw+conditional,xgb,0.472703646463118,4,0.75,True
synthetic,2,100,4,raw,linear,0.4115007216423241,4,0.75,True
synthetic,2,100,4,raw,xgb,0.4633489808519048,4,0.75,True
synthetic,2,100,4,pca,linear,0.308049397546043,4,0.75,True
synthetic,2,100,4,pca,xgb,0.3929851598349543,4,0.75,True
synthetic,2,100,4,spectral-marginal,linear,0.3184700090914939,4,0.75,True
synthetic,2,100,4,spectral-marginal,xgb,0.41311182396378443,4,0.75,True
synthetic,2,100,4,spectral-gibbs,linear,0.33815136647726807,4,0.75,True
synthetic,2,100,4,spectral-gibbs,xgb,0.4209587417218529,4,0.75,True
synthetic,2,100,4,conditional,linear,0.48479105785606935,4,0.75,True
synthetic,2,100,4,conditional,xgb,0.449818718733455,4,0.75,True
synthetic,2,100,4,raw+pca,xgb,0.4820138687119284,4,0.75,True
synthetic,2,100,4,raw+spectral-gibbs,xgb,0.49266602441352647,4,0.75,True
synthetic,2,100,4,raw+conditional,xgb,0.479924036744655,4,0.75,True
synthetic,2,250,0,raw,linear,0.46403428681756764,4,0.75,True
synthetic,2,250,0,raw,xgb,0.5917006011463839,4,0.75,True
synthetic,2,250,0,pca,linear,0.32574338318412654,4,0.75,True
synthetic,2,250,0,pca,xgb,0.44596025161988095,4,0.75,True
synthetic,2,250,0,spectral-marginal,linear,0.3395243386164981,4,0.75,True
synthetic,2,250,0,spectral-marginal,xgb,0.4527939942747151,4,0.75,True
synthetic,2,250,0,spectral-gibbs,linear,0.35479652708991505,4,0.75,True
synthetic,2,250,0,spectral-gibbs,xgb,0.4772605341949322,4,0.75,True
synthetic,2,250,0,conditional,linear,0.5236446021957444,4,0.75,True
synthetic,2,250,0,conditional,xgb,0.5509209330782681,4,0.75,True
synthetic,2,250,0,raw+pca,xgb,0.6090399504703609,4,0.75,True
synthetic,2,250,0,raw+spectral-gibbs,xgb,0.6013841406219663,4,0.75,True
synthetic,2,250,0,raw+conditional,xgb,0.585164325404409,4,0.75,True
synthetic,2,250,1,raw,linear,0.4635425986470382,4,0.75,True
synthetic,2,250,1,raw,xgb,0.5675441313523318,4,0.75,True
synthetic,2,250,1,pca,linear,0.2644933810716952,4,0.75,True
synthetic,2,250,1,pca,xgb,0.41873597995649536,4,0.75,True
synthetic,2,250,1,spectral-marginal,linear,0.28285472023391744,4,0.75,True
synthetic,2,250,1,spectral-marginal,xgb,0.41271942924214766,4,0.75,True
synthetic,2,250,1,spectral-gibbs,linear,0.30141790365578325,4,0.75,True
synthetic,2,250,1,spectral-gibbs,xgb,0.4327051587195433,4,0.75,True
synthetic,2,250,1,conditional,linear,0.5141881029225288,4,0.75,True
synthetic,2,250,1,conditional,xgb,0.533545535795465,4,0.75,True
synthetic,2,250,1,raw+pca,xgb,0.585181722659111,4,0.75,True
synthetic,2,250,1,raw+spectral-gibbs,xgb,0.5989937063145441,4,0.75,True
synthetic,2,250,1,raw+conditional,xgb,0.5683099853499083,4,0.75,True
synthetic,2,250,2,raw,linear,0.48733671058906536,4,0.75,True
synthetic,2,250,2,raw,xgb,0.5780780401121641,4,0.75,True
synthetic,2,250,2,pca,linear,0.30904631624339896,4,0.75,True
synthetic,2,250,2,pca,xgb,0.403022037638996,4,0.75,True
synthetic,2,250,2,spectral-marginal,linear,0.3230058349252576,4,0.75,True
synthetic,2,250,2,spectral-marginal,xgb,0.43556892616230813,4,0.75,True
synthetic,2,250,2,spectral-gibbs,linear,0.33856083873070797,4,0.75,True
synthetic,2,250,2,spectral-gibbs,xgb,0.4667922112701194,4,0.75,True
synthetic,2,250,2,conditional,linear,0.5271988383478826,4,0.75,True
synthetic,2,250,2,conditional,xgb,0.5887913233871879,4,0.75,True
synthetic,2,250,2,raw+pca,xgb,0.6088461582888129,4,0.75,True
synthetic,2,250,2,raw+spectral-gibbs,xgb,0.6114142619121846,4,0.75,True
synthetic,2,250,2,raw+conditional,xgb,0.6068754743600292,4,0.75,True
synthetic,2,250,3,raw,linear,0.4728261373065371,4,0.75,True
synthetic,2,250,3,raw,xgb,0.5772349575706819,4,0.75,True
synthetic,2,250,3,pca,linear,0.31984583987754656,4,0.75,True
synthetic,2,250,3,pca,xgb,0.43534589015279435,4,0.75,True
synthetic,2,250,3,spectral-marginal,linear,0.33364396921158457,4,0.75,True
synthetic,2,250,3,spectral-marginal,xgb,0.44074396573012387,4,0.75,True
synthetic,2,250,3,spectral-gibbs,linear,0.34987698000430556,4,0.75,True
synthetic,2,250,3,spectral-gibbs,xgb,0.47069592886112455,4,0.75,True
synthetic,2,250,3,conditional,linear,0.5119100057938608,4,0.75,True
synthetic,2,250,3,conditional,xgb,0.5354703720766973,4,0.75,True
synthetic,2,250,3,raw+pca,xgb,0.5887200395812702,4,0.75,True
synthetic,2,250,3,raw+spectral-gibbs,xgb,0.5821896061469969,4,0.75,True
synthetic,2,250,3,raw+conditional,xgb,0.5931820628456331,4,0.75,True
synthetic,2,250,4,raw,linear,0.47894506098345524,4,0.75,True
synthetic,2,250,4,raw,xgb,0.5536101061282864,4,0.75,True
synthetic,2,250,4,pca,linear,0.2940029009107893,4,0.75,True
synthetic,2,250,4,pca,xgb,0.42635976184245905,4,0.75,True
synthetic,2,250,4,spectral-marginal,linear,0.3088248062427835,4,0.75,True
synthetic,2,250,4,spectral-marginal,xgb,0.44413427157552043,4,0.75,True
synthetic,2,250,4,spectral-gibbs,linear,0.32503306312868785,4,0.75,True
synthetic,2,250,4,spectral-gibbs,xgb,0.46148913209676357,4,0.75,True
synthetic,2,250,4,conditional,linear,0.5357385391172235,4,0.75,True
synthetic,2,250,4,conditional,xgb,0.584797115670196,4,0.75,True
synthetic,2,250,4,raw+pca,xgb,0.5881210711265066,4,0.75,True
synthetic,2,250,4,raw+spectral-gibbs,xgb,0.5890532204163124,4,0.75,True
synthetic,2,250,4,raw+conditional,xgb,0.5882812165796193,4,0.75,True
synthetic,2,1000,0,raw,linear,0.5327600565533179,4,0.75,True
synthetic,2,1000,0,raw,xgb,0.6883916135821225,4,0.75,True
synthetic,2,1000,0,pca,linear,0.3278779178375557,4,0.75,True
synthetic,2,1000,0,pca,xgb,0.5006856410473567,4,0.75,True
synthetic,2,1000,0,spectral-marginal,linear,0.34092974752685623,4,0.75,True
synthetic,2,1000,0,spectral-marginal,xgb,0.5065230476195965,4,0.75,True
synthetic,2,1000,0,spectral-gibbs,linear,0.35742568294785304,4,0.75,True
synthetic,2,1000,0,spectral-gibbs,xgb,0.52385510860434,4,0.75,True
synthetic,2,1000,0,conditional,linear,0.5766650908352908,4,0.75,True
synthetic,2,1000,0,conditional,xgb,0.6835070195055146,4,0.75,True
synthetic,2,1000,0,raw+pca,xgb,0.7123785305501578,4,0.75,True
synthetic,2,1000,0,raw+spectral-gibbs,xgb,0.7117965529972068,4,0.75,True
synthetic,2,1000,0,raw+conditional,xgb,0.7309524160491153,4,0.75,True
synthetic,2,1000,1,raw,linear,0.5250582942144426,4,0.75,True
synthetic,2,1000,1,raw,xgb,0.6948522357383635,4,0.75,True
synthetic,2,1000,1,pca,linear,0.32966111841087553,4,0.75,True
synthetic,2,1000,1,pca,xgb,0.499930469245075,4,0.75,True
synthetic,2,1000,1,spectral-marginal,linear,0.3431544248400037,4,0.75,True
synthetic,2,1000,1,spectral-marginal,xgb,0.49635664651415035,4,0.75,True
synthetic,2,1000,1,spectral-gibbs,linear,0.35910134085107903,4,0.75,True
synthetic,2,1000,1,spectral-gibbs,xgb,0.5247015769866393,4,0.75,True
synthetic,2,1000,1,conditional,linear,0.571412755534096,4,0.75,True
synthetic,2,1000,1,conditional,xgb,0.6700192152889461,4,0.75,True
synthetic,2,1000,1,raw+pca,xgb,0.7108657249826722,4,0.75,True
synthetic,2,1000,1,raw+spectral-gibbs,xgb,0.7130693834880355,4,0.75,True
synthetic,2,1000,1,raw+conditional,xgb,0.7288717237813234,4,0.75,True
synthetic,2,1000,2,raw,linear,0.5236496376534672,4,0.75,True
synthetic,2,1000,2,raw,xgb,0.6796412837028702,4,0.75,True
synthetic,2,1000,2,pca,linear,0.32778876775179333,4,0.75,True
synthetic,2,1000,2,pca,xgb,0.5062977650997906,4,0.75,True
synthetic,2,1000,2,spectral-marginal,linear,0.34093302913862555,4,0.75,True
synthetic,2,1000,2,spectral-marginal,xgb,0.5086857702162286,4,0.75,True
synthetic,2,1000,2,spectral-gibbs,linear,0.3575100858110525,4,0.75,True
synthetic,2,1000,2,spectral-gibbs,xgb,0.5243523619726367,4,0.75,True
synthetic,2,1000,2,conditional,linear,0.5660841994480421,4,0.75,True
synthetic,2,1000,2,conditional,xgb,0.6637097098612279,4,0.75,True
synthetic,2,1000,2,raw+pca,xgb,0.7019148577542749,4,0.75,True
synthetic,2,1000,2,raw+spectral-gibbs,xgb,0.6972942996691853,4,0.75,True
synthetic,2,1000,2,raw+conditional,xgb,0.7167289635992693,4,0.75,True
synthetic,2,1000,3,raw,linear,0.5239615933587327,4,0.75,True
synthetic,2,1000,3,raw,xgb,0.70704719254945,4,0.75,True
synthetic,2,1000,3,pca,linear,0.3259566371597754,4,0.75,True
synthetic,2,1000,3,pca,xgb,0.49298091510746644,4,0.75,True
synthetic,2,1000,3,spectral-marginal,linear,0.3398743583879231,4,0.75,True
synthetic,2,1000,3,spectral-marginal,xgb,0.5025332958384787,4,0.75,True
synthetic,2,1000,3,spectral-gibbs,linear,0.356221730866882,4,0.75,True
synthetic,2,1000,3,spectral-gibbs,xgb,0.5138721210368934,4,0.75,True
synthetic,2,1000,3,conditional,linear,0.57285846692862,4,0.75,True
synthetic,2,1000,3,conditional,xgb,0.6692714843751775,4,0.75,True
synthetic,2,1000,3,raw+pca,xgb,0.714720636063876,4,0.75,True
synthetic,2,1000,3,raw+spectral-gibbs,xgb,0.7158659733575219,4,0.75,True
synthetic,2,1000,3,raw+conditional,xgb,0.7290242688522852,4,0.75,True
synthetic,2,1000,4,raw,linear,0.5284826649456972,4,0.75,True
synthetic,2,1000,4,raw,xgb,0.6874517590513285,4,0.75,True
synthetic,2,1000,4,pca,linear,0.3251761962387043,4,0.75,True
synthetic,2,1000,4,pca,xgb,0.49929260450147783,4,0.75,True
synthetic,2,1000,4,spectral-marginal,linear,0.3387950463491801,4,0.75,True
synthetic,2,1000,4,spectral-marginal,xgb,0.49943487291608546,4,0.75,True
synthetic,2,1000,4,spectral-gibbs,linear,0.354802639661951,4,0.75,True
synthetic,2,1000,4,spectral-gibbs,xgb,0.5195308196283579,4,0.75,True
synthetic,2,1000,4,conditional,linear,0.5709037326057351,4,0.75,True
synthetic,2,1000,4,conditional,xgb,0.6705646874502997,4,0.75,True
synthetic,2,1000,4,raw+pca,xgb,0.7025545238763018,4,0.75,True
synthetic,2,1000,4,raw+spectral-gibbs,xgb,0.701700635917414,4,0.75,True
synthetic,2,1000,4,raw+conditional,xgb,0.721456190870222,4,0.75,True
synthetic,0,50,0,raw,linear,0.26713968397212795,4,0.5,False
synthetic,0,50,0,raw,xgb,0.2928646748652297,4,0.5,False
synthetic,0,50,0,pca,linear,0.11946392473187395,4,0.5,False
synthetic,0,50,0,pca,xgb,0.0834167904370805,4,0.5,False
synthetic,0,50,0,spectral-marginal,linear,0.11895889901105827,4,0.5,False
synthetic,0,50,0,spectral-marginal,xgb,0.15290263903768553,4,0.5,False
synthetic,0,50,0,spectral-gibbs,linear,0.11950589664254996,4,0.5,False
synthetic,0,50,0,spectral-gibbs,xgb,0.11987288579364519,4,0.5,False
synthetic,0,50,0,conditional,linear,0.10527696576084844,4,0.5,False
synthetic,0,50,0,conditional,xgb,0.15109292232781057,4,0.5,False
synthetic,0,50,0,raw+pca,xgb,0.3038691998656222,4,0.5,False
synthetic,0,50,0,raw+spectral-gibbs,xgb,0.3022836308599821,4,0.5,False
synthetic,0,50,0,raw+conditional,xgb,0.3155128999252902,4,0.5,False
synthetic,0,50,1,raw,linear,0.26808839605913914,4,0.5,False
synthetic,0,50,1,raw,xgb,0.23586737032855898,4,0.5,False
synthetic,0,50,1,pca,linear,0.12515994699390243,4,0.5,False
synthetic,0,50,1,pca,xgb,0.04463056201056104,4,0.5,False
synthetic,0,50,1,spectral-marginal,linear,0.12607588173083328,4,0.5,False
synthetic,0,50,1,spectral-marginal,xgb,0.06211197155452164,4,0.5,False
synthetic,0,50,1,spectral-gibbs,linear,0.12771823806966476,4,0.5,False
synthetic,0,50,1,spectral-gibbs,xgb,0.04181672649196677,4,0.5,False
synthetic,0,50,1,conditional,linear,0.114789494042145,4,0.5,False
synthetic,0,50,1,conditional,xgb,0.1162390349578607,4,0.5,False
synthetic,0,50,1,raw+pca,xgb,0.2643753219278112,4,0.5,False
synthetic,0,50,1,raw+spectral-gibbs,xgb,0.2555135232134347,4,0.5,False
synthetic,0,50,1,raw+conditional,xgb,0.26611571816048973,4,0.5,False
synthetic,0,50,2,raw,linear,0.2604087540411618,4,0.5,False
synthetic,0,50,2,raw,xgb,0.27426247011501803,4,0.5,False
synthetic,0,50,2,pca,linear,0.13222243540284495,4,0.5,False
synthetic,0,50,2,pca,xgb,0.08390372189413409,4,0.5,False
synthetic,0,50,2,spectral-marginal,linear,0.1307274338303256,4,0.5,False
synthetic,0,50,2,spectral-marginal,xgb,0.07867985679343137,4,0.5,False
synthetic,0,50,2,spectral-gibbs,linear,0.1332257488224199,4,0.5,False
synthetic,0,50,2,spectral-gibbs,xgb,0.0616856256235111,4,0.5,False
synthetic,0,50,2,conditional,linear,0.11314920632194392,4,0.5,False
synthetic,0,50,2,conditional,xgb,0.1387265434554339,4,0.5,False
synthetic,0,50,2,raw+pca,xgb,0.3094718397082674,4,0.5,False
synthetic,0,50,2,raw+spectral-gibbs,xgb,0.29824097258606197,4,0.5,False
synthetic,0,50,2,raw+conditional,xgb,0.29754530785449607,4,0.5,False
synthetic,0,50,3,raw,linear,0.34264282267137713,4,0.5,False
synthetic,0,50,3,raw,xgb,0.32294148088750807,4,0.5,False
synthetic,0,50,3,pca,linear,0.16667453455347825,4,0.5,False
synthetic,0,50,3,pca,xgb,0.07463503819208517,4,0.5,False
synthetic,0,50,3,spectral-marginal,linear,0.1666700278500285,4,0.5,False
synthetic,0,50,3,spectral-marginal,xgb,0.07274408571170743,4,0.5,False
synthetic,0,50,3,spectral-gibbs,linear,0.16818022501601182,4,0.5,False
synthetic,0,50,3,spectral-gibbs,xgb,0.0905882476921046,4,0.5,False
synthetic,0,50,3,conditional,linear,0.16054320906711994,4,0.5,False
synthetic,0,50,3,conditional,xgb,0.10143393911098086,4,0.5,False
synthetic,0,50,3,raw+pca,xgb,0.31435891031338736,4,0.5,False
synthetic,0,50,3,raw+spectral-gibbs,xgb,0.3240011725477304,4,0.5,False
synthetic,0,50,3,raw+conditional,xgb,0.2709798130844663,4,0.5,False
synthetic,0,50,4,raw,linear,0.2977369780065723,4,0.5,False
synthetic,0,50,4,raw,xgb,0.23098902231498353,4,0.5,False
synthetic,0,50,4,pca,linear,0.16157330974674255,4,0.5,False
synthetic,0,50,4,pca,xgb,0.14481497601825666,4,0.5,False
synthetic,0,50,4,spectral-marginal,linear,0.16014950470057498,4,0.5,False
synthetic,0,50,4,spectral-marginal,xgb,0.20587241483631258,4,0.5,False
synthetic,0,50,4,spectral-gibbs,linear,0.15986397586099943,4,0.5,False
synthetic,0,50,4,spectral-gibbs,xgb,0.16720806419040957,4,0.5,False
synthetic,0,50,4,conditional,linear,0.17003204791209803,4,0.5,False
synthetic,0,50,4,conditional,xgb,0.10575219701111527,4,0.5,False
synthetic,0,50,4,raw+pca,xgb,0.22849144781726916,4,0.5,False
synthetic,0,50,4,raw+spectral-gibbs,xgb,0.2227445614506801,4,0.5,False
synthetic,0,50,4,raw+conditional,xgb,0.21096552271553937,4,0.5,False
synthetic,0,100,0,raw,linear,0.21414598921643246,4,0.5,False
synthetic,0,100,0,raw,xgb,0.3362877927425101,4,0.5,False
synthetic,0,100,0,pca,linear,0.05769037995565929,4,0.5,False
synthetic,0,100,0,pca,xgb,0.11033010574456859,4,0.5,False
synthetic,0,100,0,spectral-marginal,linear,0.06837372759039084,4,0.5,False
synthetic,0,100,0,spectral-marginal,xgb,0.13822744758184313,4,0.5,False
synthetic,0,100,0,spectral-gibbs,linear,0.07042306666404918,4,0.5,False
synthetic,0,100,0,spectral-gibbs,xgb,0.12905527053395516,4,0.5,False
synthetic,0,100,0,conditional,linear,0.08649087147920831,4,0.5,False
synthetic,0,100,0,conditional,xgb,0.10547883527166291,4,0.5,False
synthetic,0,100,0,raw+pca,xgb,0.3440608835346497,4,0.5,False
synthetic,0,100,0,raw+spectral-gibbs,xgb,0.3504564062584722,4,0.5,False
synthetic,0,100,0,raw+conditional,xgb,0.30490327164501985,4,0.5,False
synthetic,0,100,1,raw,linear,0.32764510029309757,4,0.5,False
synthetic,0,100,1,raw,xgb,0.4416629706466757,4,0.5,False
synthetic,0,100,1,pca,linear,0.14998090723876645,4,0.5,False
synthetic,0,100,1,pca,xgb,0.23519812697018916,4,0.5,False
synthetic,0,100,1,spectral-marginal,linear,0.14976418338507513,4,0.5,False
synthetic,0,100,1,spectral-marginal,xgb,0.21854472080527465,4,0.5,False
synthetic,0,100,1,spectral-gibbs,linear,0.14979914170787023,4,0.5,False
synthetic,0,100,1,spectral-gibbs,xgb,0.20857084015120686,4,0.5,False
synthetic,0,100,1,conditional,linear,0.15048498873768845,4,0.5,False
synthetic,0,100,1,conditional,xgb,0.16104080484589156,4,0.5,False
synthetic,0,100,1,raw+pca,xgb,0.4570352822432271,4,0.5,False
synthetic,0,100,1,raw+spectral-gibbs,xgb,0.4439282925719016,4,0.5,False
synthetic,0,100,1,raw+conditional,xgb,0.41888472602761084,4,0.5,False
synthetic,0,100,2,raw,linear,0.2653385070507267,4,0.5,False
synthetic,0,100,2,raw,xgb,0.35423733933303614,4,0.5,False
synthetic,0,100,2,pca,linear,0.16571390951691822,4,0.5,False
synthetic,0,100,2,pca,xgb,0.1718322007308456,4,0.5,False
synthetic,0,100,2,spectral-marginal,linear,0.1645676836675869,4,0.5,False
synthetic,0,100,2,spectral-marginal,xgb,0.20097732407806912,4,0.5,False
synthetic,0,100,2,spectral-gibbs,linear,0.16629471842941834,4,0.5,False
synthetic,0,100,2,spectral-gibbs,xgb,0.15841687120858372,4,0.5,False
synthetic,0,100,2,conditional,linear,0.15970414388091547,4,0.5,False
synthetic,0,100,2,conditional,xgb,0.20642463766072516,4,0.5,False
synthetic,0,100,2,raw+pca,xgb,0.35866032325637565,4,0.5,False
synthetic,0,100,2,raw+spectral-gibbs,xgb,0.34202335227234404,4,0.5,False
synthetic,0,100,2,raw+conditional,xgb,0.3659625850350997,4,0.5,False
synthetic,0,100,3,raw,linear,0.2858669886617473,4,0.5,False
synthetic,0,100,3,raw,xgb,0.37944701907194733,4,0.5,False
synthetic,0,100,3,pca,linear,0.10301098841469358,4,0.5,False
synthetic,0,100,3,pca,xgb,0.054930540167592135,4,0.5,False
synthetic,0,100,3,spectral-marginal,linear,0.10175465973711018,4,0.5,False
synthetic,0,100,3,spectral-marginal,xgb,0.08875415705997869,4,0.5,False
synthetic,0,100,3,spectral-gibbs,linear,0.10423335718052684,4,0.5,False
synthetic,0,100,3,spectral-gibbs,xgb,0.08005473180249445,4,0.5,False
synthetic,0,100,3,conditional,linear,0.131560476527814,4,0.5,False
synthetic,0,100,3,conditional,xgb,0.09950313854795934,4,0.5,False
synthetic,0,100,3,raw+pca,xgb,0.3913666250342521,4,0.5,False
synthetic,0,100,3,raw+spectral-gibbs,xgb,0.3996787393653649,4,0.5,False
synthetic,0,100,3,raw+conditional,xgb,0.3330337250478158,4,0.5,False
synthetic,0,100,4,raw,linear,0.2967458977480425,4,0.5,False
synthetic,0,100,4,raw,xgb,0.40951560997666436,4,0.5,False
synthetic,0,100,4,pca,linear,0.18206723587598328,4,0.5,False
synthetic,0,100,4,pca,xgb,0.13607379372346218,4,0.5,False
synthetic,0,100,4,spectral-marginal,linear,0.1825333778526509,4,0.5,False
synthetic,0,100,4,spectral-marginal,xgb,0.2249439940757102,4,0.5,False
synthetic,0,100,4,spectral-gibbs,linear,0.1818796198129241,4,0.5,False
synthetic,0,100,4,spectral-gibbs,xgb,0.17817691698532967,4,0.5,False
synthetic,0,100,4,conditional,linear,0.17192311081624712,4,0.5,False
synthetic,0,100,4,conditional,xgb,0.1861318885199864,4,0.5,False
synthetic,0,100,4,raw+pca,xgb,0.4020791320014958,4,0.5,False
synthetic,0,100,4,raw+spectral-gibbs,xgb,0.4015871710087192,4,0.5,False
synthetic,0,100,4,raw+conditional,xgb,0.3548934890504447,4,0.5,False
synthetic,0,250,0,raw,linear,0.32921285784057186,4,0.5,False
synthetic,0,250,0,raw,xgb,0.4961415373589314,4,0.5,False
synthetic,0,250,0,pca,linear,0.16572024485151438,4,0.5,False
synthetic,0,250,0,pca,xgb,0.18723175309912676,4,0.5,False
synthetic,0,250,0,spectral-marginal,linear,0.16474110355134763,4,0.5,False
synthetic,0,250,0,spectral-marginal,xgb,0.22154312453976033,4,0.5,False
synthetic,0,250,0,spectral-gibbs,linear,0.16602382644294345,4,0.5,False
synthetic,0,250,0,spectral-gibbs,xgb,0.18932742712479322,4,0.5,False
synthetic,0,250,0,conditional,linear,0.16719868437940977,4,0.5,False
synthetic,0,250,0,conditional,xgb,0.25914040757438517,4,0.5,False
synthetic,0,250,0,raw+pca,xgb,0.5128724335996375,4,0.5,False
synthetic,0,250,0,raw+spectral-gibbs,xgb,0.5146464714955574,4,0.5,False
synthetic,0,250,0,raw+conditional,xgb,0.49970439281074996,4,0.5,False
synthetic,0,250,1,raw,linear,0.33349792927475164,4,0.5,False
synthetic,0,250,1,raw,xgb,0.5128301639523887,4,0.5,False
synthetic,0,250,1,pca,linear,0.1773691624110455,4,0.5,False
synthetic,0,250,1,pca,xgb,0.2551483302636093,4,0.5,False
synthetic,0,250,1,spectral-marginal,linear,0.17669551086296942,4,0.5,False
synthetic,0,250,1,spectral-marginal,xgb,0.27301453879422233,4,0.5,False
synthetic,0,250,1,spectral-gibbs,linear,0.17752045749683731,4,0.5,False
synthetic,0,250,1,spectral-gibbs,xgb,0.23940877963034746,4,0.5,False
synthetic,0,250,1,conditional,linear,0.17949149854275992,4,0.5,False
synthetic,0,250,1,conditional,xgb,0.25036766014882783,4,0.5,False
synthetic,0,250,1,raw+pca,xgb,0.5287490559610746,4,0.5,False
synthetic,0,250,1,raw+spectral-gibbs,xgb,0.5209068364532314,4,0.5,False
synthetic,0,250,1,raw+conditional,xgb,0.5138855693032669,4,0.5,False
synthetic,0,250,2,raw,linear,0.31639940718716997,4,0.5,False
synthetic,0,250,2,raw,xgb,0.5167082359649056,4,0.5,False
synthetic,0,250,2,pca,linear,0.1398784010121895,4,0.5,False
synthetic,0,250,2,pca,xgb,0.2311353927848776,4,0.5,False
synthetic,0,250,2,spectral-marginal,linear,0.13978286212933289,4,0.5,False
synthetic,0,250,2,spectral-marginal,xgb,0.22310823513920752,4,0.5,False
synthetic,0,250,2,spectral-gibbs,linear,0.14139388634369854,4,0.5,False
synthetic,0,250,2,spectral-gibbs,xgb,0.23373810840663245,4,0.5,False
synthetic,0,250,2,conditional,linear,0.14412523504446262,4,0.5,False
synthetic,0,250,2,conditional,xgb,0.22067157757159672,4,0.5,False
synthetic,0,250,2,raw+pca,xgb,0.5361646826380355,4,0.5,False
synthetic,0,250,2,raw+spectral-gibbs,xgb,0.5425298158331722,4,0.5,False
synthetic,0,250,2,raw+conditional,xgb,0.5073918498765415,4,0.5,False
synthetic,0,250,3,raw,linear,0.35636932369579954,4,0.5,False
synthetic,0,250,3,raw,xgb,0.5312065567671642,4,0.5,False
synthetic,0,250,3,pca,linear,0.1711313755305851,4,0.5,False
synthetic,0,250,3,pca,xgb,0.2823701234972491,4,0.5,False
synthetic,0,250,3,spectral-marginal,linear,0.17122138838455037,4,0.5,False
synthetic,0,250,3,spectral-marginal,xgb,0.30137121639477193,4,0.5,False
synthetic,0,250,3,spectral-gibbs,linear,0.17210295742109494,4,0.5,False
synthetic,0,250,3,spectral-gibbs,xgb,0.29169900492181267,4,0.5,False
synthetic,0,250,3,conditional,linear,0.18361396385768447,4,0.5,False
synthetic,0,250,3,conditional,xgb,0.2501838092453481,4,0.5,False
synthetic,0,250,3,raw+pca,xgb,0.5522425602826839,4,0.5,False
synthetic,0,250,3,raw+spectral-gibbs,xgb,0.5512801360292341,4,0.5,False
synthetic,0,250,3,raw+conditional,xgb,0.5138508035759748,4,0.5,False
synthetic,0,250,4,raw,linear,0.35907814687585826,4,0.5,False
synthetic,0,250,4,raw,xgb,0.5066729438487798,4,0.5,False
synthetic,0,250,4,pca,linear,0.17997549378641453,4,0.5,False
synthetic,0,250,4,pca,xgb,0.2892569972883876,4,0.5,False
synthetic,0,250,4,spectral-marginal,linear,0.17986796595532528,4,0.5,False
synthetic,0,250,4,spectral-marginal,xgb,0.30045865317809917,4,0.5,False
synthetic,0,250,4,spectral-gibbs,linear,0.1801284469139537,4,0.5,False
synthetic,0,250,4,spectral-gibbs,xgb,0.27570472681819114,4,0.5,False
synthetic,0,250,4,conditional,linear,0.18310443621083639,4,0.5,False
synthetic,0,250,4,conditional,xgb,0.21591883610335982,4,0.5,False
synthetic,0,250,4,raw+pca,xgb,0.4903854477866959,4,0.5,False
synthetic,0,250,4,raw+spectral-gibbs,xgb,0.503995068462359,4,0.5,False
synthetic,0,250,4,raw+conditional,xgb,0.49636931701928977,4,0.5,False
synthetic,0,1000,0,raw,linear,0.38517843707984933,4,0.5,False
synthetic,0,1000,0,raw,xgb,0.6210600966685655,4,0.5,False
synthetic,0,1000,0,pca,linear,0.18855364797472562,4,0.5,False
synthetic,0,1000,0,pca,xgb,0.3547194732707578,4,0.5,False
synthetic,0,1000,0,spectral-marginal,linear,0.18837925680969558,4,0.5,False
synthetic,0,1000,0,spectral-marginal,xgb,0.36119265276522416,4,0.5,False
synthetic,0,1000,0,spectral-gibbs,linear,0.18888319909575446,4,0.5,False
synthetic,0,1000,0,spectral-gibbs,xgb,0.35728234679405246,4,0.5,False
synthetic,0,1000,0,conditional,linear,0.2078192160633603,4,0.5,False
synthetic,0,1000,0,conditional,xgb,0.343182063302918,4,0.5,False
synthetic,0,1000,0,raw+pca,xgb,0.631300274841539,4,0.5,False
synthetic,0,1000,0,raw+spectral-gibbs,xgb,0.6346523141738396,4,0.5,False
synthetic,0,1000,0,raw+conditional,xgb,0.6483310361595387,4,0.5,False
synthetic,0,1000,1,raw,linear,0.388001812674421,4,0.5,False
synthetic,0,1000,1,raw,xgb,0.6171421335005686,4,0.5,False
synthetic,0,1000,1,pca,linear,0.1861628934855979,4,0.5,False
synthetic,0,1000,1,pca,xgb,0.366847563697442,4,0.5,False
synthetic,0,1000,1,spectral-marginal,linear,0.18603625806045565,4,0.5,False
synthetic,0,1000,1,spectral-marginal,xgb,0.3706588004658721,4,0.5,False
synthetic,0,1000,1,spectral-gibbs,linear,0.18665682073383438,4,0.5,False
synthetic,0,1000,1,spectral-gibbs,xgb,0.3631451687540128,4,0.5,False
synthetic,0,1000,1,conditional,linear,0.20426136701432784,4,0.5,False
synthetic,0,1000,1,conditional,xgb,0.35606437746325736,4,0.5,False
synthetic,0,1000,1,raw+pca,xgb,0.6399551995425343,4,0.5,False
synthetic,0,1000,1,raw+spectral-gibbs,xgb,0.6486095458947105,4,0.5,False
synthetic,0,1000,1,raw+conditional,xgb,0.668214401554777,4,0.5,False
synthetic,0,1000,2,raw,linear,0.3911918953377702,4,0.5,False
synthetic,0,1000,2,raw,xgb,0.6513653429620863,4,0.5,False
synthetic,0,1000,2,pca,linear,0.19007264197888596,4,0.5,False
synthetic,0,1000,2,pca,xgb,0.3417957292003303,4,0.5,False
synthetic,0,1000,2,spectral-marginal,linear,0.1900807510023933,4,0.5,False
synthetic,0,1000,2,spectral-marginal,xgb,0.35243243765260923,4,0.5,False
synthetic,0,1000,2,spectral-gibbs,linear,0.1904612767649393,4,0.5,False
synthetic,0,1000,2,spectral-gibbs,xgb,0.35013295087066265,4,0.5,False
synthetic,0,1000,2,conditional,linear,0.21300347752888504,4,0.5,False
synthetic,0,1000,2,conditional,xgb,0.32910848960272454,4,0.5,False
synthetic,0,1000,2,raw+pca,xgb,0.6624608600379899,4,0.5,False
synthetic,0,1000,2,raw+spectral-gibbs,xgb,0.6727964703875391,4,0.5,False
synthetic,0,1000,2,raw+conditional,xgb,0.6367755127708887,4,0.5,False
synthetic,0,1000,3,raw,linear,0.3797352125602147,4,0.5,False
synthetic,0,1000,3,raw,xgb,0.6140939046233012,4,0.5,False
synthetic,0,1000,3,pca,linear,0.18370478524901457,4,0.5,False
synthetic,0,1000,3,pca,xgb,0.3520226629286666,4,0.5,False
synthetic,0,1000,3,spectral-marginal,linear,0.18367598626787163,4,0.5,False
synthetic,0,1000,3,spectral-marginal,xgb,0.35194518782615125,4,0.5,False
synthetic,0,1000,3,spectral-gibbs,linear,0.18408913563209972,4,0.5,False
synthetic,0,1000,3,spectral-gibbs,xgb,0.3555711234542761,4,0.5,False
synthetic,0,1000,3,conditional,linear,0.18975302780809322,4,0.5,False
synthetic,0,1000,3,conditional,xgb,0.3393164160997536,4,0.5,False
synthetic,0,1000,3,raw+pca,xgb,0.6353860105076186,4,0.5,False
synthetic,0,1000,3,raw+spectral-gibbs,xgb,0.6376355142508884,4,0.5,False
synthetic,0,1000,3,raw+conditional,xgb,0.6344108939889271,4,0.5,False
synthetic,0,1000,4,raw,linear,0.3784361418554737,4,0.5,False
synthetic,0,1000,4,raw,xgb,0.6158765363010765,4,0.5,False
synthetic,0,1000,4,pca,linear,0.18484900163504803,4,0.5,False
synthetic,0,1000,4,pca,xgb,0.3567973556255075,4,0.5,False
synthetic,0,1000,4,spectral-marginal,linear,0.1852975126495353,4,0.5,False
synthetic,0,1000,4,spectral-marginal,xgb,0.3677649224684816,4,0.5,False
synthetic,0,1000,4,spectral-gibbs,linear,0.1855796539916963,4,0.5,False
synthetic,0,1000,4,spectral-gibbs,xgb,0.3554924355943312,4,0.5,False
synthetic,0,1000,4,conditional,linear,0.20744715229392463,4,0.5,False
synthetic,0,1000,4,conditional,xgb,0.34479424677682724,4,0.5,False
synthetic,0,1000,4,raw+pca,xgb,0.6336471394492011,4,0.5,False
synthetic,0,1000,4,raw+spectral-gibbs,xgb,0.6421824945132466,4,0.5,False
synthetic,0,1000,4,raw+conditional,xgb,0.6328439674470208,4,0.5,False
synthetic,1,50,0,raw,linear,0.20030837676795865,4,0.5,False
synthetic,1,50,0,raw,xgb,0.2609865871818141,4,0.5,False
synthetic,1,50,0,pca,linear,0.033322813451780675,4,0.5,False
synthetic,1,50,0,pca,xgb,-0.012310416561152948,4,0.5,False
synthetic,1,50,0,spectral-marginal,linear,0.03456370269740927,4,0.5,False
synthetic,1,50,0,spectral-marginal,xgb,-0.09454782672527351,4,0.5,False
synthetic,1,50,0,spectral-gibbs,linear,0.038937271631823256,4,0.5,False
synthetic,1,50,0,spectral-gibbs,xgb,-0.06675297513346434,4,0.5,False
synthetic,1,50,0,conditional,linear,0.04052968121021827,4,0.5,False
synthetic,1,50,0,conditional,xgb,0.09972324976998137,4,0.5,False
synthetic,1,50,0,raw+pca,xgb,0.2446790163077126,4,0.5,False
synthetic,1,50,0,raw+spectral-gibbs,xgb,0.24584817155523786,4,0.5,False
synthetic,1,50,0,raw+conditional,xgb,0.2542761337061584,4,0.5,False
synthetic,1,50,1,raw,linear,0.26099193823760836,4,0.5,False
synthetic,1,50,1,raw,xgb,0.28088146398183267,4,0.5,False
synthetic,1,50,1,pca,linear,0.00032645202660830375,4,0.5,False
synthetic,1,50,1,pca,xgb,0.06121655692068484,4,0.5,False
synthetic,1,50,1,spectral-marginal,linear,0.0008541475632911633,4,0.5,False
synthetic,1,50,1,spectral-marginal,xgb,0.14994691181182174,4,0.5,False
synthetic,1,50,1,spectral-gibbs,linear,0.0008699017605016124,4,0.5,False
synthetic,1,50,1,spectral-gibbs,xgb,0.052947445030789075,4,0.5,False
synthetic,1,50,1,conditional,linear,0.04016913787779974,4,0.5,False
synthetic,1,50,1,conditional,xgb,0.10118158735465621,4,0.5,False
synthetic,1,50,1,raw+pca,xgb,0.26995138561304843,4,0.5,False
synthetic,1,50,1,raw+spectral-gibbs,xgb,0.2828201151604862,4,0.5,False
synthetic,1,50,1,raw+conditional,xgb,0.31077671383138494,4,0.5,False
synthetic,1,50,2,raw,linear,0.03235762123526764,4,0.5,False
synthetic,1,50,2,raw,xgb,0.19091622356760718,4,0.5,False
synthetic,1,50,2,pca,linear,0.0020970052661557492,4,0.5,False
synthetic,1,50,2,pca,xgb,-0.010139143753538304,4,0.5,False
synthetic,1,50,2,spectral-marginal,linear,-0.004832069966879793,4,0.5,False
synthetic,1,50,2,spectral-marginal,xgb,-0.010654561811493934,4,0.5,False
synthetic,1,50,2,spectral-gibbs,linear,-0.005251688450987668,4,0.5,False
synthetic,1,50,2,spectral-gibbs,xgb,0.04262241204598194,4,0.5,False
synthetic,1,50,2,conditional,linear,0.04615225822663804,4,0.5,False
synthetic,1,50,2,conditional,xgb,-0.02857560469864384,4,0.5,False
synthetic,1,50,2,raw+pca,xgb,0.20559563763613686,4,0.5,False
synthetic,1,50,2,raw+spectral-gibbs,xgb,0.20755084921653255,4,0.5,False
synthetic,1,50,2,raw+conditional,xgb,0.15204706881472352,4,0.5,False
synthetic,1,50,3,raw,linear,0.26732648625398214,4,0.5,False
synthetic,1,50,3,raw,xgb,0.27497244142257826,4,0.5,False
synthetic,1,50,3,pca,linear,0.15545437851268673,4,0.5,False
synthetic,1,50,3,pca,xgb,-0.02260967446389306,4,0.5,False
synthetic,1,50,3,spectral-marginal,linear,0.15218690264461265,4,0.5,False
synthetic,1,50,3,spectral-marginal,xgb,-0.04001507581100028,4,0.5,False
synthetic,1,50,3,spectral-gibbs,linear,0.15435912772278126,4,0.5,False
synthetic,1,50,3,spectral-gibbs,xgb,-0.07751129564893366,4,0.5,False
synthetic,1,50,3,conditional,linear,0.13194209861231765,4,0.5,False
synthetic,1,50,3,conditional,xgb,0.027144321048460318,4,0.5,False
synthetic,1,50,3,raw+pca,xgb,0.2623523229467375,4,0.5,False
synthetic,1,50,3,raw+spectral-gibbs,xgb,0.28188517772092636,4,0.5,False
synthetic,1,50,3,raw+conditional,xgb,0.2341521848763788,4,0.5,False
synthetic,1,50,4,raw,linear,0.20678930492009628,4,0.5,False
synthetic,1,50,4,raw,xgb,0.22255578207022175,4,0.5,False
synthetic,1,50,4,pca,linear,0.0512364941947413,4,0.5,False
synthetic,1,50,4,pca,xgb,-0.23081762850015752,4,0.5,False
synthetic,1,50,4,spectral-marginal,linear,0.05407766536563596,4,0.5,False
synthetic,1,50,4,spectral-marginal,xgb,-0.15861587042356007,4,0.5,False
synthetic,1,50,4,spectral-gibbs,linear,0.05306421029924968,4,0.5,False
synthetic,1,50,4,spectral-gibbs,xgb,-0.11543876821202947,4,0.5,False
synthetic,1,50,4,conditional,linear,0.062439598122961404,4,0.5,False
synthetic,1,50,4,conditional,xgb,0.028040427055695094,4,0.5,False
synthetic,1,50,4,raw+pca,xgb,0.2314689188791751,4,0.5,False
synthetic,1,50,4,raw+spectral-gibbs,xgb,0.2153080374761711,4,0.5,False
synthetic,1,50,4,raw+conditional,xgb,0.2209566420696638,4,0.5,False
synthetic,1,100,0,raw,linear,0.3054074483059882,4,0.5,False
synthetic,1,100,0,raw,xgb,0.4554107310048575,4,0.5,False
synthetic,1,100,0,pca,linear,0.1566075304781256,4,0.5,False
synthetic,1,100,0,pca,xgb,0.09605038481759565,4,0.5,False
synthetic,1,100,0,spectral-marginal,linear,0.1580555427318311,4,0.5,False
synthetic,1,100,0,spectral-marginal,xgb,0.18399894368364145,4,0.5,False
synthetic,1,100,0,spectral-gibbs,linear,0.15816657992156513,4,0.5,False
synthetic,1,100,0,spectral-gibbs,xgb,0.1767652643186417,4,0.5,False
synthetic,1,100,0,conditional,linear,0.15517389242394009,4,0.5,False
synthetic,1,100,0,conditional,xgb,0.18786648602217715,4,0.5,False
synthetic,1,100,0,raw+pca,xgb,0.4540315476596648,4,0.5,False
synthetic,1,100,0,raw+spectral-gibbs,xgb,0.44057626678304507,4,0.5,False
synthetic,1,100,0,raw+conditional,xgb,0.4171979430380265,4,0.5,False
synthetic,1,100,1,raw,linear,0.2894007150862604,4,0.5,False
synthetic,1,100,1,raw,xgb,0.37686802488561133,4,0.5,False
synthetic,1,100,1,pca,linear,0.1389648758427089,4,0.5,False
synthetic,1,100,1,pca,xgb,0.02898123704699851,4,0.5,False
synthetic,1,100,1,spectral-marginal,linear,0.14446634230645883,4,0.5,False
synthetic,1,100,1,spectral-marginal,xgb,0.2208534015441801,4,0.5,False
synthetic,1,100,1,spectral-gibbs,linear,0.1431855929290461,4,0.5,False
synthetic,1,100,1,spectral-gibbs,xgb,0.21589376617469314,4,0.5,False
synthetic,1,100,1,conditional,linear,0.15774929963116346,4,0.5,False
synthetic,1,100,1,conditional,xgb,0.17375966738409943,4,0.5,False
synthetic,1,100,1,raw+pca,xgb,0.3882235755453334,4,0.5,False
synthetic,1,100,1,raw+spectral-gibbs,xgb,0.39794513884953986,4,0.5,False
synthetic,1,100,1,raw+conditional,xgb,0.37266592477537774,4,0.5,False
synthetic,1,100,2,raw,linear,0.29880647804314087,4,0.5,False
synthetic,1,100,2,raw,xgb,0.4194298245397261,4,0.5,False
synthetic,1,100,2,pca,linear,0.15435721712542272,4,0.5,False
synthetic,1,100,2,pca,xgb,0.23227143741542966,4,0.5,False
synthetic,1,100,2,spectral-marginal,linear,0.1562037872415991,4,0.5,False
synthetic,1,100,2,spectral-marginal,xgb,0.22624603738884075,4,0.5,False
synthetic,1,100,2,spectral-gibbs,linear,0.1564334349663048,4,0.5,False
synthetic,1,100,2,spectral-gibbs,xgb,0.1843922911612429,4,0.5,False
synthetic,1,100,2,conditional,linear,0.14256252650851864,4,0.5,False
synthetic,1,100,2,conditional,xgb,0.21806301830698938,4,0.5,False
synthetic,1,100,2,raw+pca,xgb,0.4470792786121316,4,0.5,False
synthetic,1,100,2,raw+spectral-gibbs,xgb,0.45173233977248206,4,0.5,False
synthetic,1,100,2,raw+conditional,xgb,0.4124270400030109,4,0.5,False
synthetic,1,100,3,raw,linear,0.3606689413576023,4,0.5,False
synthetic,1,100,3,raw,xgb,0.39775144390192996,4,0.5,False
synthetic,1,100,3,pca,linear,0.13062026814698202,4,0.5,False
synthetic,1,100,3,pca,xgb,0.24962656188272614,4,0.5,False
synthetic,1,100,3,spectral-marginal,linear,0.13015195402561952,4,0.5,False
synthetic,1,100,3,spectral-marginal,xgb,0.22484704281988277,4,0.5,False
synthetic,1,100,3,spectral-gibbs,linear,0.13037912897690507,4,0.5,False
synthetic,1,100,3,spectral-gibbs,xgb,0.2369113809006218,4,0.5,False
synthetic,1,100,3,conditional,linear,0.1321205116723453,4,0.5,False
synthetic,1,100,3,conditional,xgb,0.2176427931794811,4,0.5,False
synthetic,1,100,3,raw+pca,xgb,0.4062815095297053,4,0.5,False
synthetic,1,100,3,raw+spectral-gibbs,xgb,0.42229073351553403,4,0.5,False
synthetic,1,100,3,raw+conditional,xgb,0.4064601779035496,4,0.5,False
synthetic,1,100,4,raw,linear,0.2097756921321281,4,0.5,False
synthetic,1,100,4,raw,xgb,0.35047475839601994,4,0.5,False
synthetic,1,100,4,pca,linear,0.176135093491956,4,0.5,False
synthetic,1,100,4,pca,xgb,0.17083140581474243,4,0.5,False
synthetic,1,100,4,spectral-marginal,linear,0.17599617082780694,4,0.5,False
synthetic,1,100,4,spectral-marginal,xgb,0.2423690882184133,4,0.5,False
synthetic,1,100,4,spectral-gibbs,linear,0.17570406850298614,4,0.5,False
synthetic,1,100,4,spectral-gibbs,xgb,0.21759647978722874,4,0.5,False
synthetic,1,100,4,conditional,linear,0.15941920827052147,4,0.5,False
synthetic,1,100,4,conditional,xgb,0.2322659577323457,4,0.5,False
synthetic,1,100,4,raw+pca,xgb,0.3487549131511911,4,0.5,False
synthetic,1,100,4,raw+spectral-gibbs,xgb,0.3619766956114757,4,0.5,False
synthetic,1,100,4,raw+conditional,xgb,0.3097519024430334,4,0.5,False
synthetic,1,250,0,raw,linear,0.3437989296402666,4,0.5,False
synthetic,1,250,0,raw,xgb,0.5456367264252275,4,0.5,False
synthetic,1,250,0,pca,linear,0.15173930586906437,4,0.5,False
synthetic,1,250,0,pca,xgb,0.2777717806580572,4,0.5,False
synthetic,1,250,0,spectral-marginal,linear,0.15171110526844245,4,0.5,False
synthetic,1,250,0,spectral-marginal,xgb,0.24851056332675026,4,0.5,False
synthetic,1,250,0,spectral-gibbs,linear,0.15156859672728784,4,0.5,False
synthetic,1,250,0,spectral-gibbs,xgb,0.2592650604993104,4,0.5,False
synthetic,1,250,0,conditional,linear,0.1690732457620473,4,0.5,False
synthetic,1,250,0,conditional,xgb,0.29800968612126133,4,0.5,False
synthetic,1,250,0,raw+pca,xgb,0.5579967654068463,4,0.5,False
synthetic,1,250,0,raw+spectral-gibbs,xgb,0.5662904054456087,4,0.5,False
synthetic,1,250,0,raw+conditional,xgb,0.5470774951749819,4,0.5,False
synthetic,1,250,1,raw,linear,0.3134844502206242,4,0.5,False
synthetic,1,250,1,raw,xgb,0.5196220735121484,4,0.5,False
synthetic,1,250,1,pca,linear,0.11695031547170842,4,0.5,False
synthetic,1,250,1,pca,xgb,0.2203164128202969,4,0.5,False
synthetic,1,250,1,spectral-marginal,linear,0.1150222737523856,4,0.5,False
synthetic,1,250,1,spectral-marginal,xgb,0.2102561840795638,4,0.5,False
synthetic,1,250,1,spectral-gibbs,linear,0.1182124871100736,4,0.5,False
synthetic,1,250,1,spectral-gibbs,xgb,0.18731516729644526,4,0.5,False
synthetic,1,250,1,conditional,linear,0.1164165681975945,4,0.5,False
synthetic,1,250,1,conditional,xgb,0.23176565665180782,4,0.5,False
synthetic,1,250,1,raw+pca,xgb,0.5487639516438488,4,0.5,False
synthetic,1,250,1,raw+spectral-gibbs,xgb,0.5385294291464766,4,0.5,False
synthetic,1,250,1,raw+conditional,xgb,0.5226420458850219,4,0.5,False
synthetic,1,250,2,raw,linear,0.3559412443220288,4,0.5,False
synthetic,1,250,2,raw,xgb,0.5200758657695406,4,0.5,False
synthetic,1,250,2,pca,linear,0.16679582332209308,4,0.5,False
synthetic,1,250,2,pca,xgb,0.26208199586274983,4,0.5,False
synthetic,1,250,2,spectral-marginal,linear,0.1670215752522023,4,0.5,False
synthetic,1,250,2,spectral-marginal,xgb,0.28083148875644737,4,0.5,False
synthetic,1,250,2,spectral-gibbs,linear,0.16698778476117349,4,0.5,False
synthetic,1,250,2,spectral-gibbs,xgb,0.27296407638139497,4,0.5,False
synthetic,1,250,2,conditional,linear,0.1767179122935325,4,0.5,False
synthetic,1,250,2,conditional,xgb,0.26871760474013207,4,0.5,False
synthetic,1,250,2,raw+pca,xgb,0.5300972785737242,4,0.5,False
synthetic,1,250,2,raw+spectral-gibbs,xgb,0.5422962157920446,4,0.5,False
synthetic,1,250,2,raw+conditional,xgb,0.5129408048741053,4,0.5,False
synthetic,1,250,3,raw,linear,0.3386359621599484,4,0.5,False
synthetic,1,250,3,raw,xgb,0.4668245542855727,4,0.5,False
synthetic,1,250,3,pca,linear,0.165472446521699,4,0.5,False
synthetic,1,250,3,pca,xgb,0.1664513233627667,4,0.5,False
synthetic,1,250,3,spectral-marginal,linear,0.16615934809256683,4,0.5,False
synthetic,1,250,3,spectral-marginal,xgb,0.20111962734350408,4,0.5,False
synthetic,1,250,3,spectral-gibbs,linear,0.166063749945499,4,0.5,False
synthetic,1,250,3,spectral-gibbs,xgb,0.20580668502346322,4,0.5,False
synthetic,1,250,3,conditional,linear,0.1624277865135746,4,0.5,False
synthetic,1,250,3,conditional,xgb,0.261643836019573,4,0.5,False
synthetic,1,250,3,raw+pca,xgb,0.4890311389949812,4,0.5,False
synthetic,1,250,3,raw+spectral-gibbs,xgb,0.4925968967118314,4,0.5,False
synthetic,1,250,3,raw+conditional,xgb,0.4946720733545704,4,0.5,False
synthetic,1,250,4,raw,linear,0.3660876361079466,4,0.5,False
synthetic,1,250,4,raw,xgb,0.5499834566297597,4,0.5,False
synthetic,1,250,4,pca,linear,0.15291431231455999,4,0.5,False
synthetic,1,250,4,pca,xgb,0.2708408896350464,4,0.5,False
synthetic,1,250,4,spectral-marginal,linear,0.15338529143273416,4,0.5,False
synthetic,1,250,4,spectral-marginal,xgb,0.2788531044630794,4,0.5,False
synthetic,1,250,4,spectral-gibbs,linear,0.1531462752142182,4,0.5,False
synthetic,1,250,4,spectral-gibbs,xgb,0.27818062599565585,4,0.5,False
synthetic,1,250,4,conditional,linear,0.16762327980280245,4,0.5,False
synthetic,1,250,4,conditional,xgb,0.283641665814382,4,0.5,False
synthetic,1,250,4,raw+pca,xgb,0.5594045999807298,4,0.5,False
synthetic,1,250,4,raw+spectral-gibbs,xgb,0.5752542692409641,4,0.5,False
synthetic,1,250,4,raw+conditional,xgb,0.5502287978194058,4,0.5,False
synthetic,1,1000,0,raw,linear,0.39978642974439293,4,0.5,False
synthetic,1,1000,0,raw,xgb,0.6298097422745659,4,0.5,False
synthetic,1,1000,0,pca,linear,0.1661606502874382,4,0.5,False
synthetic,1,1000,0,pca,xgb,0.35777874091174333,4,0.5,False
synthetic,1,1000,0,spectral-marginal,linear,0.16674505683130303,4,0.5,False
synthetic,1,1000,0,spectral-marginal,xgb,0.3621211665768932,4,0.5,False
synthetic,1,1000,0,spectral-gibbs,linear,0.16643077620018576,4,0.5,False
synthetic,1,1000,0,spectral-gibbs,xgb,0.36037316175967105,4,0.5,False
synthetic,1,1000,0,conditional,linear,0.17814399894875876,4,0.5,False
synthetic,1,1000,0,conditional,xgb,0.37186395210761547,4,0.5,False
synthetic,1,1000,0,raw+pca,xgb,0.632214044824605,4,0.5,False
synthetic,1,1000,0,raw+spectral-gibbs,xgb,0.6479569967418342,4,0.5,False
synthetic,1,1000,0,raw+conditional,xgb,0.6507191237323211,4,0.5,False
synthetic,1,1000,1,raw,linear,0.3795047851382657,4,0.5,False
synthetic,1,1000,1,raw,xgb,0.6377910880406963,4,0.5,False
synthetic,1,1000,1,pca,linear,0.16794860047349636,4,0.5,False
synthetic,1,1000,1,pca,xgb,0.3419509495050014,4,0.5,False
synthetic,1,1000,1,spectral-marginal,linear,0.16856748727904058,4,0.5,False
synthetic,1,1000,1,spectral-marginal,xgb,0.35642534587185426,4,0.5,False
synthetic,1,1000,1,spectral-gibbs,linear,0.16847376362991828,4,0.5,False
synthetic,1,1000,1,spectral-gibbs,xgb,0.34839288987909045,4,0.5,False
synthetic,1,1000,1,conditional,linear,0.18609887676513415,4,0.5,False
synthetic,1,1000,1,conditional,xgb,0.36509004000393275,4,0.5,False
synthetic,1,1000,1,raw+pca,xgb,0.6345400660201417,4,0.5,False
synthetic,1,1000,1,raw+spectral-gibbs,xgb,0.6494054555164681,4,0.5,False
synthetic,1,1000,1,raw+conditional,xgb,0.648369842846952,4,0.5,False
synthetic,1,1000,2,raw,linear,0.40034395850642457,4,0.5,False
synthetic,1,1000,2,raw,xgb,0.6477888691212075,4,0.5,False
synthetic,1,1000,2,pca,linear,0.1719768169686956,4,0.5,False
synthetic,1,1000,2,pca,xgb,0.3640335787830321,4,0.5,False
synthetic,1,1000,2,spectral-marginal,linear,0.17261180083245353,4,0.5,False
synthetic,1,1000,2,spectral-marginal,xgb,0.3627723601093832,4,0.5,False
synthetic,1,1000,2,spectral-gibbs,linear,0.17256820585582244,4,0.5,False
synthetic,1,1000,2,spectral-gibbs,xgb,0.3597672142590205,4,0.5,False
synthetic,1,1000,2,conditional,linear,0.19353023872756836,4,0.5,False
synthetic,1,1000,2,conditional,xgb,0.38009715472458594,4,0.5,False
synthetic,1,1000,2,raw+pca,xgb,0.6685889307559687,4,0.5,False
synthetic,1,1000,2,raw+spectral-gibbs,xgb,0.6602750896323946,4,0.5,False
synthetic,1,1000,2,raw+conditional,xgb,0.6651092034491912,4,0.5,False
synthetic,1,1000,3,raw,linear,0.394937010926909,4,0.5,False
synthetic,1,1000,3,raw,xgb,0.632819685123255,4,0.5,False
synthetic,1,1000,3,pca,linear,0.18064539576150584,4,0.5,False
synthetic,1,1000,3,pca,xgb,0.37625054207109687,4,0.5,False
synthetic,1,1000,3,spectral-marginal,linear,0.18126725036276847,4,0.5,False
synthetic,1,1000,3,spectral-marginal,xgb,0.3733235336452809,4,0.5,False
synthetic,1,1000,3,spectral-gibbs,linear,0.18110781486528815,4,0.5,False
synthetic,1,1000,3,spectral-gibbs,xgb,0.36675677524268036,4,0.5,False
synthetic,1,1000,3,conditional,linear,0.2044743181618659,4,0.5,False
synthetic,1,1000,3,conditional,xgb,0.37908983081684133,4,0.5,False
synthetic,1,1000,3,raw+pca,xgb,0.6438731750727411,4,0.5,False
synthetic,1,1000,3,raw+spectral-gibbs,xgb,0.6459006834314359,4,0.5,False
synthetic,1,1000,3,raw+conditional,xgb,0.6568523793777923,4,0.5,False
synthetic,1,1000,4,raw,linear,0.3888334470650723,4,0.5,False
synthetic,1,1000,4,raw,xgb,0.64206392906647,4,0.5,False
synthetic,1,1000,4,pca,linear,0.17699659774970677,4,0.5,False
synthetic,1,1000,4,pca,xgb,0.33730143396353796,4,0.5,False
synthetic,1,1000,4,spectral-marginal,linear,0.17779403266098714,4,0.5,False
synthetic,1,1000,4,spectral-marginal,xgb,0.3714326410587061,4,0.5,False
synthetic,1,1000,4,spectral-gibbs,linear,0.17772072896886204,4,0.5,False
synthetic,1,1000,4,spectral-gibbs,xgb,0.36707540720284226,4,0.5,False
synthetic,1,1000,4,conditional,linear,0.19103743149607189,4,0.5,False
synthetic,1,1000,4,conditional,xgb,0.3835352931737386,4,0.5,False
synthetic,1,1000,4,raw+pca,xgb,0.6496761300577722,4,0.5,False
synthetic,1,1000,4,raw+spectral-gibbs,xgb,0.6526077651954898,4,0.5,False
synthetic,1,1000,4,raw+conditional,xgb,0.66162148440078,4,0.5,False
synthetic,2,50,0,raw,linear,0.24070925214547734,4,0.5,False
synthetic,2,50,0,raw,xgb,0.2217572695968889,4,0.5,False
synthetic,2,50,0,pca,linear,0.13633628793010522,4,0.5,False
synthetic,2,50,0,pca,xgb,-0.021170394065148868,4,0.5,False
synthetic,2,50,0,spectral-marginal,linear,0.13887642910869502,4,0.5,False
synthetic,2,50,0,spectral-marginal,xgb,0.029004437976880015,4,0.5,False
synthetic,2,50,0,spectral-gibbs,linear,0.14144227498544426,4,0.5,False
synthetic,2,50,0,spectral-gibbs,xgb,-0.017579373197341264,4,0.5,False
synthetic,2,50,0,conditional,linear,0.11035823094302522,4,0.5,False
synthetic,2,50,0,conditional,xgb,0.09804800771652722,4,0.5,False
synthetic,2,50,0,raw+pca,xgb,0.2372301313138564,4,0.5,False
synthetic,2,50,0,raw+spectral-gibbs,xgb,0.1862423919632079,4,0.5,False
synthetic,2,50,0,raw+conditional,xgb,0.2156032365185785,4,0.5,False
synthetic,2,50,1,raw,linear,0.17013921158683776,4,0.5,False
synthetic,2,50,1,raw,xgb,0.12096119628177215,4,0.5,False
synthetic,2,50,1,pca,linear,0.15887503090299815,4,0.5,False
synthetic,2,50,1,pca,xgb,-0.04369724446050993,4,0.5,False
synthetic,2,50,1,spectral-marginal,linear,0.15504649042091123,4,0.5,False
synthetic,2,50,1,spectral-marginal,xgb,0.0015942121112090257,4,0.5,False
synthetic,2,50,1,spectral-gibbs,linear,0.15692869357725003,4,0.5,False
synthetic,2,50,1,spectral-gibbs,xgb,-0.04161508059634689,4,0.5,False
synthetic,2,50,1,conditional,linear,0.13899295149057833,4,0.5,False
synthetic,2,50,1,conditional,xgb,0.041944790515506924,4,0.5,False
synthetic,2,50,1,raw+pca,xgb,0.14117009827374682,4,0.5,False
synthetic,2,50,1,raw+spectral-gibbs,xgb,0.16116706439227035,4,0.5,False
synthetic,2,50,1,raw+conditional,xgb,0.11565168076275045,4,0.5,False
synthetic,2,50,2,raw,linear,0.2166985554469697,4,0.5,False
synthetic,2,50,2,raw,xgb,0.3683890611942521,4,0.5,False
synthetic,2,50,2,pca,linear,0.14030466746250392,4,0.5,False
synthetic,2,50,2,pca,xgb,0.03234083211993821,4,0.5,False
synthetic,2,50,2,spectral-marginal,linear,0.1499917323101353,4,0.5,False
synthetic,2,50,2,spectral-marginal,xgb,0.005349947170481872,4,0.5,False
synthetic,2,50,2,spectral-gibbs,linear,0.14158902817964725,4,0.5,False
synthetic,2,50,2,spectral-gibbs,xgb,-0.03674656887557459,4,0.5,False
synthetic,2,50,2,conditional,linear,0.13517716111414535,4,0.5,False
synthetic,2,50,2,conditional,xgb,0.0958804650442664,4,0.5,False
synthetic,2,50,2,raw+pca,xgb,0.37261955401594826,4,0.5,False
synthetic,2,50,2,raw+spectral-gibbs,xgb,0.37591639996395254,4,0.5,False
synthetic,2,50,2,raw+conditional,xgb,0.37011130248520063,4,0.5,False
synthetic,2,50,3,raw,linear,0.22673389723535908,4,0.5,False
synthetic,2,50,3,raw,xgb,0.28147538778376924,4,0.5,False
synthetic,2,50,3,pca,linear,0.14855369941088203,4,0.5,False
synthetic,2,50,3,pca,xgb,0.16468334095336312,4,0.5,False
synthetic,2,50,3,spectral-marginal,linear,0.14931872998159412,4,0.5,False
synthetic,2,50,3,spectral-marginal,xgb,0.10812694695359182,4,0.5,False
synthetic,2,50,3,spectral-gibbs,linear,0.15006591111269818,4,0.5,False
synthetic,2,50,3,spectral-gibbs,xgb,0.08547447679792419,4,0.5,False
synthetic,2,50,3,conditional,linear,0.13035132267623228,4,0.5,False
synthetic,2,50,3,conditional,xgb,0.09633912231361452,4,0.5,False
synthetic,2,50,3,raw+pca,xgb,0.2704020526113948,4,0.5,False
synthetic,2,50,3,raw+spectral-gibbs,xgb,0.2794093137274539,4,0.5,False
synthetic,2,50,3,raw+conditional,xgb,0.23380546623042864,4,0.5,False
synthetic,2,50,4,raw,linear,0.30505001337842186,4,0.5,False
synthetic,2,50,4,raw,xgb,0.3561821186015466,4,0.5,False
synthetic,2,50,4,pca,linear,0.09373333835227449,4,0.5,False
synthetic,2,50,4,pca,xgb,-0.13778347794449708,4,0.5,False
synthetic,2,50,4,spectral-marginal,linear,0.09041442400584021,4,0.5,False
synthetic,2,50,4,spectral-marginal,xgb,-0.04020622150160302,4,0.5,False
synthetic,2,50,4,spectral-gibbs,linear,0.09094047482331757,4,0.5,False
synthetic,2,50,4,spectral-gibbs,xgb,-0.03805566553202988,4,0.5,False
synthetic,2,50,4,conditional,linear,0.07687994422782618,4,0.5,False
synthetic,2,50,4,conditional,xgb,0.04530374310496832,4,0.5,False
synthetic,2,50,4,raw+pca,xgb,0.34017401690395976,4,0.5,False
synthetic,2,50,4,raw+spectral-gibbs,xgb,0.3481644863203267,4,0.5,False
synthetic,2,50,4,raw+conditional,xgb,0.3361958292984286,4,0.5,False
synthetic,2,100,0,raw,linear,0.35079420481247303,4,0.5,False
synthetic,2,100,0,raw,xgb,0.3324685637132324,4,0.5,False
synthetic,2,100,0,pca,linear,0.18950455308782022,4,0.5,False
synthetic,2,100,0,pca,xgb,0.08706983152111614,4,0.5,False
synthetic,2,100,0,spectral-marginal,linear,0.18977659774561328,4,0.5,False
synthetic,2,100,0,spectral-marginal,xgb,0.12695843008874974,4,0.5,False
synthetic,2,100,0,spectral-gibbs,linear,0.19078925974127592,4,0.5,False
synthetic,2,100,0,spectral-gibbs,xgb,0.15194039253721991,4,0.5,False
synthetic,2,100,0,conditional,linear,0.19385387527113251,4,0.5,False
synthetic,2,100,0,conditional,xgb,0.14005023069491018,4,0.5,False
synthetic,2,100,0,raw+pca,xgb,0.3408524972889062,4,0.5,False
synthetic,2,100,0,raw+spectral-gibbs,xgb,0.33632228041867274,4,0.5,False
synthetic,2,100,0,raw+conditional,xgb,0.3561268450044015,4,0.5,False
synthetic,2,100,1,raw,linear,0.2536297016501766,4,0.5,False
synthetic,2,100,1,raw,xgb,0.3321976921601715,4,0.5,False
synthetic,2,100,1,pca,linear,0.11731777785781927,4,0.5,False
synthetic,2,100,1,pca,xgb,0.05798281516419679,4,0.5,False
synthetic,2,100,1,spectral-marginal,linear,0.11303559810378083,4,0.5,False
synthetic,2,100,1,spectral-marginal,xgb,0.04738515919505715,4,0.5,False
synthetic,2,100,1,spectral-gibbs,linear,0.11664083689471916,4,0.5,False
synthetic,2,100,1,spectral-gibbs,xgb,0.11764945104977464,4,0.5,False
synthetic,2,100,1,conditional,linear,0.1451828001506723,4,0.5,False
synthetic,2,100,1,conditional,xgb,0.18973445044268433,4,0.5,False
synthetic,2,100,1,raw+pca,xgb,0.3244540775579948,4,0.5,False
synthetic,2,100,1,raw+spectral-gibbs,xgb,0.3538383631220221,4,0.5,False
synthetic,2,100,1,raw+conditional,xgb,0.3681528617908114,4,0.5,False
synthetic,2,100,2,raw,linear,0.37913515302771483,4,0.5,False
synthetic,2,100,2,raw,xgb,0.4424924255516085,4,0.5,False
synthetic,2,100,2,pca,linear,0.18347630434956808,4,0.5,False
synthetic,2,100,2,pca,xgb,0.13076068425655962,4,0.5,False
synthetic,2,100,2,spectral-marginal,linear,0.18713195267917926,4,0.5,False
synthetic,2,100,2,spectral-marginal,xgb,0.14458381568855538,4,0.5,False
synthetic,2,100,2,spectral-gibbs,linear,0.18686130739908602,4,0.5,False
synthetic,2,100,2,spectral-gibbs,xgb,0.17576142055323052,4,0.5,False
synthetic,2,100,2,conditional,linear,0.17125294792115953,4,0.5,False
synthetic,2,100,2,conditional,xgb,0.13825414580875528,4,0.5,False
synthetic,2,100,2,raw+pca,xgb,0.4678711601934322,4,0.5,False
synthetic,2,100,2,raw+spectral-gibbs,xgb,0.4531451651583204,4,0.5,False
synthetic,2,100,2,raw+conditional,xgb,0.41491300875663184,4,0.5,False
synthetic,2,100,3,raw,linear,0.3246151327319954,4,0.5,False
synthetic,2,100,3,raw,xgb,0.3058649165453049,4,0.5,False
synthetic,2,100,3,pca,linear,0.21044189790473022,4,0.5,False
synthetic,2,100,3,pca,xgb,0.16974314223760412,4,0.5,False
synthetic,2,100,3,spectral-marginal,linear,0.2095518966219715,4,0.5,False
synthetic,2,100,3,spectral-marginal,xgb,0.13305826117591024,4,0.5,False
synthetic,2,100,3,spectral-gibbs,linear,0.21816144419443562,4,0.5,False
synthetic,2,100,3,spectral-gibbs,xgb,0.1479238041489228,4,0.5,False
synthetic,2,100,3,conditional,linear,0.21374915481644607,4,0.5,False
synthetic,2,100,3,conditional,xgb,0.2588561796171901,4,0.5,False
synthetic,2,100,3,raw+pca,xgb,0.31273367352660664,4,0.5,False
synthetic,2,100,3,raw+spectral-gibbs,xgb,0.3082378468374297,4,0.5,False
synthetic,2,100,3,raw+conditional,xgb,0.3287505563537504,4,0.5,False
synthetic,2,100,4,raw,linear,0.3146886431921124,4,0.5,False
synthetic,2,100,4,raw,xgb,0.4020521202353351,4,0.5,False
synthetic,2,100,4,pca,linear,0.17901797468975267,4,0.5,False
synthetic,2,100,4,pca,xgb,0.12812078184556042,4,0.5,False
synthetic,2,100,4,spectral-marginal,linear,0.17877625812906217,4,0.5,False
synthetic,2,100,4,spectral-marginal,xgb,0.13741469924022298,4,0.5,False
synthetic,2,100,4,spectral-gibbs,linear,0.18046219807175012,4,0.5,False
synthetic,2,100,4,spectral-gibbs,xgb,0.1865443715337508,4,0.5,False
synthetic,2,100,4,conditional,linear,0.18364360821651715,4,0.5,False
synthetic,2,100,4,conditional,xgb,0.2113669301382609,4,0.5,False
synthetic,2,100,4,raw+pca,xgb,0.41228356962972723,4,0.5,False
synthetic,2,100,4,raw+spectral-gibbs,xgb,0.39192233030333434,4,0.5,False
synthetic,2,100,4,raw+conditional,xgb,0.40781819515365136,4,0.5,False
synthetic,2,250,0,raw,linear,0.3656161863830456,4,0.5,False
synthetic,2,250,0,raw,xgb,0.4876308641589048,4,0.5,False
synthetic,2,250,0,pca,linear,0.18099662615237644,4,0.5,False
synthetic,2,250,0,pca,xgb,0.15409310542066834,4,0.5,False
synthetic,2,250,0,spectral-marginal,linear,0.18046455724946564,4,0.5,False
synthetic,2,250,0,spectral-marginal,xgb,0.16846085827492896,4,0.5,False
synthetic,2,250,0,spectral-gibbs,linear,0.18130429142005422,4,0.5,False
synthetic,2,250,0,spectral-gibbs,xgb,0.14555903886508748,4,0.5,False
synthetic,2,250,0,conditional,linear,0.206800227739391,4,0.5,False
synthetic,2,250,0,conditional,xgb,0.20750318296499026,4,0.5,False
synthetic,2,250,0,raw+pca,xgb,0.48708654433479814,4,0.5,False
synthetic,2,250,0,raw+spectral-gibbs,xgb,0.49402180791403016,4,0.5,False
synthetic,2,250,0,raw+conditional,xgb,0.47339332942448376,4,0.5,False
synthetic,2,250,1,raw,linear,0.3573624877489242,4,0.5,False
synthetic,2,250,1,raw,xgb,0.5384371076789365,4,0.5,False
synthetic,2,250,1,pca,linear,0.14757235300195404,4,0.5,False
synthetic,2,250,1,pca,xgb,0.19473656299799058,4,0.5,False
synthetic,2,250,1,spectral-marginal,linear,0.1476667699498021,4,0.5,False
synthetic,2,250,1,spectral-marginal,xgb,0.1972951494408064,4,0.5,False
synthetic,2,250,1,spectral-gibbs,linear,0.1500806458283287,4,0.5,False
synthetic,2,250,1,spectral-gibbs,xgb,0.20803930452680552,4,0.5,False
synthetic,2,250,1,conditional,linear,0.17340530193907244,4,0.5,False
synthetic,2,250,1,conditional,xgb,0.26523037501312907,4,0.5,False
synthetic,2,250,1,raw+pca,xgb,0.5629373820186845,4,0.5,False
synthetic,2,250,1,raw+spectral-gibbs,xgb,0.5587886194586735,4,0.5,False
synthetic,2,250,1,raw+conditional,xgb,0.547834692247053,4,0.5,False
synthetic,2,250,2,raw,linear,0.3972358140207498,4,0.5,False
synthetic,2,250,2,raw,xgb,0.5093659053571837,4,0.5,False
synthetic,2,250,2,pca,linear,0.18510071528417782,4,0.5,False
synthetic,2,250,2,pca,xgb,0.19749920141602573,4,0.5,False
synthetic,2,250,2,spectral-marginal,linear,0.18518179386864653,4,0.5,False
synthetic,2,250,2,spectral-marginal,xgb,0.2131168992924778,4,0.5,False
synthetic,2,250,2,spectral-gibbs,linear,0.18612755234120604,4,0.5,False
synthetic,2,250,2,spectral-gibbs,xgb,0.21165143139602804,4,0.5,False
synthetic,2,250,2,conditional,linear,0.2128320165876545,4,0.5,False
synthetic,2,250,2,conditional,xgb,0.31314717883626586,4,0.5,False
synthetic,2,250,2,raw+pca,xgb,0.5251243211719909,4,0.5,False
synthetic,2,250,2,raw+spectral-gibbs,xgb,0.524892964318572,4,0.5,False
synthetic,2,250,2,raw+conditional,xgb,0.5329633650347836,4,0.5,False
synthetic,2,250,3,raw,linear,0.3454789189144204,4,0.5,False
synthetic,2,250,3,raw,xgb,0.48704293151629074,4,0.5,False
synthetic,2,250,3,pca,linear,0.15666440304451423,4,0.5,False
synthetic,2,250,3,pca,xgb,0.16192550634436964,4,0.5,False
synthetic,2,250,3,spectral-marginal,linear,0.15723215448769234,4,0.5,False
synthetic,2,250,3,spectral-marginal,xgb,0.17238578577792707,4,0.5,False
synthetic,2,250,3,spectral-gibbs,linear,0.1597754562613405,4,0.5,False
synthetic,2,250,3,spectral-gibbs,xgb,0.127625850265757,4,0.5,False
synthetic,2,250,3,conditional,linear,0.17195869257584318,4,0.5,False
synthetic,2,250,3,conditional,xgb,0.23151280912181116,4,0.5,False
synthetic,2,250,3,raw+pca,xgb,0.4961313590185342,4,0.5,False
synthetic,2,250,3,raw+spectral-gibbs,xgb,0.47826056190584865,4,0.5,False
synthetic,2,250,3,raw+conditional,xgb,0.4890549431208637,4,0.5,False
synthetic,2,250,4,raw,linear,0.38141033664242263,4,0.5,False
synthetic,2,250,4,raw,xgb,0.4962223108505388,4,0.5,False
synthetic,2,250,4,pca,linear,0.20916144484530308,4,0.5,False
synthetic,2,250,4,pca,xgb,0.2504386506205931,4,0.5,False
synthetic,2,250,4,spectral-marginal,linear,0.20908206729317702,4,0.5,False
synthetic,2,250,4,spectral-marginal,xgb,0.2497723477794349,4,0.5,False
synthetic,2,250,4,spectral-gibbs,linear,0.20957343069883316,4,0.5,False
synthetic,2,250,4,spectral-gibbs,xgb,0.23012536950688456,4,0.5,False
synthetic,2,250,4,conditional,linear,0.2311751434920637,4,0.5,False
synthetic,2,250,4,conditional,xgb,0.25716395717871077,4,0.5,False
synthetic,2,250,4,raw+pca,xgb,0.5158254014515455,4,0.5,False
synthetic,2,250,4,raw+spectral-gibbs,xgb,0.5074897570466037,4,0.5,False
synthetic,2,250,4,raw+conditional,xgb,0.5077682893013785,4,0.5,False
synthetic,2,1000,0,raw,linear,0.4354807866936219,4,0.5,False
synthetic,2,1000,0,raw,xgb,0.6583847323456701,4,0.5,False
synthetic,2,1000,0,pca,linear,0.21730108378016566,4,0.5,False
synthetic,2,1000,0,pca,xgb,0.3468615931912744,4,0.5,False
synthetic,2,1000,0,spectral-marginal,linear,0.2171452175820343,4,0.5,False
synthetic,2,1000,0,spectral-marginal,xgb,0.34116182587108757,4,0.5,False
synthetic,2,1000,0,spectral-gibbs,linear,0.21831033897338936,4,0.5,False
synthetic,2,1000,0,spectral-gibbs,xgb,0.35105029329879245,4,0.5,False
synthetic,2,1000,0,conditional,linear,0.23992839924675013,4,0.5,False
synthetic,2,1000,0,conditional,xgb,0.3779318590055424,4,0.5,False
synthetic,2,1000,0,raw+pca,xgb,0.6545093404922928,4,0.5,False
synthetic,2,1000,0,raw+spectral-gibbs,xgb,0.6594772663685635,4,0.5,False
synthetic,2,1000,0,raw+conditional,xgb,0.6688759792386803,4,0.5,False
synthetic,2,1000,1,raw,linear,0.428604575756922,4,0.5,False
synthetic,2,1000,1,raw,xgb,0.6624040724910609,4,0.5,False
synthetic,2,1000,1,pca,linear,0.211176783905343,4,0.5,False
synthetic,2,1000,1,pca,xgb,0.314777031912285,4,0.5,False
synthetic,2,1000,1,spectral-marginal,linear,0.21122722673293481,4,0.5,False
synthetic,2,1000,1,spectral-marginal,xgb,0.29790452157214353,4,0.5,False
synthetic,2,1000,1,spectral-gibbs,linear,0.21235945356962627,4,0.5,False
synthetic,2,1000,1,spectral-gibbs,xgb,0.3157249411598948,4,0.5,False
synthetic,2,1000,1,conditional,linear,0.22574068200024178,4,0.5,False
synthetic,2,1000,1,conditional,xgb,0.36315069401292877,4,0.5,False
synthetic,2,1000,1,raw+pca,xgb,0.6616382567854291,4,0.5,False
synthetic,2,1000,1,raw+spectral-gibbs,xgb,0.663658301376679,4,0.5,False
synthetic,2,1000,1,raw+conditional,xgb,0.673522157117449,4,0.5,False
synthetic,2,1000,2,raw,linear,0.43269947858243707,4,0.5,False
synthetic,2,1000,2,raw,xgb,0.6322412234660713,4,0.5,False
synthetic,2,1000,2,pca,linear,0.21780922605900188,4,0.5,False
synthetic,2,1000,2,pca,xgb,0.3321713324527137,4,0.5,False
synthetic,2,1000,2,spectral-marginal,linear,0.21771923335453136,4,0.5,False
synthetic,2,1000,2,spectral-marginal,xgb,0.32116172723535863,4,0.5,False
synthetic,2,1000,2,spectral-gibbs,linear,0.21879948007520722,4,0.5,False
synthetic,2,1000,2,spectral-gibbs,xgb,0.32347942291561194,4,0.5,False
synthetic,2,1000,2,conditional,linear,0.2449188305984279,4,0.5,False
synthetic,2,1000,2,conditional,xgb,0.3670077886045767,4,0.5,False
synthetic,2,1000,2,raw+pca,xgb,0.6502541373949299,4,0.5,False
synthetic,2,1000,2,raw+spectral-gibbs,xgb,0.6587471725760347,4,0.5,False
synthetic,2,1000,2,raw+conditional,xgb,0.6668702646047631,4,0.5,False
synthetic,2,1000,3,raw,linear,0.4313213051898195,4,0.5,False
synthetic,2,1000,3,raw,xgb,0.6354898296297609,4,0.5,False
synthetic,2,1000,3,pca,linear,0.21910769694484789,4,0.5,False
synthetic,2,1000,3,pca,xgb,0.3318971930877319,4,0.5,False
synthetic,2,1000,3,spectral-marginal,linear,0.21904594934256372,4,0.5,False
synthetic,2,1000,3,spectral-marginal,xgb,0.3172429906280668,4,0.5,False
synthetic,2,1000,3,spectral-gibbs,linear,0.2201134824283031,4,0.5,False
synthetic,2,1000,3,spectral-gibbs,xgb,0.3142629753002574,4,0.5,False
synthetic,2,1000,3,conditional,linear,0.248074005673257,4,0.5,False
synthetic,2,1000,3,conditional,xgb,0.3704061549191908,4,0.5,False
synthetic,2,1000,3,raw+pca,xgb,0.6475158688638136,4,0.5,False
synthetic,2,1000,3,raw+spectral-gibbs,xgb,0.6517785173470436,4,0.5,False
synthetic,2,1000,3,raw+conditional,xgb,0.664168924488161,4,0.5,False
synthetic,2,1000,4,raw,linear,0.4286590009091332,4,0.5,False
synthetic,2,1000,4,raw,xgb,0.6414540767893897,4,0.5,False
synthetic,2,1000,4,pca,linear,0.20989386765310625,4,0.5,False
synthetic,2,1000,4,pca,xgb,0.34128350446216804,4,0.5,False
synthetic,2,1000,4,spectral-marginal,linear,0.20985263839395008,4,0.5,False
synthetic,2,1000,4,spectral-marginal,xgb,0.33014726009790774,4,0.5,False
synthetic,2,1000,4,spectral-gibbs,linear,0.2112875693662526,4,0.5,False
synthetic,2,1000,4,spectral-gibbs,xgb,0.32921853370955856,4,0.5,False
synthetic,2,1000,4,conditional,linear,0.23486625333837285,4,0.5,False
synthetic,2,1000,4,conditional,xgb,0.36382166702115226,4,0.5,False
synthetic,2,1000,4,raw+pca,xgb,0.6458882370819853,4,0.5,False
synthetic,2,1000,4,raw+spectral-gibbs,xgb,0.6457681251828645,4,0.5,False
synthetic,2,1000,4,raw+conditional,xgb,0.6811527303924483,4,0.5,False
synthetic,0,50,0,raw,linear,0.28382370380266075,4,0.5,True
synthetic,0,50,0,raw,xgb,0.2726656315461381,4,0.5,True
synthetic,0,50,0,pca,linear,0.03222912212214257,4,0.5,True
synthetic,0,50,0,pca,xgb,-0.0822880399328223,4,0.5,True
synthetic,0,50,0,spectral-marginal,linear,0.06690460968231715,4,0.5,True
synthetic,0,50,0,spectral-marginal,xgb,0.00461065236439151,4,0.5,True
synthetic,0,50,0,spectral-gibbs,linear,0.07756749585917266,4,0.5,True
synthetic,0,50,0,spectral-gibbs,xgb,-0.051584647762092706,4,0.5,True
synthetic,0,50,0,conditional,linear,0.1178898479807805,4,0.5,True
synthetic,0,50,0,conditional,xgb,0.0682851188987833,4,0.5,True
synthetic,0,50,0,raw+pca,xgb,0.28536710305313717,4,0.5,True
synthetic,0,50,0,raw+spectral-gibbs,xgb,0.27999328378656174,4,0.5,True
synthetic,0,50,0,raw+conditional,xgb,0.25228857806244354,4,0.5,True
synthetic,0,50,1,raw,linear,0.17349740282266868,4,0.5,True
synthetic,0,50,1,raw,xgb,0.18393730456019863,4,0.5,True
synthetic,0,50,1,pca,linear,0.04786013526834709,4,0.5,True
synthetic,0,50,1,pca,xgb,0.008127917025089415,4,0.5,True
synthetic,0,50,1,spectral-marginal,linear,0.06081041933790787,4,0.5,True
synthetic,0,50,1,spectral-marginal,xgb,-0.011378348950159767,4,0.5,True
synthetic,0,50,1,spectral-gibbs,linear,0.06375991280436044,4,0.5,True
synthetic,0,50,1,spectral-gibbs,xgb,-0.03063928157131901,4,0.5,True
synthetic,0,50,1,conditional,linear,0.07320833056283294,4,0.5,True
synthetic,0,50,1,conditional,xgb,0.09260213592153499,4,0.5,True
synthetic,0,50,1,raw+pca,xgb,0.19319197095399265,4,0.5,True
synthetic,0,50,1,raw+spectral-gibbs,xgb,0.1957345943019626,4,0.5,True
synthetic,0,50,1,raw+conditional,xgb,0.24095634971352375,4,0.5,True
synthetic,0,50,2,raw,linear,0.3229697487689813,4,0.5,True
synthetic,0,50,2,raw,xgb,0.2593943411626337,4,0.5,True
synthetic,0,50,2,pca,linear,0.04298422931266155,4,0.5,True
synthetic,0,50,2,pca,xgb,-0.10659306111574796,4,0.5,True
synthetic,0,50,2,spectral-marginal,linear,0.08321930244122366,4,0.5,True
synthetic,0,50,2,spectral-marginal,xgb,-0.011549349357850236,4,0.5,True
synthetic,0,50,2,spectral-gibbs,linear,0.10274884593105404,4,0.5,True
synthetic,0,50,2,spectral-gibbs,xgb,0.060960809817784845,4,0.5,True
synthetic,0,50,2,conditional,linear,0.16077049089727435,4,0.5,True
synthetic,0,50,2,conditional,xgb,0.12389215344154747,4,0.5,True
synthetic,0,50,2,raw+pca,xgb,0.2780888898643058,4,0.5,True
synthetic,0,50,2,raw+spectral-gibbs,xgb,0.2619765075584628,4,0.5,True
synthetic,0,50,2,raw+conditional,xgb,0.27594681125548715,4,0.5,True
synthetic,0,50,3,raw,linear,0.34778574477133906,4,0.5,True
synthetic,0,50,3,raw,xgb,0.2684143295965107,4,0.5,True
synthetic,0,50,3,pca,linear,0.03898326874735403,4,0.5,True
synthetic,0,50,3,pca,xgb,-0.09871303979120438,4,0.5,True
synthetic,0,50,3,spectral-marginal,linear,0.10551416803303526,4,0.5,True
synthetic,0,50,3,spectral-marginal,xgb,0.004197970689038599,4,0.5,True
synthetic,0,50,3,spectral-gibbs,linear,0.11866145606335288,4,0.5,True
synthetic,0,50,3,spectral-gibbs,xgb,-0.0013251027540890359,4,0.5,True
synthetic,0,50,3,conditional,linear,0.15058325230875957,4,0.5,True
synthetic,0,50,3,conditional,xgb,0.1253456593713419,4,0.5,True
synthetic,0,50,3,raw+pca,xgb,0.259511914465962,4,0.5,True
synthetic,0,50,3,raw+spectral-gibbs,xgb,0.2777072686182288,4,0.5,True
synthetic,0,50,3,raw+conditional,xgb,0.26266474979243903,4,0.5,True
synthetic,0,50,4,raw,linear,0.29179377304006493,4,0.5,True
synthetic,0,50,4,raw,xgb,0.20372313302883427,4,0.5,True
synthetic,0,50,4,pca,linear,0.031501997496062306,4,0.5,True
synthetic,0,50,4,pca,xgb,-0.10206446948207071,4,0.5,True
synthetic,0,50,4,spectral-marginal,linear,0.09095002294676757,4,0.5,True
synthetic,0,50,4,spectral-marginal,xgb,0.062102880730965815,4,0.5,True
synthetic,0,50,4,spectral-gibbs,linear,0.11417533191698115,4,0.5,True
synthetic,0,50,4,spectral-gibbs,xgb,0.08961400507790473,4,0.5,True
synthetic,0,50,4,conditional,linear,0.09347740032208585,4,0.5,True
synthetic,0,50,4,conditional,xgb,0.0827762950226908,4,0.5,True
synthetic,0,50,4,raw+pca,xgb,0.20953232591075943,4,0.5,True
synthetic,0,50,4,raw+spectral-gibbs,xgb,0.24339609436425869,4,0.5,True
synthetic,0,50,4,raw+conditional,xgb,0.16504166238387918,4,0.5,True
synthetic,0,100,0,raw,linear,0.2804826161998418,4,0.5,True
synthetic,0,100,0,raw,xgb,0.24903662891908696,4,0.5,True
synthetic,0,100,0,pca,linear,0.0016890697567266688,4,0.5,True
synthetic,0,100,0,pca,xgb,-0.11970210461626563,4,0.5,True
synthetic,0,100,0,spectral-marginal,linear,0.010398551702378023,4,0.5,True
synthetic,0,100,0,spectral-marginal,xgb,-0.057739645506098336,4,0.5,True
synthetic,0,100,0,spectral-gibbs,linear,0.024659259169230396,4,0.5,True
synthetic,0,100,0,spectral-gibbs,xgb,0.004029031302606123,4,0.5,True
synthetic,0,100,0,conditional,linear,0.11085590686007574,4,0.5,True
synthetic,0,100,0,conditional,xgb,0.09453542536575488,4,0.5,True
synthetic,0,100,0,raw+pca,xgb,0.28672811716234214,4,0.5,True
synthetic,0,100,0,raw+spectral-gibbs,xgb,0.3047262213256736,4,0.5,True
synthetic,0,100,0,raw+conditional,xgb,0.27791297183789687,4,0.5,True
synthetic,0,100,1,raw,linear,0.354639855151332,4,0.5,True
synthetic,0,100,1,raw,xgb,0.3513358974176314,4,0.5,True
synthetic,0,100,1,pca,linear,-0.009794065110159123,4,0.5,True
synthetic,0,100,1,pca,xgb,-0.10739514459187771,4,0.5,True
synthetic,0,100,1,spectral-marginal,linear,0.039639266716422705,4,0.5,True
synthetic,0,100,1,spectral-marginal,xgb,-0.050777749078365186,4,0.5,True
synthetic,0,100,1,spectral-gibbs,linear,0.06271252983120212,4,0.5,True
synthetic,0,100,1,spectral-gibbs,xgb,-0.015254429536325054,4,0.5,True
synthetic,0,100,1,conditional,linear,0.11909121124263333,4,0.5,True
synthetic,0,100,1,conditional,xgb,0.06438224492313194,4,0.5,True
synthetic,0,100,1,raw+pca,xgb,0.33588947605650954,4,0.5,True
synthetic,0,100,1,raw+spectral-gibbs,xgb,0.3672271506398197,4,0.5,True
synthetic,0,100,1,raw+conditional,xgb,0.3402532269582964,4,0.5,True
synthetic,0,100,2,raw,linear,0.3038212936560184,4,0.5,True
synthetic,0,100,2,raw,xgb,0.30283869422228116,4,0.5,True
synthetic,0,100,2,pca,linear,0.0695682210324392,4,0.5,True
synthetic,0,100,2,pca,xgb,0.0012731736308698727,4,0.5,True
synthetic,0,100,2,spectral-marginal,linear,0.11350197793986228,4,0.5,True
synthetic,0,100,2,spectral-marginal,xgb,0.09115617330751347,4,0.5,True
synthetic,0,100,2,spectral-gibbs,linear,0.13023467394431443,4,0.5,True
synthetic,0,100,2,spectral-gibbs,xgb,0.06696401842033717,4,0.5,True
synthetic,0,100,2,conditional,linear,0.21590888347601733,4,0.5,True
synthetic,0,100,2,conditional,xgb,0.19281500212214675,4,0.5,True
synthetic,0,100,2,raw+pca,xgb,0.31800620588885953,4,0.5,True
synthetic,0,100,2,raw+spectral-gibbs,xgb,0.31744454441267633,4,0.5,True
synthetic,0,100,2,raw+conditional,xgb,0.3148566830574162,4,0.5,True
synthetic,0,100,3,raw,linear,0.23625576727345932,4,0.5,True
synthetic,0,100,3,raw,xgb,0.3060741079907885,4,0.5,True
synthetic,0,100,3,pca,linear,0.060387568021120996,4,0.5,True
synthetic,0,100,3,pca,xgb,-0.12670677887948423,4,0.5,True
synthetic,0,100,3,spectral-marginal,linear,0.07801508139684976,4,0.5,True
synthetic,0,100,3,spectral-marginal,xgb,-0.04570446360823022,4,0.5,True
synthetic,0,100,3,spectral-gibbs,linear,0.08579405728005585,4,0.5,True
synthetic,0,100,3,spectral-gibbs,xgb,-0.06674197558817219,4,0.5,True
synthetic,0,100,3,conditional,linear,0.05929482468494329,4,0.5,True
synthetic,0,100,3,conditional,xgb,0.11027837627855586,4,0.5,True
synthetic,0,100,3,raw+pca,xgb,0.30193249789091414,4,0.5,True
synthetic,0,100,3,raw+spectral-gibbs,xgb,0.29964844005291313,4,0.5,True
synthetic,0,100,3,raw+conditional,xgb,0.2982078125880687,4,0.5,True
synthetic,0,100,4,raw,linear,0.368277037878478,4,0.5,True
synthetic,0,100,4,raw,xgb,0.3286331648260846,4,0.5,True
synthetic,0,100,4,pca,linear,0.061879209721632966,4,0.5,True
synthetic,0,100,4,pca,xgb,-0.11690389532443812,4,0.5,True
synthetic,0,100,4,spectral-marginal,linear,0.11604765058871869,4,0.5,True
synthetic,0,100,4,spectral-marginal,xgb,-0.039277295783514354,4,0.5,True
synthetic,0,100,4,spectral-gibbs,linear,0.13604846120296687,4,0.5,True
synthetic,0,100,4,spectral-gibbs,xgb,-0.015168666414329568,4,0.5,True
synthetic,0,100,4,conditional,linear,0.2233226432160721,4,0.5,True
synthetic,0,100,4,conditional,xgb,0.1593835295317455,4,0.5,True
synthetic,0,100,4,raw+pca,xgb,0.3328063310576812,4,0.5,True
synthetic,0,100,4,raw+spectral-gibbs,xgb,0.3601792261276505,4,0.5,True
synthetic,0,100,4,raw+conditional,xgb,0.3390209980086478,4,0.5,True
synthetic,0,250,0,raw,linear,0.4060131527822064,4,0.5,True
synthetic,0,250,0,raw,xgb,0.4676853722112361,4,0.5,True
synthetic,0,250,0,pca,linear,0.07149545071634755,4,0.5,True
synthetic,0,250,0,pca,xgb,0.055632891274356666,4,0.5,True
synthetic,0,250,0,spectral-marginal,linear,0.12010866758395933,4,0.5,True
synthetic,0,250,0,spectral-marginal,xgb,0.09059251899557663,4,0.5,True
synthetic,0,250,0,spectral-gibbs,linear,0.1381476430696703,4,0.5,True
synthetic,0,250,0,spectral-gibbs,xgb,0.1486184491091429,4,0.5,True
synthetic,0,250,0,conditional,linear,0.2478665800658605,4,0.5,True
synthetic,0,250,0,conditional,xgb,0.22255701270243855,4,0.5,True
synthetic,0,250,0,raw+pca,xgb,0.45848619255959167,4,0.5,True
synthetic,0,250,0,raw+spectral-gibbs,xgb,0.45181695417890655,4,0.5,True
synthetic,0,250,0,raw+conditional,xgb,0.45849005610380433,4,0.5,True
synthetic,0,250,1,raw,linear,0.3705105795981367,4,0.5,True
synthetic,0,250,1,raw,xgb,0.47450407444362674,4,0.5,True
synthetic,0,250,1,pca,linear,0.0758805833763575,4,0.5,True
synthetic,0,250,1,pca,xgb,0.0565000098312497,4,0.5,True
synthetic,0,250,1,spectral-marginal,linear,0.12286937843827228,4,0.5,True
synthetic,0,250,1,spectral-marginal,xgb,0.08389130951401136,4,0.5,True
synthetic,0,250,1,spectral-gibbs,linear,0.14023747329234293,4,0.5,True
synthetic,0,250,1,spectral-gibbs,xgb,0.10944905302366414,4,0.5,True
synthetic,0,250,1,conditional,linear,0.266089467036002,4,0.5,True
synthetic,0,250,1,conditional,xgb,0.23699297670653652,4,0.5,True
synthetic,0,250,1,raw+pca,xgb,0.4687438704997968,4,0.5,True
synthetic,0,250,1,raw+spectral-gibbs,xgb,0.48275589150785525,4,0.5,True
synthetic,0,250,1,raw+conditional,xgb,0.4661585670944085,4,0.5,True
synthetic,0,250,2,raw,linear,0.37694936942302415,4,0.5,True
synthetic,0,250,2,raw,xgb,0.48666075855102253,4,0.5,True
synthetic,0,250,2,pca,linear,0.03926751479870938,4,0.5,True
synthetic,0,250,2,pca,xgb,0.08818282221045992,4,0.5,True
synthetic,0,250,2,spectral-marginal,linear,0.08211946329192488,4,0.5,True
synthetic,0,250,2,spectral-marginal,xgb,0.11215495901803685,4,0.5,True
synthetic,0,250,2,spectral-gibbs,linear,0.1096555514459816,4,0.5,True
synthetic,0,250,2,spectral-gibbs,xgb,0.09656327300162182,4,0.5,True
synthetic,0,250,2,conditional,linear,0.2200770942103375,4,0.5,True
synthetic,0,250,2,conditional,xgb,0.19915472743679874,4,0.5,True
synthetic,0,250,2,raw+pca,xgb,0.49191769281319697,4,0.5,True
synthetic,0,250,2,raw+spectral-gibbs,xgb,0.500170913716093,4,0.5,True
synthetic,0,250,2,raw+conditional,xgb,0.4749694389793735,4,0.5,True
synthetic,0,250,3,raw,linear,0.39416785088782924,4,0.5,True
synthetic,0,250,3,raw,xgb,0.5041799273945351,4,0.5,True
synthetic,0,250,3,pca,linear,0.06997076414841241,4,0.5,True
synthetic,0,250,3,pca,xgb,0.05690646276051525,4,0.5,True
synthetic,0,250,3,spectral-marginal,linear,0.11904899389877432,4,0.5,True
synthetic,0,250,3,spectral-marginal,xgb,0.06866407558074417,4,0.5,True
synthetic,0,250,3,spectral-gibbs,linear,0.13679745902694518,4,0.5,True
synthetic,0,250,3,spectral-gibbs,xgb,0.1270517805362178,4,0.5,True
synthetic,0,250,3,conditional,linear,0.2776492704902985,4,0.5,True
synthetic,0,250,3,conditional,xgb,0.22318583405172165,4,0.5,True
synthetic,0,250,3,raw+pca,xgb,0.5266891170609673,4,0.5,True
synthetic,0,250,3,raw+spectral-gibbs,xgb,0.514211569404289,4,0.5,True
synthetic,0,250,3,raw+conditional,xgb,0.47827777319551046,4,0.5,True
synthetic,0,250,4,raw,linear,0.4106517620136516,4,0.5,True
synthetic,0,250,4,raw,xgb,0.43508055555837355,4,0.5,True
synthetic,0,250,4,pca,linear,0.07929196452028209,4,0.5,True
synthetic,0,250,4,pca,xgb,0.025464055022104803,4,0.5,True
synthetic,0,250,4,spectral-marginal,linear,0.12783233518966497,4,0.5,True
synthetic,0,250,4,spectral-marginal,xgb,0.10694382123806478,4,0.5,True
synthetic,0,250,4,spectral-gibbs,linear,0.1451404039846358,4,0.5,True
synthetic,0,250,4,spectral-gibbs,xgb,0.08952385588233203,4,0.5,True
synthetic,0,250,4,conditional,linear,0.26241542764114,4,0.5,True
synthetic,0,250,4,conditional,xgb,0.21962123032044922,4,0.5,True
synthetic,0,250,4,raw+pca,xgb,0.4623138691317621,4,0.5,True
synthetic,0,250,4,raw+spectral-gibbs,xgb,0.46847053757923873,4,0.5,True
synthetic,0,250,4,raw+conditional,xgb,0.46681586582868484,4,0.5,True
synthetic,0,1000,0,raw,linear,0.44383751374564795,4,0.5,True
synthetic,0,1000,0,raw,xgb,0.5887960831167081,4,0.5,True
synthetic,0,1000,0,pca,linear,0.08465696266741418,4,0.5,True
synthetic,0,1000,0,pca,xgb,0.14663006013327573,4,0.5,True
synthetic,0,1000,0,spectral-marginal,linear,0.13698404593121027,4,0.5,True
synthetic,0,1000,0,spectral-marginal,xgb,0.21215448733212583,4,0.5,True
synthetic,0,1000,0,spectral-gibbs,linear,0.15430586728838214,4,0.5,True
synthetic,0,1000,0,spectral-gibbs,xgb,0.20264787139826257,4,0.5,True
synthetic,0,1000,0,conditional,linear,0.3113259694207239,4,0.5,True
synthetic,0,1000,0,conditional,xgb,0.29743987309497166,4,0.5,True
synthetic,0,1000,0,raw+pca,xgb,0.592075631094066,4,0.5,True
synthetic,0,1000,0,raw+spectral-gibbs,xgb,0.5955604021496286,4,0.5,True
synthetic,0,1000,0,raw+conditional,xgb,0.6051233122573332,4,0.5,True
synthetic,0,1000,1,raw,linear,0.4500461710174979,4,0.5,True
synthetic,0,1000,1,raw,xgb,0.5930127697794488,4,0.5,True
synthetic,0,1000,1,pca,linear,0.08093247793132352,4,0.5,True
synthetic,0,1000,1,pca,xgb,0.17316750164927786,4,0.5,True
synthetic,0,1000,1,spectral-marginal,linear,0.13123589314593564,4,0.5,True
synthetic,0,1000,1,spectral-marginal,xgb,0.21349558005291025,4,0.5,True
synthetic,0,1000,1,spectral-gibbs,linear,0.14856180846517109,4,0.5,True
synthetic,0,1000,1,spectral-gibbs,xgb,0.22261682910501113,4,0.5,True
synthetic,0,1000,1,conditional,linear,0.30806951742558775,4,0.5,True
synthetic,0,1000,1,conditional,xgb,0.32747890487191467,4,0.5,True
synthetic,0,1000,1,raw+pca,xgb,0.5974209150514482,4,0.5,True
synthetic,0,1000,1,raw+spectral-gibbs,xgb,0.6109856953469748,4,0.5,True
synthetic,0,1000,1,raw+conditional,xgb,0.6203556043446987,4,0.5,True
synthetic,0,1000,2,raw,linear,0.4515416204130007,4,0.5,True
synthetic,0,1000,2,raw,xgb,0.6037737239583179,4,0.5,True
synthetic,0,1000,2,pca,linear,0.0846336687830831,4,0.5,True
synthetic,0,1000,2,pca,xgb,0.1511380399351464,4,0.5,True
synthetic,0,1000,2,spectral-marginal,linear,0.13743991380582932,4,0.5,True
synthetic,0,1000,2,spectral-marginal,xgb,0.19805182170111812,4,0.5,True
synthetic,0,1000,2,spectral-gibbs,linear,0.1550044458895875,4,0.5,True
synthetic,0,1000,2,spectral-gibbs,xgb,0.19630297847034273,4,0.5,True
synthetic,0,1000,2,conditional,linear,0.29980427661240405,4,0.5,True
synthetic,0,1000,2,conditional,xgb,0.30302812478366814,4,0.5,True
synthetic,0,1000,2,raw+pca,xgb,0.6263608525914022,4,0.5,True
synthetic,0,1000,2,raw+spectral-gibbs,xgb,0.6269150930034886,4,0.5,True
synthetic,0,1000,2,raw+conditional,xgb,0.6098976119389197,4,0.5,True
synthetic,0,1000,3,raw,linear,0.44447863375275254,4,0.5,True
synthetic,0,1000,3,raw,xgb,0.5856081711149264,4,0.5,True
synthetic,0,1000,3,pca,linear,0.08317513811767019,4,0.5,True
synthetic,0,1000,3,pca,xgb,0.13614383147182663,4,0.5,True
synthetic,0,1000,3,spectral-marginal,linear,0.13504470121891532,4,0.5,True
synthetic,0,1000,3,spectral-marginal,xgb,0.2125005724398663,4,0.5,True
synthetic,0,1000,3,spectral-gibbs,linear,0.15221581366464731,4,0.5,True
synthetic,0,1000,3,spectral-gibbs,xgb,0.20225472493043561,4,0.5,True
synthetic,0,1000,3,conditional,linear,0.30104303420572043,4,0.5,True
synthetic,0,1000,3,conditional,xgb,0.30551129767287155,4,0.5,True
synthetic,0,1000,3,raw+pca,xgb,0.5805494754832633,4,0.5,True
synthetic,0,1000,3,raw+spectral-gibbs,xgb,0.5996962877053638,4,0.5,True
synthetic,0,1000,3,raw+conditional,xgb,0.5921753425617582,4,0.5,True
synthetic,0,1000,4,raw,linear,0.4473078179285507,4,0.5,True
synthetic,0,1000,4,raw,xgb,0.601056288685238,4,0.5,True
synthetic,0,1000,4,pca,linear,0.08143012690603424,4,0.5,True
synthetic,0,1000,4,pca,xgb,0.13139891400967907,4,0.5,True
synthetic,0,1000,4,spectral-marginal,linear,0.1324207014396308,4,0.5,True
synthetic,0,1000,4,spectral-marginal,xgb,0.19175670551177326,4,0.5,True
synthetic,0,1000,4,spectral-gibbs,linear,0.14919116260507237,4,0.5,True
synthetic,0,1000,4,spectral-gibbs,xgb,0.20451174623733603,4,0.5,True
synthetic,0,1000,4,conditional,linear,0.30619642603636543,4,0.5,True
synthetic,0,1000,4,conditional,xgb,0.3041152018148404,4,0.5,True
synthetic,0,1000,4,raw+pca,xgb,0.5881459992186769,4,0.5,True
synthetic,0,1000,4,raw+spectral-gibbs,xgb,0.5894293792904894,4,0.5,True
synthetic,0,1000,4,raw+conditional,xgb,0.593482622268702,4,0.5,True
synthetic,1,50,0,raw,linear,0.2905254861076513,4,0.5,True
synthetic,1,50,0,raw,xgb,0.19917443520896627,4,0.5,True
synthetic,1,50,0,pca,linear,0.03285173351847759,4,0.5,True
synthetic,1,50,0,pca,xgb,-0.11123720074937316,4,0.5,True
synthetic,1,50,0,spectral-marginal,linear,0.03417142947307128,4,0.5,True
synthetic,1,50,0,spectral-marginal,xgb,-0.05761628219658754,4,0.5,True
synthetic,1,50,0,spectral-gibbs,linear,0.042562417071748015,4,0.5,True
synthetic,1,50,0,spectral-gibbs,xgb,0.006358332029603231,4,0.5,True
synthetic,1,50,0,conditional,linear,0.10420896551474512,4,0.5,True
synthetic,1,50,0,conditional,xgb,0.06688914789940914,4,0.5,True
synthetic,1,50,0,raw+pca,xgb,0.18863190472438263,4,0.5,True
synthetic,1,50,0,raw+spectral-gibbs,xgb,0.18910779725722993,4,0.5,True
synthetic,1,50,0,raw+conditional,xgb,0.25568011167705984,4,0.5,True
synthetic,1,50,1,raw,linear,0.27447026297003274,4,0.5,True
synthetic,1,50,1,raw,xgb,0.2160203408340492,4,0.5,True
synthetic,1,50,1,pca,linear,0.057033027069927966,4,0.5,True
synthetic,1,50,1,pca,xgb,-0.04329334942598839,4,0.5,True
synthetic,1,50,1,spectral-marginal,linear,0.045991786700768755,4,0.5,True
synthetic,1,50,1,spectral-marginal,xgb,-0.1078107652305782,4,0.5,True
synthetic,1,50,1,spectral-gibbs,linear,0.05188646848315859,4,0.5,True
synthetic,1,50,1,spectral-gibbs,xgb,-0.11291435075821576,4,0.5,True
synthetic,1,50,1,conditional,linear,0.05715168106050572,4,0.5,True
synthetic,1,50,1,conditional,xgb,0.06491020434429629,4,0.5,True
synthetic,1,50,1,raw+pca,xgb,0.22632070146043892,4,0.5,True
synthetic,1,50,1,raw+spectral-gibbs,xgb,0.23251953902630584,4,0.5,True
synthetic,1,50,1,raw+conditional,xgb,0.1858097101507734,4,0.5,True
synthetic,1,50,2,raw,linear,0.19743774681695103,4,0.5,True
synthetic,1,50,2,raw,xgb,0.1722985078610214,4,0.5,True
synthetic,1,50,2,pca,linear,-0.0026214844267289372,4,0.5,True
synthetic,1,50,2,pca,xgb,-0.21471121980400731,4,0.5,True
synthetic,1,50,2,spectral-marginal,linear,-0.0044642146467110955,4,0.5,True
synthetic,1,50,2,spectral-marginal,xgb,-0.18230086948724522,4,0.5,True
synthetic,1,50,2,spectral-gibbs,linear,-0.009442367388077466,4,0.5,True
synthetic,1,50,2,spectral-gibbs,xgb,-0.19349920228897344,4,0.5,True
synthetic,1,50,2,conditional,linear,0.14644655514769,4,0.5,True
synthetic,1,50,2,conditional,xgb,0.05845575716141438,4,0.5,True
synthetic,1,50,2,raw+pca,xgb,0.19150965868401526,4,0.5,True
synthetic,1,50,2,raw+spectral-gibbs,xgb,0.17040677026501472,4,0.5,True
synthetic,1,50,2,raw+conditional,xgb,0.1891922134424927,4,0.5,True
synthetic,1,50,3,raw,linear,0.2448666110131611,4,0.5,True
synthetic,1,50,3,raw,xgb,0.2338400962689594,4,0.5,True
synthetic,1,50,3,pca,linear,0.08372871174757923,4,0.5,True
synthetic,1,50,3,pca,xgb,-0.16360410981768947,4,0.5,True
synthetic,1,50,3,spectral-marginal,linear,0.08725345029535547,4,0.5,True
synthetic,1,50,3,spectral-marginal,xgb,-0.19977584580059515,4,0.5,True
synthetic,1,50,3,spectral-gibbs,linear,0.09284016089182434,4,0.5,True
synthetic,1,50,3,spectral-gibbs,xgb,-0.11516388590821736,4,0.5,True
synthetic,1,50,3,conditional,linear,0.20647323494062553,4,0.5,True
synthetic,1,50,3,conditional,xgb,0.015375002261300064,4,0.5,True
synthetic,1,50,3,raw+pca,xgb,0.23516552449493877,4,0.5,True
synthetic,1,50,3,raw+spectral-gibbs,xgb,0.22688719102753985,4,0.5,True
synthetic,1,50,3,raw+conditional,xgb,0.18537596384651178,4,0.5,True
synthetic,1,50,4,raw,linear,0.2964605613519222,4,0.5,True
synthetic,1,50,4,raw,xgb,0.25630667586734823,4,0.5,True
synthetic,1,50,4,pca,linear,0.12071575532866918,4,0.5,True
synthetic,1,50,4,pca,xgb,-0.16424257369184558,4,0.5,True
synthetic,1,50,4,spectral-marginal,linear,0.11226269198367733,4,0.5,True
synthetic,1,50,4,spectral-marginal,xgb,-0.13616533931690933,4,0.5,True
synthetic,1,50,4,spectral-gibbs,linear,0.10890307790892317,4,0.5,True
synthetic,1,50,4,spectral-gibbs,xgb,-0.10057771659758608,4,0.5,True
synthetic,1,50,4,conditional,linear,0.16942809985059182,4,0.5,True
synthetic,1,50,4,conditional,xgb,0.05488744217093244,4,0.5,True
synthetic,1,50,4,raw+pca,xgb,0.25807685088462473,4,0.5,True
synthetic,1,50,4,raw+spectral-gibbs,xgb,0.23795189827908847,4,0.5,True
synthetic,1,50,4,raw+conditional,xgb,0.2560580734510396,4,0.5,True
synthetic,1,100,0,raw,linear,0.3961797511059282,4,0.5,True
synthetic,1,100,0,raw,xgb,0.4519866923086434,4,0.5,True
synthetic,1,100,0,pca,linear,0.045909601708530534,4,0.5,True
synthetic,1,100,0,pca,xgb,-0.032294243113107246,4,0.5,True
synthetic,1,100,0,spectral-marginal,linear,0.06871731173098516,4,0.5,True
synthetic,1,100,0,spectral-marginal,xgb,-0.0630794261906702,4,0.5,True
synthetic,1,100,0,spectral-gibbs,linear,0.08149486461006039,4,0.5,True
synthetic,1,100,0,spectral-gibbs,xgb,-0.07920243246665049,4,0.5,True
synthetic,1,100,0,conditional,linear,0.2360380268551201,4,0.5,True
synthetic,1,100,0,conditional,xgb,0.07608689022824866,4,0.5,True
synthetic,1,100,0,raw+pca,xgb,0.43466481432436976,4,0.5,True
synthetic,1,100,0,raw+spectral-gibbs,xgb,0.42372819005443274,4,0.5,True
synthetic,1,100,0,raw+conditional,xgb,0.3606606692549089,4,0.5,True
synthetic,1,100,1,raw,linear,0.33837394850663505,4,0.5,True
synthetic,1,100,1,raw,xgb,0.38010117113946607,4,0.5,True
synthetic,1,100,1,pca,linear,0.14367718249265105,4,0.5,True
synthetic,1,100,1,pca,xgb,0.04769255527203686,4,0.5,True
synthetic,1,100,1,spectral-marginal,linear,0.1400761958130765,4,0.5,True
synthetic,1,100,1,spectral-marginal,xgb,0.001549463729720424,4,0.5,True
synthetic,1,100,1,spectral-gibbs,linear,0.14256128783477517,4,0.5,True
synthetic,1,100,1,spectral-gibbs,xgb,0.03042346385720407,4,0.5,True
synthetic,1,100,1,conditional,linear,0.2303124672513326,4,0.5,True
synthetic,1,100,1,conditional,xgb,0.18079111854692065,4,0.5,True
synthetic,1,100,1,raw+pca,xgb,0.37806367932652474,4,0.5,True
synthetic,1,100,1,raw+spectral-gibbs,xgb,0.37432699752210474,4,0.5,True
synthetic,1,100,1,raw+conditional,xgb,0.3935790209320811,4,0.5,True
synthetic,1,100,2,raw,linear,0.3671422261427867,4,0.5,True
synthetic,1,100,2,raw,xgb,0.4219221591520119,4,0.5,True
synthetic,1,100,2,pca,linear,0.12498519948703868,4,0.5,True
synthetic,1,100,2,pca,xgb,0.049101911167379164,4,0.5,True
synthetic,1,100,2,spectral-marginal,linear,0.1229159300465511,4,0.5,True
synthetic,1,100,2,spectral-marginal,xgb,0.07915013346992772,4,0.5,True
synthetic,1,100,2,spectral-gibbs,linear,0.12788593470893062,4,0.5,True
synthetic,1,100,2,spectral-gibbs,xgb,0.055581668060108,4,0.5,True
synthetic,1,100,2,conditional,linear,0.24381454610829223,4,0.5,True
synthetic,1,100,2,conditional,xgb,0.15918339411839233,4,0.5,True
synthetic,1,100,2,raw+pca,xgb,0.4208623091593894,4,0.5,True
synthetic,1,100,2,raw+spectral-gibbs,xgb,0.4116675754571826,4,0.5,True
synthetic,1,100,2,raw+conditional,xgb,0.3988208222976093,4,0.5,True
synthetic,1,100,3,raw,linear,0.417041432664391,4,0.5,True
synthetic,1,100,3,raw,xgb,0.4055164682886534,4,0.5,True
synthetic,1,100,3,pca,linear,0.11312966269790259,4,0.5,True
synthetic,1,100,3,pca,xgb,0.025358205171860937,4,0.5,True
synthetic,1,100,3,spectral-marginal,linear,0.11178402863111858,4,0.5,True
synthetic,1,100,3,spectral-marginal,xgb,-0.01976657901510359,4,0.5,True
synthetic,1,100,3,spectral-gibbs,linear,0.11431582095426329,4,0.5,True
synthetic,1,100,3,spectral-gibbs,xgb,-0.009176988767275018,4,0.5,True
synthetic,1,100,3,conditional,linear,0.2486112630061712,4,0.5,True
synthetic,1,100,3,conditional,xgb,0.1842480008530223,4,0.5,True
synthetic,1,100,3,raw+pca,xgb,0.38981003363956723,4,0.5,True
synthetic,1,100,3,raw+spectral-gibbs,xgb,0.39487394173238277,4,0.5,True
synthetic,1,100,3,raw+conditional,xgb,0.4192996465914919,4,0.5,True
synthetic,1,100,4,raw,linear,0.2611535938002192,4,0.5,True
synthetic,1,100,4,raw,xgb,0.3236666134435241,4,0.5,True
synthetic,1,100,4,pca,linear,0.13486739323216446,4,0.5,True
synthetic,1,100,4,pca,xgb,0.0859334104877667,4,0.5,True
synthetic,1,100,4,spectral-marginal,linear,0.12823452033349958,4,0.5,True
synthetic,1,100,4,spectral-marginal,xgb,0.030750986387654167,4,0.5,True
synthetic,1,100,4,spectral-gibbs,linear,0.12948972194136377,4,0.5,True
synthetic,1,100,4,spectral-gibbs,xgb,0.05055334921069621,4,0.5,True
synthetic,1,100,4,conditional,linear,0.21406555780304237,4,0.5,True
synthetic,1,100,4,conditional,xgb,0.18927903481365305,4,0.5,True
synthetic,1,100,4,raw+pca,xgb,0.34757753312276185,4,0.5,True
synthetic,1,100,4,raw+spectral-gibbs,xgb,0.33067399254199337,4,0.5,True
synthetic,1,100,4,raw+conditional,xgb,0.2871031106029296,4,0.5,True
synthetic,1,250,0,raw,linear,0.4384308227613558,4,0.5,True
synthetic,1,250,0,raw,xgb,0.5437569634755013,4,0.5,True
synthetic,1,250,0,pca,linear,0.1352552660713794,4,0.5,True
synthetic,1,250,0,pca,xgb,0.08355418700028228,4,0.5,True
synthetic,1,250,0,spectral-marginal,linear,0.12952507478686537,4,0.5,True
synthetic,1,250,0,spectral-marginal,xgb,0.05006313607765456,4,0.5,True
synthetic,1,250,0,spectral-gibbs,linear,0.13109590681533623,4,0.5,True
synthetic,1,250,0,spectral-gibbs,xgb,0.08068820171381286,4,0.5,True
synthetic,1,250,0,conditional,linear,0.29164598583857715,4,0.5,True
synthetic,1,250,0,conditional,xgb,0.24675265336865282,4,0.5,True
synthetic,1,250,0,raw+pca,xgb,0.5370028655807623,4,0.5,True
synthetic,1,250,0,raw+spectral-gibbs,xgb,0.5519486441408183,4,0.5,True
synthetic,1,250,0,raw+conditional,xgb,0.5200462560402235,4,0.5,True
synthetic,1,250,1,raw,linear,0.4120506986440635,4,0.5,True
synthetic,1,250,1,raw,xgb,0.5126494691517524,4,0.5,True
synthetic,1,250,1,pca,linear,0.13611806085084832,4,0.5,True
synthetic,1,250,1,pca,xgb,0.0858640333253069,4,0.5,True
synthetic,1,250,1,spectral-marginal,linear,0.13595389862538532,4,0.5,True
synthetic,1,250,1,spectral-marginal,xgb,0.13121774376327466,4,0.5,True
synthetic,1,250,1,spectral-gibbs,linear,0.13861933972916518,4,0.5,True
synthetic,1,250,1,spectral-gibbs,xgb,0.10678236103642824,4,0.5,True
synthetic,1,250,1,conditional,linear,0.25089525666794454,4,0.5,True
synthetic,1,250,1,conditional,xgb,0.19311491764637567,4,0.5,True
synthetic,1,250,1,raw+pca,xgb,0.5068340578336439,4,0.5,True
synthetic,1,250,1,raw+spectral-gibbs,xgb,0.5145486796331169,4,0.5,True
synthetic,1,250,1,raw+conditional,xgb,0.5082136901291978,4,0.5,True
synthetic,1,250,2,raw,linear,0.4623975412223521,4,0.5,True
synthetic,1,250,2,raw,xgb,0.5260855272212914,4,0.5,True
synthetic,1,250,2,pca,linear,0.14016335664723656,4,0.5,True
synthetic,1,250,2,pca,xgb,0.08943855086284058,4,0.5,True
synthetic,1,250,2,spectral-marginal,linear,0.13757647167714127,4,0.5,True
synthetic,1,250,2,spectral-marginal,xgb,0.12316528557097162,4,0.5,True
synthetic,1,250,2,spectral-gibbs,linear,0.1399664848110319,4,0.5,True
synthetic,1,250,2,spectral-gibbs,xgb,0.10055613796052854,4,0.5,True
synthetic,1,250,2,conditional,linear,0.29527266271180796,4,0.5,True
synthetic,1,250,2,conditional,xgb,0.26309907013506284,4,0.5,True
synthetic,1,250,2,raw+pca,xgb,0.5161907178932577,4,0.5,True
synthetic,1,250,2,raw+spectral-gibbs,xgb,0.5173106012542935,4,0.5,True
synthetic,1,250,2,raw+conditional,xgb,0.5077286835815431,4,0.5,True
synthetic,1,250,3,raw,linear,0.4102581325485688,4,0.5,True
synthetic,1,250,3,raw,xgb,0.48085344970025123,4,0.5,True
synthetic,1,250,3,pca,linear,0.11889269424382609,4,0.5,True
synthetic,1,250,3,pca,xgb,0.09710195131150878,4,0.5,True
synthetic,1,250,3,spectral-marginal,linear,0.11550729636412682,4,0.5,True
synthetic,1,250,3,spectral-marginal,xgb,0.10565514561769174,4,0.5,True
synthetic,1,250,3,spectral-gibbs,linear,0.12209713846334658,4,0.5,True
synthetic,1,250,3,spectral-gibbs,xgb,0.09144929033007787,4,0.5,True
synthetic,1,250,3,conditional,linear,0.2473677634466659,4,0.5,True
synthetic,1,250,3,conditional,xgb,0.24764350684777237,4,0.5,True
synthetic,1,250,3,raw+pca,xgb,0.49464425867750206,4,0.5,True
synthetic,1,250,3,raw+spectral-gibbs,xgb,0.4807398466583336,4,0.5,True
synthetic,1,250,3,raw+conditional,xgb,0.4880409916846403,4,0.5,True
synthetic,1,250,4,raw,linear,0.4597435400787978,4,0.5,True
synthetic,1,250,4,raw,xgb,0.533816382528544,4,0.5,True
synthetic,1,250,4,pca,linear,0.12115282465768062,4,0.5,True
synthetic,1,250,4,pca,xgb,0.07372902321500441,4,0.5,True
synthetic,1,250,4,spectral-marginal,linear,0.11856316205256145,4,0.5,True
synthetic,1,250,4,spectral-marginal,xgb,0.06555208810326996,4,0.5,True
synthetic,1,250,4,spectral-gibbs,linear,0.12160451309452014,4,0.5,True
synthetic,1,250,4,spectral-gibbs,xgb,0.0916702640308007,4,0.5,True
synthetic,1,250,4,conditional,linear,0.26914794182396407,4,0.5,True
synthetic,1,250,4,conditional,xgb,0.2633935411295919,4,0.5,True
synthetic,1,250,4,raw+pca,xgb,0.5400351079861643,4,0.5,True
synthetic,1,250,4,raw+spectral-gibbs,xgb,0.5395326927971076,4,0.5,True
synthetic,1,250,4,raw+conditional,xgb,0.5331160857158561,4,0.5,True
synthetic,1,1000,0,raw,linear,0.49654402512618645,4,0.5,True
synthetic,1,1000,0,raw,xgb,0.6136416122500763,4,0.5,True
synthetic,1,1000,0,pca,linear,0.14709857278283356,4,0.5,True
synthetic,1,1000,0,pca,xgb,0.1967432438064124,4,0.5,True
synthetic,1,1000,0,spectral-marginal,linear,0.14565332530715303,4,0.5,True
synthetic,1,1000,0,spectral-marginal,xgb,0.18873097625702806,4,0.5,True
synthetic,1,1000,0,spectral-gibbs,linear,0.1489127557865879,4,0.5,True
synthetic,1,1000,0,spectral-gibbs,xgb,0.18538753788125517,4,0.5,True
synthetic,1,1000,0,conditional,linear,0.31378661286414866,4,0.5,True
synthetic,1,1000,0,conditional,xgb,0.3220309015176064,4,0.5,True
synthetic,1,1000,0,raw+pca,xgb,0.609694401975386,4,0.5,True
synthetic,1,1000,0,raw+spectral-gibbs,xgb,0.6122438641430143,4,0.5,True
synthetic,1,1000,0,raw+conditional,xgb,0.6381877904416691,4,0.5,True
synthetic,1,1000,1,raw,linear,0.4818348001611853,4,0.5,True
synthetic,1,1000,1,raw,xgb,0.6288939522404268,4,0.5,True
synthetic,1,1000,1,pca,linear,0.13392095877123256,4,0.5,True
synthetic,1,1000,1,pca,xgb,0.16693833983731743,4,0.5,True
synthetic,1,1000,1,spectral-marginal,linear,0.13096315301726047,4,0.5,True
synthetic,1,1000,1,spectral-marginal,xgb,0.17282676196915103,4,0.5,True
synthetic,1,1000,1,spectral-gibbs,linear,0.13465789304490328,4,0.5,True
synthetic,1,1000,1,spectral-gibbs,xgb,0.1733974142234821,4,0.5,True
synthetic,1,1000,1,conditional,linear,0.31132307215383526,4,0.5,True
synthetic,1,1000,1,conditional,xgb,0.3390867687460496,4,0.5,True
synthetic,1,1000,1,raw+pca,xgb,0.634448164095941,4,0.5,True
synthetic,1,1000,1,raw+spectral-gibbs,xgb,0.6337873017620381,4,0.5,True
synthetic,1,1000,1,raw+conditional,xgb,0.6299307979313962,4,0.5,True
synthetic,1,1000,2,raw,linear,0.49951103444843237,4,0.5,True
synthetic,1,1000,2,raw,xgb,0.640894223544531,4,0.5,True
synthetic,1,1000,2,pca,linear,0.14733120712292258,4,0.5,True
synthetic,1,1000,2,pca,xgb,0.2092980653686889,4,0.5,True
synthetic,1,1000,2,spectral-marginal,linear,0.14440618330129706,4,0.5,True
synthetic,1,1000,2,spectral-marginal,xgb,0.18666351432772044,4,0.5,True
synthetic,1,1000,2,spectral-gibbs,linear,0.14811009846081558,4,0.5,True
synthetic,1,1000,2,spectral-gibbs,xgb,0.18537887034087464,4,0.5,True
synthetic,1,1000,2,conditional,linear,0.3252347596938805,4,0.5,True
synthetic,1,1000,2,conditional,xgb,0.34355207007307575,4,0.5,True
synthetic,1,1000,2,raw+pca,xgb,0.6479526006163052,4,0.5,True
synthetic,1,1000,2,raw+spectral-gibbs,xgb,0.6438472813021396,4,0.5,True
synthetic,1,1000,2,raw+conditional,xgb,0.6348431596524182,4,0.5,True
synthetic,1,1000,3,raw,linear,0.4973742445005074,4,0.5,True
synthetic,1,1000,3,raw,xgb,0.621379610250703,4,0.5,True
synthetic,1,1000,3,pca,linear,0.15235035699046595,4,0.5,True
synthetic,1,1000,3,pca,xgb,0.18196272488338294,4,0.5,True
synthetic,1,1000,3,spectral-marginal,linear,0.15005766362995654,4,0.5,True
synthetic,1,1000,3,spectral-marginal,xgb,0.1900405718826338,4,0.5,True
synthetic,1,1000,3,spectral-gibbs,linear,0.1531891606826321,4,0.5,True
synthetic,1,1000,3,spectral-gibbs,xgb,0.18829044230489378,4,0.5,True
synthetic,1,1000,3,conditional,linear,0.3296482539044153,4,0.5,True
synthetic,1,1000,3,conditional,xgb,0.33730603842956186,4,0.5,True
synthetic,1,1000,3,raw+pca,xgb,0.610018998910735,4,0.5,True
synthetic,1,1000,3,raw+spectral-gibbs,xgb,0.6135131112734493,4,0.5,True
synthetic,1,1000,3,raw+conditional,xgb,0.6320034439347314,4,0.5,True
synthetic,1,1000,4,raw,linear,0.4901712455826507,4,0.5,True
synthetic,1,1000,4,raw,xgb,0.6304611910232942,4,0.5,True
synthetic,1,1000,4,pca,linear,0.1499634400900438,4,0.5,True
synthetic,1,1000,4,pca,xgb,0.19178295088967012,4,0.5,True
synthetic,1,1000,4,spectral-marginal,linear,0.147758521388611,4,0.5,True
synthetic,1,1000,4,spectral-marginal,xgb,0.20872588828024274,4,0.5,True
synthetic,1,1000,4,spectral-gibbs,linear,0.150607152602393,4,0.5,True
synthetic,1,1000,4,spectral-gibbs,xgb,0.19769846490379928,4,0.5,True
synthetic,1,1000,4,conditional,linear,0.3286206628790127,4,0.5,True
synthetic,1,1000,4,conditional,xgb,0.3353316766452695,4,0.5,True
synthetic,1,1000,4,raw+pca,xgb,0.6376672210386078,4,0.5,True
synthetic,1,1000,4,raw+spectral-gibbs,xgb,0.6360078648342169,4,0.5,True
synthetic,1,1000,4,raw+conditional,xgb,0.6420413137188825,4,0.5,True
synthetic,2,50,0,raw,linear,0.30141430243758616,4,0.5,True
synthetic,2,50,0,raw,xgb,0.1815836363722192,4,0.5,True
synthetic,2,50,0,pca,linear,0.1596492344933903,4,0.5,True
synthetic,2,50,0,pca,xgb,0.053934576014179725,4,0.5,True
synthetic,2,50,0,spectral-marginal,linear,0.10919017328616754,4,0.5,True
synthetic,2,50,0,spectral-marginal,xgb,-0.046416041109663686,4,0.5,True
synthetic,2,50,0,spectral-gibbs,linear,0.1757625025801265,4,0.5,True
synthetic,2,50,0,spectral-gibbs,xgb,0.048714207292612,4,0.5,True
synthetic,2,50,0,conditional,linear,-0.839102176645588,4,0.5,True
synthetic,2,50,0,conditional,xgb,0.10606540880254212,4,0.5,True
synthetic,2,50,0,raw+pca,xgb,0.1635162536724225,4,0.5,True
synthetic,2,50,0,raw+spectral-gibbs,xgb,0.19196940027165543,4,0.5,True
synthetic,2,50,0,raw+conditional,xgb,0.18341082484972027,4,0.5,True
synthetic,2,50,1,raw,linear,0.006256649972690598,4,0.5,True
synthetic,2,50,1,raw,xgb,0.1562530993382104,4,0.5,True
synthetic,2,50,1,pca,linear,0.055844247969677796,4,0.5,True
synthetic,2,50,1,pca,xgb,-0.16748977334932946,4,0.5,True
synthetic,2,50,1,spectral-marginal,linear,0.05256794244900653,4,0.5,True
synthetic,2,50,1,spectral-marginal,xgb,-0.07543451561951287,4,0.5,True
synthetic,2,50,1,spectral-gibbs,linear,0.05943903615218826,4,0.5,True
synthetic,2,50,1,spectral-gibbs,xgb,-0.1355822999515528,4,0.5,True
synthetic,2,50,1,conditional,linear,0.0854562081443414,4,0.5,True
synthetic,2,50,1,conditional,xgb,0.0003334801822246769,4,0.5,True
synthetic,2,50,1,raw+pca,xgb,0.1791071533015931,4,0.5,True
synthetic,2,50,1,raw+spectral-gibbs,xgb,0.16606991663784698,4,0.5,True
synthetic,2,50,1,raw+conditional,xgb,0.12376813745627413,4,0.5,True
synthetic,2,50,2,raw,linear,0.32272485321147426,4,0.5,True
synthetic,2,50,2,raw,xgb,0.31544718653856785,4,0.5,True
synthetic,2,50,2,pca,linear,0.05018715262877815,4,0.5,True
synthetic,2,50,2,pca,xgb,-0.024935788833261086,4,0.5,True
synthetic,2,50,2,spectral-marginal,linear,0.10827341105610588,4,0.5,True
synthetic,2,50,2,spectral-marginal,xgb,-0.04724297583264181,4,0.5,True
synthetic,2,50,2,spectral-gibbs,linear,0.12029696159842573,4,0.5,True
synthetic,2,50,2,spectral-gibbs,xgb,0.06693329405462822,4,0.5,True
synthetic,2,50,2,conditional,linear,0.1714895980645168,4,0.5,True
synthetic,2,50,2,conditional,xgb,0.10536640310533474,4,0.5,True
synthetic,2,50,2,raw+pca,xgb,0.3298536775011741,4,0.5,True
synthetic,2,50,2,raw+spectral-gibbs,xgb,0.3238535210428476,4,0.5,True
synthetic,2,50,2,raw+conditional,xgb,0.3362054958544318,4,0.5,True
synthetic,2,50,3,raw,linear,0.3171825433292811,4,0.5,True
synthetic,2,50,3,raw,xgb,0.25901143675930216,4,0.5,True
synthetic,2,50,3,pca,linear,0.11761171066758302,4,0.5,True
synthetic,2,50,3,pca,xgb,0.08673012164516736,4,0.5,True
synthetic,2,50,3,spectral-marginal,linear,0.1286864018096171,4,0.5,True
synthetic,2,50,3,spectral-marginal,xgb,-0.009252086452404829,4,0.5,True
synthetic,2,50,3,spectral-gibbs,linear,0.14134452399532071,4,0.5,True
synthetic,2,50,3,spectral-gibbs,xgb,0.055432190038871454,4,0.5,True
synthetic,2,50,3,conditional,linear,0.15013284711168673,4,0.5,True
synthetic,2,50,3,conditional,xgb,0.11038540241993355,4,0.5,True
synthetic,2,50,3,raw+pca,xgb,0.25452145935075576,4,0.5,True
synthetic,2,50,3,raw+spectral-gibbs,xgb,0.29692897889089587,4,0.5,True
synthetic,2,50,3,raw+conditional,xgb,0.2292408362490227,4,0.5,True
synthetic,2,50,4,raw,linear,0.2923989639889085,4,0.5,True
synthetic,2,50,4,raw,xgb,0.32225898976022627,4,0.5,True
synthetic,2,50,4,pca,linear,0.010527256250246309,4,0.5,True
synthetic,2,50,4,pca,xgb,-0.11739487989048847,4,0.5,True
synthetic,2,50,4,spectral-marginal,linear,0.01114702835652126,4,0.5,True
synthetic,2,50,4,spectral-marginal,xgb,-0.1230065318646989,4,0.5,True
synthetic,2,50,4,spectral-gibbs,linear,0.012097068700318236,4,0.5,True
synthetic,2,50,4,spectral-gibbs,xgb,-0.26037604404258796,4,0.5,True
synthetic,2,50,4,conditional,linear,0.11655106259534653,4,0.5,True
synthetic,2,50,4,conditional,xgb,0.09904038710225493,4,0.5,True
synthetic,2,50,4,raw+pca,xgb,0.32845557120073143,4,0.5,True
synthetic,2,50,4,raw+spectral-gibbs,xgb,0.3246658547189545,4,0.5,True
synthetic,2,50,4,raw+conditional,xgb,0.35720972922172567,4,0.5,True
synthetic,2,100,0,raw,linear,0.36614687277064284,4,0.5,True
synthetic,2,100,0,raw,xgb,0.2841299959881982,4,0.5,True
synthetic,2,100,0,pca,linear,0.11431246537361461,4,0.5,True
synthetic,2,100,0,pca,xgb,0.009040959049624653,4,0.5,True
synthetic,2,100,0,spectral-marginal,linear,0.12818560019652592,4,0.5,True
synthetic,2,100,0,spectral-marginal,xgb,0.011869473047752988,4,0.5,True
synthetic,2,100,0,spectral-gibbs,linear,0.14493548292940273,4,0.5,True
synthetic,2,100,0,spectral-gibbs,xgb,-0.030460149929189217,4,0.5,True
synthetic,2,100,0,conditional,linear,0.12706571521510412,4,0.5,True
synthetic,2,100,0,conditional,xgb,0.09922206530697464,4,0.5,True
synthetic,2,100,0,raw+pca,xgb,0.29128520979528394,4,0.5,True
synthetic,2,100,0,raw+spectral-gibbs,xgb,0.30241009553436926,4,0.5,True
synthetic,2,100,0,raw+conditional,xgb,0.18080881270877203,4,0.5,True
synthetic,2,100,1,raw,linear,0.2780754772959332,4,0.5,True
synthetic,2,100,1,raw,xgb,0.31194333784101536,4,0.5,True
synthetic,2,100,1,pca,linear,0.013878879360811003,4,0.5,True
synthetic,2,100,1,pca,xgb,-0.04229304799358946,4,0.5,True
synthetic,2,100,1,spectral-marginal,linear,0.025332409245934495,4,0.5,True
synthetic,2,100,1,spectral-marginal,xgb,0.010355051222676215,4,0.5,True
synthetic,2,100,1,spectral-gibbs,linear,0.041604453227251925,4,0.5,True
synthetic,2,100,1,spectral-gibbs,xgb,0.01908203348721449,4,0.5,True
synthetic,2,100,1,conditional,linear,0.2012430319057641,4,0.5,True
synthetic,2,100,1,conditional,xgb,0.16090172695453753,4,0.5,True
synthetic,2,100,1,raw+pca,xgb,0.33519195038110283,4,0.5,True
synthetic,2,100,1,raw+spectral-gibbs,xgb,0.3324227906701399,4,0.5,True
synthetic,2,100,1,raw+conditional,xgb,0.32260748323570765,4,0.5,True
synthetic,2,100,2,raw,linear,0.3434041452929497,4,0.5,True
synthetic,2,100,2,raw,xgb,0.41490742011769366,4,0.5,True
synthetic,2,100,2,pca,linear,0.11590758150286884,4,0.5,True
synthetic,2,100,2,pca,xgb,0.10072612205530218,4,0.5,True
synthetic,2,100,2,spectral-marginal,linear,0.15421296580234134,4,0.5,True
synthetic,2,100,2,spectral-marginal,xgb,0.11104253810361553,4,0.5,True
synthetic,2,100,2,spectral-gibbs,linear,0.16576738889685694,4,0.5,True
synthetic,2,100,2,spectral-gibbs,xgb,0.11981073065488834,4,0.5,True
synthetic,2,100,2,conditional,linear,0.14704701715782087,4,0.5,True
synthetic,2,100,2,conditional,xgb,0.16382954658486815,4,0.5,True
synthetic,2,100,2,raw+pca,xgb,0.4303696624478762,4,0.5,True
synthetic,2,100,2,raw+spectral-gibbs,xgb,0.4048107005383301,4,0.5,True
synthetic,2,100,2,raw+conditional,xgb,0.3883258011608339,4,0.5,True
synthetic,2,100,3,raw,linear,0.3310196801855173,4,0.5,True
synthetic,2,100,3,raw,xgb,0.30942695428549916,4,0.5,True
synthetic,2,100,3,pca,linear,0.16805315459377634,4,0.5,True
synthetic,2,100,3,pca,xgb,0.09751986186658013,4,0.5,True
synthetic,2,100,3,spectral-marginal,linear,0.17528220263765937,4,0.5,True
synthetic,2,100,3,spectral-marginal,xgb,0.09796383748726845,4,0.5,True
synthetic,2,100,3,spectral-gibbs,linear,0.18731758141741617,4,0.5,True
synthetic,2,100,3,spectral-gibbs,xgb,0.12170273829267009,4,0.5,True
synthetic,2,100,3,conditional,linear,0.2633537185750845,4,0.5,True
synthetic,2,100,3,conditional,xgb,0.23778759819109452,4,0.5,True
synthetic,2,100,3,raw+pca,xgb,0.33459254564791263,4,0.5,True
synthetic,2,100,3,raw+spectral-gibbs,xgb,0.334603013304305,4,0.5,True
synthetic,2,100,3,raw+conditional,xgb,0.33637989847708705,4,0.5,True
synthetic,2,100,4,raw,linear,0.3315731811477568,4,0.5,True
synthetic,2,100,4,raw,xgb,0.38765140036504564,4,0.5,True
synthetic,2,100,4,pca,linear,0.16843365328089,4,0.5,True
synthetic,2,100,4,pca,xgb,0.1331469383315329,4,0.5,True
synthetic,2,100,4,spectral-marginal,linear,0.17505303409335626,4,0.5,True
synthetic,2,100,4,spectral-marginal,xgb,0.12930745767792917,4,0.5,True
synthetic,2,100,4,spectral-gibbs,linear,0.1869369759350049,4,0.5,True
synthetic,2,100,4,spectral-gibbs,xgb,0.1409892105937799,4,0.5,True
synthetic,2,100,4,conditional,linear,0.20234840646312635,4,0.5,True
synthetic,2,100,4,conditional,xgb,0.17117524232507386,4,0.5,True
synthetic,2,100,4,raw+pca,xgb,0.38597400286398686,4,0.5,True
synthetic,2,100,4,raw+spectral-gibbs,xgb,0.3967377339746052,4,0.5,True
synthetic,2,100,4,raw+conditional,xgb,0.3698737391273337,4,0.5,True
synthetic,2,250,0,raw,linear,0.3814760334877326,4,0.5,True
synthetic,2,250,0,raw,xgb,0.48618207475107145,4,0.5,True
synthetic,2,250,0,pca,linear,0.15753403681825573,4,0.5,True
synthetic,2,250,0,pca,xgb,0.10228680223754916,4,0.5,True
synthetic,2,250,0,spectral-marginal,linear,0.16441974896489886,4,0.5,True
synthetic,2,250,0,spectral-marginal,xgb,0.12006342434574224,4,0.5,True
synthetic,2,250,0,spectral-gibbs,linear,0.1748771839526948,4,0.5,True
synthetic,2,250,0,spectral-gibbs,xgb,0.14281885333599675,4,0.5,True
synthetic,2,250,0,conditional,linear,0.22893084767389993,4,0.5,True
synthetic,2,250,0,conditional,xgb,0.1632008087449609,4,0.5,True
synthetic,2,250,0,raw+pca,xgb,0.47497091311485173,4,0.5,True
synthetic,2,250,0,raw+spectral-gibbs,xgb,0.47001261042543074,4,0.5,True
synthetic,2,250,0,raw+conditional,xgb,0.4603501132658503,4,0.5,True
synthetic,2,250,1,raw,linear,0.4124739867874072,4,0.5,True
synthetic,2,250,1,raw,xgb,0.5094754888918789,4,0.5,True
synthetic,2,250,1,pca,linear,0.0982687984092031,4,0.5,True
synthetic,2,250,1,pca,xgb,0.12815121487509495,4,0.5,True
synthetic,2,250,1,spectral-marginal,linear,0.10930234426594809,4,0.5,True
synthetic,2,250,1,spectral-marginal,xgb,0.10605941893560689,4,0.5,True
synthetic,2,250,1,spectral-gibbs,linear,0.12310631218921131,4,0.5,True
synthetic,2,250,1,spectral-gibbs,xgb,0.11470778328427189,4,0.5,True
synthetic,2,250,1,conditional,linear,0.22621142594127863,4,0.5,True
synthetic,2,250,1,conditional,xgb,0.20842329662021952,4,0.5,True
synthetic,2,250,1,raw+pca,xgb,0.5471382576918561,4,0.5,True
synthetic,2,250,1,raw+spectral-gibbs,xgb,0.5517346329832469,4,0.5,True
synthetic,2,250,1,raw+conditional,xgb,0.5163562667026719,4,0.5,True
synthetic,2,250,2,raw,linear,0.4187719821527084,4,0.5,True
synthetic,2,250,2,raw,xgb,0.5030641659405378,4,0.5,True
synthetic,2,250,2,pca,linear,0.14923886919515184,4,0.5,True
synthetic,2,250,2,pca,xgb,0.10159417937911897,4,0.5,True
synthetic,2,250,2,spectral-marginal,linear,0.15593433326515416,4,0.5,True
synthetic,2,250,2,spectral-marginal,xgb,0.11901868106525204,4,0.5,True
synthetic,2,250,2,spectral-gibbs,linear,0.16756809291717023,4,0.5,True
synthetic,2,250,2,spectral-gibbs,xgb,0.17077533700221748,4,0.5,True
synthetic,2,250,2,conditional,linear,0.23721835582771078,4,0.5,True
synthetic,2,250,2,conditional,xgb,0.24507132274310361,4,0.5,True
synthetic,2,250,2,raw+pca,xgb,0.5130183617795778,4,0.5,True
synthetic,2,250,2,raw+spectral-gibbs,xgb,0.5125887726354761,4,0.5,True
synthetic,2,250,2,raw+conditional,xgb,0.49456723003796377,4,0.5,True
synthetic,2,250,3,raw,linear,0.4120837753680364,4,0.5,True
synthetic,2,250,3,raw,xgb,0.47824976974558975,4,0.5,True
synthetic,2,250,3,pca,linear,0.1522159715001571,4,0.5,True
synthetic,2,250,3,pca,xgb,0.11666998969086761,4,0.5,True
synthetic,2,250,3,spectral-marginal,linear,0.1593813864935809,4,0.5,True
synthetic,2,250,3,spectral-marginal,xgb,0.10552716649128646,4,0.5,True
synthetic,2,250,3,spectral-gibbs,linear,0.17091908576509218,4,0.5,True
synthetic,2,250,3,spectral-gibbs,xgb,0.12083185109056993,4,0.5,True
synthetic,2,250,3,conditional,linear,0.21711282314714297,4,0.5,True
synthetic,2,250,3,conditional,xgb,0.20079933242385462,4,0.5,True
synthetic,2,250,3,raw+pca,xgb,0.46067909291573994,4,0.5,True
synthetic,2,250,3,raw+spectral-gibbs,xgb,0.4566842153174989,4,0.5,True
synthetic,2,250,3,raw+conditional,xgb,0.4523553803921819,4,0.5,True
synthetic,2,250,4,raw,linear,0.4142890841000936,4,0.5,True
synthetic,2,250,4,raw,xgb,0.4544024232277095,4,0.5,True
synthetic,2,250,4,pca,linear,0.1589266989395577,4,0.5,True
synthetic,2,250,4,pca,xgb,0.14102988384562054,4,0.5,True
synthetic,2,250,4,spectral-marginal,linear,0.16510684605836767,4,0.5,True
synthetic,2,250,4,spectral-marginal,xgb,0.13963408472357208,4,0.5,True
synthetic,2,250,4,spectral-gibbs,linear,0.17774681545449067,4,0.5,True
synthetic,2,250,4,spectral-gibbs,xgb,0.18223921686565392,4,0.5,True
synthetic,2,250,4,conditional,linear,0.25014307800895086,4,0.5,True
synthetic,2,250,4,conditional,xgb,0.24967947318124584,4,0.5,True
synthetic,2,250,4,raw+pca,xgb,0.5017383373242241,4,0.5,True
synthetic,2,250,4,raw+spectral-gibbs,xgb,0.4958617926450726,4,0.5,True
synthetic,2,250,4,raw+conditional,xgb,0.48800534590256095,4,0.5,True
synthetic,2,1000,0,raw,linear,0.4737802830291765,4,0.5,True
synthetic,2,1000,0,raw,xgb,0.6168796379806942,4,0.5,True
synthetic,2,1000,0,pca,linear,0.17225817377106034,4,0.5,True
synthetic,2,1000,0,pca,xgb,0.2377843824104776,4,0.5,True
synthetic,2,1000,0,spectral-marginal,linear,0.17875315303674366,4,0.5,True
synthetic,2,1000,0,spectral-marginal,xgb,0.2336253481104641,4,0.5,True
synthetic,2,1000,0,spectral-gibbs,linear,0.1908573572906308,4,0.5,True
synthetic,2,1000,0,spectral-gibbs,xgb,0.24349620487171808,4,0.5,True
synthetic,2,1000,0,conditional,linear,0.3097901039993344,4,0.5,True
synthetic,2,1000,0,conditional,xgb,0.3517148921074563,4,0.5,True
synthetic,2,1000,0,raw+pca,xgb,0.6371357298289737,4,0.5,True
synthetic,2,1000,0,raw+spectral-gibbs,xgb,0.6430075140801994,4,0.5,True
synthetic,2,1000,0,raw+conditional,xgb,0.6443885898529376,4,0.5,True
synthetic,2,1000,1,raw,linear,0.46410724252601754,4,0.5,True
synthetic,2,1000,1,raw,xgb,0.6486932069484475,4,0.5,True
synthetic,2,1000,1,pca,linear,0.17118088263408682,4,0.5,True
synthetic,2,1000,1,pca,xgb,0.22393487706890203,4,0.5,True
synthetic,2,1000,1,spectral-marginal,linear,0.1778076398955547,4,0.5,True
synthetic,2,1000,1,spectral-marginal,xgb,0.21930350724249847,4,0.5,True
synthetic,2,1000,1,spectral-gibbs,linear,0.18933740071078542,4,0.5,True
synthetic,2,1000,1,spectral-gibbs,xgb,0.23133280506439347,4,0.5,True
synthetic,2,1000,1,conditional,linear,0.29521499357648195,4,0.5,True
synthetic,2,1000,1,conditional,xgb,0.32268811838218625,4,0.5,True
synthetic,2,1000,1,raw+pca,xgb,0.6472599857315928,4,0.5,True
synthetic,2,1000,1,raw+spectral-gibbs,xgb,0.6444320439146307,4,0.5,True
synthetic,2,1000,1,raw+conditional,xgb,0.6413910891544716,4,0.5,True
synthetic,2,1000,2,raw,linear,0.46347049559798537,4,0.5,True
synthetic,2,1000,2,raw,xgb,0.6113333939819356,4,0.5,True
synthetic,2,1000,2,pca,linear,0.17421187263423277,4,0.5,True
synthetic,2,1000,2,pca,xgb,0.2530972051990067,4,0.5,True
synthetic,2,1000,2,spectral-marginal,linear,0.18098797992902171,4,0.5,True
synthetic,2,1000,2,spectral-marginal,xgb,0.24938553985572798,4,0.5,True
synthetic,2,1000,2,spectral-gibbs,linear,0.19259621595811727,4,0.5,True
synthetic,2,1000,2,spectral-gibbs,xgb,0.25118034518293886,4,0.5,True
synthetic,2,1000,2,conditional,linear,0.29754349674138736,4,0.5,True
synthetic,2,1000,2,conditional,xgb,0.31821544065769114,4,0.5,True
synthetic,2,1000,2,raw+pca,xgb,0.6377923015600223,4,0.5,True
synthetic,2,1000,2,raw+spectral-gibbs,xgb,0.6374704567667854,4,0.5,True
synthetic,2,1000,2,raw+conditional,xgb,0.6264287467079188,4,0.5,True
synthetic,2,1000,3,raw,linear,0.4604837412707047,4,0.5,True
synthetic,2,1000,3,raw,xgb,0.6270660589950017,4,0.5,True
synthetic,2,1000,3,pca,linear,0.17404368516015012,4,0.5,True
synthetic,2,1000,3,pca,xgb,0.22997417119282926,4,0.5,True
synthetic,2,1000,3,spectral-marginal,linear,0.18162909824850892,4,0.5,True
synthetic,2,1000,3,spectral-marginal,xgb,0.23658812559703124,4,0.5,True
synthetic,2,1000,3,spectral-gibbs,linear,0.19340300673874622,4,0.5,True
synthetic,2,1000,3,spectral-gibbs,xgb,0.24885760970119664,4,0.5,True
synthetic,2,1000,3,conditional,linear,0.30381833163463134,4,0.5,True
synthetic,2,1000,3,conditional,xgb,0.32900993569827564,4,0.5,True
synthetic,2,1000,3,raw+pca,xgb,0.6360389944648498,4,0.5,True
synthetic,2,1000,3,raw+spectral-gibbs,xgb,0.6334840682617716,4,0.5,True
synthetic,2,1000,3,raw+conditional,xgb,0.6439560501453194,4,0.5,True
synthetic,2,1000,4,raw,linear,0.464667185077273,4,0.5,True
synthetic,2,1000,4,raw,xgb,0.6255237070359954,4,0.5,True
synthetic,2,1000,4,pca,linear,0.16871927331667735,4,0.5,True
synthetic,2,1000,4,pca,xgb,0.2362609781940228,4,0.5,True
synthetic,2,1000,4,spectral-marginal,linear,0.1758965624767438,4,0.5,True
synthetic,2,1000,4,spectral-marginal,xgb,0.22807291013824327,4,0.5,True
synthetic,2,1000,4,spectral-gibbs,linear,0.18738773063085268,4,0.5,True
synthetic,2,1000,4,spectral-gibbs,xgb,0.24527684808012362,4,0.5,True
synthetic,2,1000,4,conditional,linear,0.30346911386209263,4,0.5,True
synthetic,2,1000,4,conditional,xgb,0.3430841235200198,4,0.5,True
synthetic,2,1000,4,raw+pca,xgb,0.6318647080577319,4,0.5,True
synthetic,2,1000,4,raw+spectral-gibbs,xgb,0.6331729467042113,4,0.5,True
synthetic,2,1000,4,raw+conditional,xgb,0.6534554168473145,4,0.5,True
synthetic,0,50,0,raw,linear,0.17517526678004536,4,0.25,False
synthetic,0,50,0,raw,xgb,0.2250115101950233,4,0.25,False
synthetic,0,50,0,pca,linear,-0.0036114420816140136,4,0.25,False
synthetic,0,50,0,pca,xgb,-0.14639312607439714,4,0.25,False
synthetic,0,50,0,spectral-marginal,linear,-0.0037166823770662383,4,0.25,False
synthetic,0,50,0,spectral-marginal,xgb,-0.1605356391802062,4,0.25,False
synthetic,0,50,0,spectral-gibbs,linear,-0.0036194221884295885,4,0.25,False
synthetic,0,50,0,spectral-gibbs,xgb,-0.16691876772291003,4,0.25,False
synthetic,0,50,0,conditional,linear,0.0030659804305791516,4,0.25,False
synthetic,0,50,0,conditional,xgb,-0.06279508030321002,4,0.25,False
synthetic,0,50,0,raw+pca,xgb,0.21318581100075795,4,0.25,False
synthetic,0,50,0,raw+spectral-gibbs,xgb,0.22363538836259356,4,0.25,False
synthetic,0,50,0,raw+conditional,xgb,0.24234055653817577,4,0.25,False
synthetic,0,50,1,raw,linear,0.27075512759976605,4,0.25,False
synthetic,0,50,1,raw,xgb,0.2784657099178416,4,0.25,False
synthetic,0,50,1,pca,linear,0.0027420162412339355,4,0.25,False
synthetic,0,50,1,pca,xgb,-0.3101299932575594,4,0.25,False
synthetic,0,50,1,spectral-marginal,linear,0.003463596887223974,4,0.25,False
synthetic,0,50,1,spectral-marginal,xgb,-0.33121932695043355,4,0.25,False
synthetic,0,50,1,spectral-gibbs,linear,0.0034114335031318888,4,0.25,False
synthetic,0,50,1,spectral-gibbs,xgb,-0.31162613931609817,4,0.25,False
synthetic,0,50,1,conditional,linear,0.0060566704528276505,4,0.25,False
synthetic,0,50,1,conditional,xgb,-0.07828653878176839,4,0.25,False
synthetic,0,50,1,raw+pca,xgb,0.2679670506068139,4,0.25,False
synthetic,0,50,1,raw+spectral-gibbs,xgb,0.2806538213988711,4,0.25,False
synthetic,0,50,1,raw+conditional,xgb,0.2872100556752668,4,0.25,False
synthetic,0,50,2,raw,linear,0.26312628890678935,4,0.25,False
synthetic,0,50,2,raw,xgb,0.36171441895571677,4,0.25,False
synthetic,0,50,2,pca,linear,-0.0025401669373219526,4,0.25,False
synthetic,0,50,2,pca,xgb,-0.23827451615454653,4,0.25,False
synthetic,0,50,2,spectral-marginal,linear,-0.0030652422292913872,4,0.25,False
synthetic,0,50,2,spectral-marginal,xgb,-0.24820947407114824,4,0.25,False
synthetic,0,50,2,spectral-gibbs,linear,-0.00254647119899043,4,0.25,False
synthetic,0,50,2,spectral-gibbs,xgb,-0.25168654928160117,4,0.25,False
synthetic,0,50,2,conditional,linear,0.004015462510360779,4,0.25,False
synthetic,0,50,2,conditional,xgb,-0.1591173469957048,4,0.25,False
synthetic,0,50,2,raw+pca,xgb,0.3707195838220636,4,0.25,False
synthetic,0,50,2,raw+spectral-gibbs,xgb,0.3560420827171972,4,0.25,False
synthetic,0,50,2,raw+conditional,xgb,0.34599324819424904,4,0.25,False
synthetic,0,50,3,raw,linear,0.29736364044770247,4,0.25,False
synthetic,0,50,3,raw,xgb,0.2649087311303202,4,0.25,False
synthetic,0,50,3,pca,linear,0.024736178028495814,4,0.25,False
synthetic,0,50,3,pca,xgb,-0.2013726064421042,4,0.25,False
synthetic,0,50,3,spectral-marginal,linear,0.024524024818076917,4,0.25,False
synthetic,0,50,3,spectral-marginal,xgb,-0.24127781893855116,4,0.25,False
synthetic,0,50,3,spectral-gibbs,linear,0.025136361642930205,4,0.25,False
synthetic,0,50,3,spectral-gibbs,xgb,-0.18653175282691792,4,0.25,False
synthetic,0,50,3,conditional,linear,0.024747859170123676,4,0.25,False
synthetic,0,50,3,conditional,xgb,-0.16104757051619067,4,0.25,False
synthetic,0,50,3,raw+pca,xgb,0.27735649733219914,4,0.25,False
synthetic,0,50,3,raw+spectral-gibbs,xgb,0.2761769606595186,4,0.25,False
synthetic,0,50,3,raw+conditional,xgb,0.2434824211627048,4,0.25,False
synthetic,0,50,4,raw,linear,0.20918675808732645,4,0.25,False
synthetic,0,50,4,raw,xgb,0.0990588625967066,4,0.25,False
synthetic,0,50,4,pca,linear,0.008813971438048074,4,0.25,False
synthetic,0,50,4,pca,xgb,-0.1397026937817658,4,0.25,False
synthetic,0,50,4,spectral-marginal,linear,0.00790255887760305,4,0.25,False
synthetic,0,50,4,spectral-marginal,xgb,-0.12093970910668128,4,0.25,False
synthetic,0,50,4,spectral-gibbs,linear,0.00786546707551028,4,0.25,False
synthetic,0,50,4,spectral-gibbs,xgb,-0.16070597264128494,4,0.25,False
synthetic,0,50,4,conditional,linear,0.020210407929237784,4,0.25,False
synthetic,0,50,4,conditional,xgb,-0.1315991540433734,4,0.25,False
synthetic,0,50,4,raw+pca,xgb,0.10382280377307351,4,0.25,False
synthetic,0,50,4,raw+spectral-gibbs,xgb,0.12148583328621221,4,0.25,False
synthetic,0,50,4,raw+conditional,xgb,0.11846894361285121,4,0.25,False
synthetic,0,100,0,raw,linear,0.1682447456845032,4,0.25,False
synthetic,0,100,0,raw,xgb,0.2876989714831568,4,0.25,False
synthetic,0,100,0,pca,linear,-0.07778061631597644,4,0.25,False
synthetic,0,100,0,pca,xgb,-0.29850043611385235,4,0.25,False
synthetic,0,100,0,spectral-marginal,linear,-0.07899832208742841,4,0.25,False
synthetic,0,100,0,spectral-marginal,xgb,-0.23761931512525636,4,0.25,False
synthetic,0,100,0,spectral-gibbs,linear,-0.07863858513906075,4,0.25,False
synthetic,0,100,0,spectral-gibbs,xgb,-0.26075255291065025,4,0.25,False
synthetic,0,100,0,conditional,linear,-0.05042842809377501,4,0.25,False
synthetic,0,100,0,conditional,xgb,-0.15783574358461117,4,0.25,False
synthetic,0,100,0,raw+pca,xgb,0.2950638353862256,4,0.25,False
synthetic,0,100,0,raw+spectral-gibbs,xgb,0.28799581119653794,4,0.25,False
synthetic,0,100,0,raw+conditional,xgb,0.2782115923803453,4,0.25,False
synthetic,0,100,1,raw,linear,0.3608053519593766,4,0.25,False
synthetic,0,100,1,raw,xgb,0.4337452809109146,4,0.25,False
synthetic,0,100,1,pca,linear,-0.005617627876637776,4,0.25,False
synthetic,0,100,1,pca,xgb,-0.061917221358071206,4,0.25,False
synthetic,0,100,1,spectral-marginal,linear,-0.005834528007295781,4,0.25,False
synthetic,0,100,1,spectral-marginal,xgb,-0.12450220020557645,4,0.25,False
synthetic,0,100,1,spectral-gibbs,linear,-0.0057181731565310034,4,0.25,False
synthetic,0,100,1,spectral-gibbs,xgb,-0.12315588729301408,4,0.25,False
synthetic,0,100,1,conditional,linear,0.012674664605858754,4,0.25,False
synthetic,0,100,1,conditional,xgb,-0.10401437928515822,4,0.25,False
synthetic,0,100,1,raw+pca,xgb,0.43083251405561085,4,0.25,False
synthetic,0,100,1,raw+spectral-gibbs,xgb,0.4357565094017517,4,0.25,False
synthetic,0,100,1,raw+conditional,xgb,0.4073817309561074,4,0.25,False
synthetic,0,100,2,raw,linear,0.2034612944456844,4,0.25,False
synthetic,0,100,2,raw,xgb,0.36317595399570757,4,0.25,False
synthetic,0,100,2,pca,linear,0.011146612229186892,4,0.25,False
synthetic,0,100,2,pca,xgb,-0.1493487844999799,4,0.25,False
synthetic,0,100,2,spectral-marginal,linear,0.011007340255920983,4,0.25,False
synthetic,0,100,2,spectral-marginal,xgb,-0.12699554580546657,4,0.25,False
synthetic,0,100,2,spectral-gibbs,linear,0.011974372133874756,4,0.25,False
synthetic,0,100,2,spectral-gibbs,xgb,-0.21561478588340677,4,0.25,False
synthetic,0,100,2,conditional,linear,0.010615899544665686,4,0.25,False
synthetic,0,100,2,conditional,xgb,-0.09892403214494361,4,0.25,False
synthetic,0,100,2,raw+pca,xgb,0.3418486888891109,4,0.25,False
synthetic,0,100,2,raw+spectral-gibbs,xgb,0.33612922659809363,4,0.25,False
synthetic,0,100,2,raw+conditional,xgb,0.33080520243837874,4,0.25,False
synthetic,0,100,3,raw,linear,0.30469463650975737,4,0.25,False
synthetic,0,100,3,raw,xgb,0.3873872428743337,4,0.25,False
synthetic,0,100,3,pca,linear,0.002606361283729597,4,0.25,False
synthetic,0,100,3,pca,xgb,-0.24361820949869273,4,0.25,False
synthetic,0,100,3,spectral-marginal,linear,0.0025479884554232557,4,0.25,False
synthetic,0,100,3,spectral-marginal,xgb,-0.22052741845616186,4,0.25,False
synthetic,0,100,3,spectral-gibbs,linear,0.0027547435331856107,4,0.25,False
synthetic,0,100,3,spectral-gibbs,xgb,-0.18293803885691795,4,0.25,False
synthetic,0,100,3,conditional,linear,0.012922578564345644,4,0.25,False
synthetic,0,100,3,conditional,xgb,-0.16700210094100676,4,0.25,False
synthetic,0,100,3,raw+pca,xgb,0.38690990272833625,4,0.25,False
synthetic,0,100,3,raw+spectral-gibbs,xgb,0.3864852631688591,4,0.25,False
synthetic,0,100,3,raw+conditional,xgb,0.340678594740068,4,0.25,False
synthetic,0,100,4,raw,linear,0.3141505401408027,4,0.25,False
synthetic,0,100,4,raw,xgb,0.3700065677140464,4,0.25,False
synthetic,0,100,4,pca,linear,0.016855392088795718,4,0.25,False
synthetic,0,100,4,pca,xgb,-0.18055065290836447,4,0.25,False
synthetic,0,100,4,spectral-marginal,linear,0.017618431518757305,4,0.25,False
synthetic,0,100,4,spectral-marginal,xgb,-0.15364465525304305,4,0.25,False
synthetic,0,100,4,spectral-gibbs,linear,0.016934015357888188,4,0.25,False
synthetic,0,100,4,spectral-gibbs,xgb,-0.17213671838997335,4,0.25,False
synthetic,0,100,4,conditional,linear,0.01641402935511993,4,0.25,False
synthetic,0,100,4,conditional,xgb,-0.11532578249920045,4,0.25,False
synthetic,0,100,4,raw+pca,xgb,0.3895750999609745,4,0.25,False
synthetic,0,100,4,raw+spectral-gibbs,xgb,0.3814775228690077,4,0.25,False
synthetic,0,100,4,raw+conditional,xgb,0.33288456813591183,4,0.25,False
synthetic,0,250,0,raw,linear,0.3216246993966708,4,0.25,False
synthetic,0,250,0,raw,xgb,0.48068903297891297,4,0.25,False
synthetic,0,250,0,pca,linear,0.012769341422150027,4,0.25,False
synthetic,0,250,0,pca,xgb,-0.16851913403861274,4,0.25,False
synthetic,0,250,0,spectral-marginal,linear,0.012732309290183985,4,0.25,False
synthetic,0,250,0,spectral-marginal,xgb,-0.14795525128267295,4,0.25,False
synthetic,0,250,0,spectral-gibbs,linear,0.013177798053499723,4,0.25,False
synthetic,0,250,0,spectral-gibbs,xgb,-0.17623676582125092,4,0.25,False
synthetic,0,250,0,conditional,linear,0.013771019571888865,4,0.25,False
synthetic,0,250,0,conditional,xgb,-0.0835099738331404,4,0.25,False
synthetic,0,250,0,raw+pca,xgb,0.5027721672961837,4,0.25,False
synthetic,0,250,0,raw+spectral-gibbs,xgb,0.49793952702209054,4,0.25,False
synthetic,0,250,0,raw+conditional,xgb,0.4905097618327159,4,0.25,False
synthetic,0,250,1,raw,linear,0.32212588513464435,4,0.25,False
synthetic,0,250,1,raw,xgb,0.502544008711552,4,0.25,False
synthetic,0,250,1,pca,linear,0.014923398141155064,4,0.25,False
synthetic,0,250,1,pca,xgb,-0.07721439948869935,4,0.25,False
synthetic,0,250,1,spectral-marginal,linear,0.01415210390957189,4,0.25,False
synthetic,0,250,1,spectral-marginal,xgb,-0.08045061910715057,4,0.25,False
synthetic,0,250,1,spectral-gibbs,linear,0.014852668075871267,4,0.25,False
synthetic,0,250,1,spectral-gibbs,xgb,-0.07749533611428916,4,0.25,False
synthetic,0,250,1,conditional,linear,0.02220805527610803,4,0.25,False
synthetic,0,250,1,conditional,xgb,-0.05372210879244266,4,0.25,False
synthetic,0,250,1,raw+pca,xgb,0.5335087883369503,4,0.25,False
synthetic,0,250,1,raw+spectral-gibbs,xgb,0.5128516028402559,4,0.25,False
synthetic,0,250,1,raw+conditional,xgb,0.5112620357137345,4,0.25,False
synthetic,0,250,2,raw,linear,0.3101072153332628,4,0.25,False
synthetic,0,250,2,raw,xgb,0.5269297304853372,4,0.25,False
synthetic,0,250,2,pca,linear,-0.00180566136314253,4,0.25,False
synthetic,0,250,2,pca,xgb,-0.14170511020793497,4,0.25,False
synthetic,0,250,2,spectral-marginal,linear,-0.0016043373543284112,4,0.25,False
synthetic,0,250,2,spectral-marginal,xgb,-0.16300498654998719,4,0.25,False
synthetic,0,250,2,spectral-gibbs,linear,-0.0016114435909264646,4,0.25,False
synthetic,0,250,2,spectral-gibbs,xgb,-0.14390896725859847,4,0.25,False
synthetic,0,250,2,conditional,linear,-0.037220113444277336,4,0.25,False
synthetic,0,250,2,conditional,xgb,-0.09855244756031589,4,0.25,False
synthetic,0,250,2,raw+pca,xgb,0.5399801081384925,4,0.25,False
synthetic,0,250,2,raw+spectral-gibbs,xgb,0.5313763849855855,4,0.25,False
synthetic,0,250,2,raw+conditional,xgb,0.5041135487599728,4,0.25,False
synthetic,0,250,3,raw,linear,0.32069049325982835,4,0.25,False
synthetic,0,250,3,raw,xgb,0.4974702104325005,4,0.25,False
synthetic,0,250,3,pca,linear,0.022697229412058872,4,0.25,False
synthetic,0,250,3,pca,xgb,-0.06994039064681079,4,0.25,False
synthetic,0,250,3,spectral-marginal,linear,0.022575907283946206,4,0.25,False
synthetic,0,250,3,spectral-marginal,xgb,-0.06278140133505183,4,0.25,False
synthetic,0,250,3,spectral-gibbs,linear,0.023163118127231597,4,0.25,False
synthetic,0,250,3,spectral-gibbs,xgb,-0.053592660171351,4,0.25,False
synthetic,0,250,3,conditional,linear,0.02960506929816853,4,0.25,False
synthetic,0,250,3,conditional,xgb,-0.0767833151121593,4,0.25,False
synthetic,0,250,3,raw+pca,xgb,0.4646341013060452,4,0.25,False
synthetic,0,250,3,raw+spectral-gibbs,xgb,0.48348276710501714,4,0.25,False
synthetic,0,250,3,raw+conditional,xgb,0.464502286479189,4,0.25,False
synthetic,0,250,4,raw,linear,0.360121906289919,4,0.25,False
synthetic,0,250,4,raw,xgb,0.49903215619621655,4,0.25,False
synthetic,0,250,4,pca,linear,0.03247451240275012,4,0.25,False
synthetic,0,250,4,pca,xgb,-0.06365307376431861,4,0.25,False
synthetic,0,250,4,spectral-marginal,linear,0.031127007260877027,4,0.25,False
synthetic,0,250,4,spectral-marginal,xgb,-0.04495877550508287,4,0.25,False
synthetic,0,250,4,spectral-gibbs,linear,0.032479865454308254,4,0.25,False
synthetic,0,250,4,spectral-gibbs,xgb,-0.08243771318377324,4,0.25,False
synthetic,0,250,4,conditional,linear,0.031039017227417753,4,0.25,False
synthetic,0,250,4,conditional,xgb,-0.10025845460679972,4,0.25,False
synthetic,0,250,4,raw+pca,xgb,0.4801455725021192,4,0.25,False
synthetic,0,250,4,raw+spectral-gibbs,xgb,0.4863013605609612,4,0.25,False
synthetic,0,250,4,raw+conditional,xgb,0.4740252950078754,4,0.25,False
synthetic,0,1000,0,raw,linear,0.38489675034510895,4,0.25,False
synthetic,0,1000,0,raw,xgb,0.6161911589215086,4,0.25,False
synthetic,0,1000,0,pca,linear,0.03290667490918364,4,0.25,False
synthetic,0,1000,0,pca,xgb,0.01032821244773996,4,0.25,False
synthetic,0,1000,0,spectral-marginal,linear,0.03269741480724331,4,0.25,False
synthetic,0,1000,0,spectral-marginal,xgb,0.026163758805269555,4,0.25,False
synthetic,0,1000,0,spectral-gibbs,linear,0.03300853341995447,4,0.25,False
synthetic,0,1000,0,spectral-gibbs,xgb,0.01542032387767911,4,0.25,False
synthetic,0,1000,0,conditional,linear,0.039177535073021574,4,0.25,False
synthetic,0,1000,0,conditional,xgb,0.025372678827570883,4,0.25,False
synthetic,0,1000,0,raw+pca,xgb,0.6595654929060354,4,0.25,False
synthetic,0,1000,0,raw+spectral-gibbs,xgb,0.6603708001485318,4,0.25,False
synthetic,0,1000,0,raw+conditional,xgb,0.6278012973786782,4,0.25,False
synthetic,0,1000,1,raw,linear,0.3923359617980158,4,0.25,False
synthetic,0,1000,1,raw,xgb,0.647368623362302,4,0.25,False
synthetic,0,1000,1,pca,linear,0.031542713374341114,4,0.25,False
synthetic,0,1000,1,pca,xgb,0.024486606985476556,4,0.25,False
synthetic,0,1000,1,spectral-marginal,linear,0.03137154971435563,4,0.25,False
synthetic,0,1000,1,spectral-marginal,xgb,0.036194915107181536,4,0.25,False
synthetic,0,1000,1,spectral-gibbs,linear,0.03171108527396971,4,0.25,False
synthetic,0,1000,1,spectral-gibbs,xgb,0.02543413023876817,4,0.25,False
synthetic,0,1000,1,conditional,linear,0.038532350554127626,4,0.25,False
synthetic,0,1000,1,conditional,xgb,0.04132489725497002,4,0.25,False
synthetic,0,1000,1,raw+pca,xgb,0.631322481767667,4,0.25,False
synthetic,0,1000,1,raw+spectral-gibbs,xgb,0.6357504462811032,4,0.25,False
synthetic,0,1000,1,raw+conditional,xgb,0.6436764423075072,4,0.25,False
synthetic,0,1000,2,raw,linear,0.3910264668478409,4,0.25,False
synthetic,0,1000,2,raw,xgb,0.6806724150550524,4,0.25,False
synthetic,0,1000,2,pca,linear,0.034297894901761605,4,0.25,False
synthetic,0,1000,2,pca,xgb,-0.004248159801522933,4,0.25,False
synthetic,0,1000,2,spectral-marginal,linear,0.03411765342470807,4,0.25,False
synthetic,0,1000,2,spectral-marginal,xgb,0.003964581198244388,4,0.25,False
synthetic,0,1000,2,spectral-gibbs,linear,0.03440209474832123,4,0.25,False
synthetic,0,1000,2,spectral-gibbs,xgb,0.004850373331357405,4,0.25,False
synthetic,0,1000,2,conditional,linear,0.051153572736325814,4,0.25,False
synthetic,0,1000,2,conditional,xgb,0.0028936024585883846,4,0.25,False
synthetic,0,1000,2,raw+pca,xgb,0.7074386066332363,4,0.25,False
synthetic,0,1000,2,raw+spectral-gibbs,xgb,0.7002854633747841,4,0.25,False
synthetic,0,1000,2,raw+conditional,xgb,0.6423424521514907,4,0.25,False
synthetic,0,1000,3,raw,linear,0.3848217992511669,4,0.25,False
synthetic,0,1000,3,raw,xgb,0.6656811246001364,4,0.25,False
synthetic,0,1000,3,pca,linear,0.026611862529127728,4,0.25,False
synthetic,0,1000,3,pca,xgb,0.022522010091746147,4,0.25,False
synthetic,0,1000,3,spectral-marginal,linear,0.026509139667159398,4,0.25,False
synthetic,0,1000,3,spectral-marginal,xgb,0.008970619560257465,4,0.25,False
synthetic,0,1000,3,spectral-gibbs,linear,0.026760979237134608,4,0.25,False
synthetic,0,1000,3,spectral-gibbs,xgb,0.014953540522435582,4,0.25,False
synthetic,0,1000,3,conditional,linear,0.030830979624199117,4,0.25,False
synthetic,0,1000,3,conditional,xgb,0.008580200409415317,4,0.25,False
synthetic,0,1000,3,raw+pca,xgb,0.660587538921367,4,0.25,False
synthetic,0,1000,3,raw+spectral-gibbs,xgb,0.6394087351696979,4,0.25,False
synthetic,0,1000,3,raw+conditional,xgb,0.6603864010633449,4,0.25,False
synthetic,0,1000,4,raw,linear,0.3841435708759626,4,0.25,False
synthetic,0,1000,4,raw,xgb,0.6229194795243993,4,0.25,False
synthetic,0,1000,4,pca,linear,0.028558754587468704,4,0.25,False
synthetic,0,1000,4,pca,xgb,0.02950127329955543,4,0.25,False
synthetic,0,1000,4,spectral-marginal,linear,0.028435728343275568,4,0.25,False
synthetic,0,1000,4,spectral-marginal,xgb,0.02520162580222929,4,0.25,False
synthetic,0,1000,4,spectral-gibbs,linear,0.02890116235251594,4,0.25,False
synthetic,0,1000,4,spectral-gibbs,xgb,0.026547044017614874,4,0.25,False
synthetic,0,1000,4,conditional,linear,0.048449847843486826,4,0.25,False
synthetic,0,1000,4,conditional,xgb,0.029155764164936038,4,0.25,False
synthetic,0,1000,4,raw+pca,xgb,0.6362313242250273,4,0.25,False
synthetic,0,1000,4,raw+spectral-gibbs,xgb,0.631813594590459,4,0.25,False
synthetic,0,1000,4,raw+conditional,xgb,0.6365160537493908,4,0.25,False
synthetic,1,50,0,raw,linear,0.26434656955018043,4,0.25,False
synthetic,1,50,0,raw,xgb,0.27813356174736725,4,0.25,False
synthetic,1,50,0,pca,linear,-0.05626757107884317,4,0.25,False
synthetic,1,50,0,pca,xgb,-0.2569987859514158,4,0.25,False
synthetic,1,50,0,spectral-marginal,linear,-0.0599276679910965,4,0.25,False
synthetic,1,50,0,spectral-marginal,xgb,-0.4220792843440362,4,0.25,False
synthetic,1,50,0,spectral-gibbs,linear,-0.05663127215778685,4,0.25,False
synthetic,1,50,0,spectral-gibbs,xgb,-0.41420791588909833,4,0.25,False
synthetic,1,50,0,conditional,linear,-0.05081761108349325,4,0.25,False
synthetic,1,50,0,conditional,xgb,-0.13669775202266177,4,0.25,False
synthetic,1,50,0,raw+pca,xgb,0.2926524200185294,4,0.25,False
synthetic,1,50,0,raw+spectral-gibbs,xgb,0.27891275499917867,4,0.25,False
synthetic,1,50,0,raw+conditional,xgb,0.2973203830393194,4,0.25,False
synthetic,1,50,1,raw,linear,0.2656256152733302,4,0.25,False
synthetic,1,50,1,raw,xgb,0.32333423420974816,4,0.25,False
synthetic,1,50,1,pca,linear,-0.011216793200345077,4,0.25,False
synthetic,1,50,1,pca,xgb,-0.19650297941401584,4,0.25,False
synthetic,1,50,1,spectral-marginal,linear,-0.011100377168984377,4,0.25,False
synthetic,1,50,1,spectral-marginal,xgb,-0.20446418631753294,4,0.25,False
synthetic,1,50,1,spectral-gibbs,linear,-0.011115943713829513,4,0.25,False
synthetic,1,50,1,spectral-gibbs,xgb,-0.21430635189641611,4,0.25,False
synthetic,1,50,1,conditional,linear,-0.004990835788597936,4,0.25,False
synthetic,1,50,1,conditional,xgb,-0.07359192537318071,4,0.25,False
synthetic,1,50,1,raw+pca,xgb,0.32404711309316303,4,0.25,False
synthetic,1,50,1,raw+spectral-gibbs,xgb,0.31774715400824793,4,0.25,False
synthetic,1,50,1,raw+conditional,xgb,0.330178134801566,4,0.25,False
synthetic,1,50,2,raw,linear,0.12767246451173886,4,0.25,False
synthetic,1,50,2,raw,xgb,0.18439039535795687,4,0.25,False
synthetic,1,50,2,pca,linear,-0.1654470675385653,4,0.25,False
synthetic,1,50,2,pca,xgb,-0.22684540102070727,4,0.25,False
synthetic,1,50,2,spectral-marginal,linear,-0.17523714108171062,4,0.25,False
synthetic,1,50,2,spectral-marginal,xgb,-0.3917755396387448,4,0.25,False
synthetic,1,50,2,spectral-gibbs,linear,-0.17524903570045902,4,0.25,False
synthetic,1,50,2,spectral-gibbs,xgb,-0.3480143197855985,4,0.25,False
synthetic,1,50,2,conditional,linear,-0.09322914786945646,4,0.25,False
synthetic,1,50,2,conditional,xgb,-0.30283700373286315,4,0.25,False
synthetic,1,50,2,raw+pca,xgb,0.16189319820604675,4,0.25,False
synthetic,1,50,2,raw+spectral-gibbs,xgb,0.1690969115113149,4,0.25,False
synthetic,1,50,2,raw+conditional,xgb,0.12158927269076869,4,0.25,False
synthetic,1,50,3,raw,linear,0.20116991680528296,4,0.25,False
synthetic,1,50,3,raw,xgb,0.319679173335496,4,0.25,False
synthetic,1,50,3,pca,linear,0.004710920227686821,4,0.25,False
synthetic,1,50,3,pca,xgb,-0.44834244778051313,4,0.25,False
synthetic,1,50,3,spectral-marginal,linear,0.0045135162464162715,4,0.25,False
synthetic,1,50,3,spectral-marginal,xgb,-0.43685864661746376,4,0.25,False
synthetic,1,50,3,spectral-gibbs,linear,0.0052651322367139874,4,0.25,False
synthetic,1,50,3,spectral-gibbs,xgb,-0.35456699544458004,4,0.25,False
synthetic,1,50,3,conditional,linear,0.001386683693859525,4,0.25,False
synthetic,1,50,3,conditional,xgb,-0.2383039457209981,4,0.25,False
synthetic,1,50,3,raw+pca,xgb,0.32157939354989884,4,0.25,False
synthetic,1,50,3,raw+spectral-gibbs,xgb,0.3157258135661696,4,0.25,False
synthetic,1,50,3,raw+conditional,xgb,0.27762138336328235,4,0.25,False
synthetic,1,50,4,raw,linear,0.17194299327166196,4,0.25,False
synthetic,1,50,4,raw,xgb,0.24133460862016676,4,0.25,False
synthetic,1,50,4,pca,linear,-0.07196453450267026,4,0.25,False
synthetic,1,50,4,pca,xgb,-0.7821199534845344,4,0.25,False
synthetic,1,50,4,spectral-marginal,linear,-0.07138408856388967,4,0.25,False
synthetic,1,50,4,spectral-marginal,xgb,-0.5500193124412378,4,0.25,False
synthetic,1,50,4,spectral-gibbs,linear,-0.06946926606302517,4,0.25,False
synthetic,1,50,4,spectral-gibbs,xgb,-0.5503219321287649,4,0.25,False
synthetic,1,50,4,conditional,linear,-0.030316270807034806,4,0.25,False
synthetic,1,50,4,conditional,xgb,-0.3484676985918336,4,0.25,False
synthetic,1,50,4,raw+pca,xgb,0.19388166952500818,4,0.25,False
synthetic,1,50,4,raw+spectral-gibbs,xgb,0.19676258394288015,4,0.25,False
synthetic,1,50,4,raw+conditional,xgb,0.20537140999197023,4,0.25,False
synthetic,1,100,0,raw,linear,0.2972320337767499,4,0.25,False
synthetic,1,100,0,raw,xgb,0.43687678842205524,4,0.25,False
synthetic,1,100,0,pca,linear,0.0061267629110201005,4,0.25,False
synthetic,1,100,0,pca,xgb,-0.23605708215265397,4,0.25,False
synthetic,1,100,0,spectral-marginal,linear,0.007946117372687134,4,0.25,False
synthetic,1,100,0,spectral-marginal,xgb,-0.15778863513949548,4,0.25,False
synthetic,1,100,0,spectral-gibbs,linear,0.008235932928840062,4,0.25,False
synthetic,1,100,0,spectral-gibbs,xgb,-0.18446907190356954,4,0.25,False
synthetic,1,100,0,conditional,linear,0.007912683521012265,4,0.25,False
synthetic,1,100,0,conditional,xgb,-0.18050426015671128,4,0.25,False
synthetic,1,100,0,raw+pca,xgb,0.43154161117959033,4,0.25,False
synthetic,1,100,0,raw+spectral-gibbs,xgb,0.43078837130868597,4,0.25,False
synthetic,1,100,0,raw+conditional,xgb,0.4084138182590846,4,0.25,False
synthetic,1,100,1,raw,linear,0.3570688247671777,4,0.25,False
synthetic,1,100,1,raw,xgb,0.3825152806605513,4,0.25,False
synthetic,1,100,1,pca,linear,-0.000677597036898181,4,0.25,False
synthetic,1,100,1,pca,xgb,-0.2712146612909585,4,0.25,False
synthetic,1,100,1,spectral-marginal,linear,-0.0004180903860218077,4,0.25,False
synthetic,1,100,1,spectral-marginal,xgb,-0.10656283710523073,4,0.25,False
synthetic,1,100,1,spectral-gibbs,linear,-0.0004423136662798921,4,0.25,False
synthetic,1,100,1,spectral-gibbs,xgb,-0.08870411821722302,4,0.25,False
synthetic,1,100,1,conditional,linear,0.009669035497354872,4,0.25,False
synthetic,1,100,1,conditional,xgb,-0.10754552812818075,4,0.25,False
synthetic,1,100,1,raw+pca,xgb,0.36815472833825735,4,0.25,False
synthetic,1,100,1,raw+spectral-gibbs,xgb,0.3607282299810324,4,0.25,False
synthetic,1,100,1,raw+conditional,xgb,0.36077976378141907,4,0.25,False
synthetic,1,100,2,raw,linear,0.3419078244347472,4,0.25,False
synthetic,1,100,2,raw,xgb,0.44399997144002834,4,0.25,False
synthetic,1,100,2,pca,linear,0.02276507389303617,4,0.25,False
synthetic,1,100,2,pca,xgb,-0.0741798388423438,4,0.25,False
synthetic,1,100,2,spectral-marginal,linear,0.02336501280662273,4,0.25,False
synthetic,1,100,2,spectral-marginal,xgb,-0.08520945131394297,4,0.25,False
synthetic,1,100,2,spectral-gibbs,linear,0.023714529598520162,4,0.25,False
synthetic,1,100,2,spectral-gibbs,xgb,-0.14644446148580803,4,0.25,False
synthetic,1,100,2,conditional,linear,0.016910976457769067,4,0.25,False
synthetic,1,100,2,conditional,xgb,-0.04084817063597823,4,0.25,False
synthetic,1,100,2,raw+pca,xgb,0.42918321382181523,4,0.25,False
synthetic,1,100,2,raw+spectral-gibbs,xgb,0.4341689872131044,4,0.25,False
synthetic,1,100,2,raw+conditional,xgb,0.40816240102597834,4,0.25,False
synthetic,1,100,3,raw,linear,0.3501847138032037,4,0.25,False
synthetic,1,100,3,raw,xgb,0.41822843338895543,4,0.25,False
synthetic,1,100,3,pca,linear,-0.0011687671306856995,4,0.25,False
synthetic,1,100,3,pca,xgb,-0.10703723858714098,4,0.25,False
synthetic,1,100,3,spectral-marginal,linear,-0.0012084631636535281,4,0.25,False
synthetic,1,100,3,spectral-marginal,xgb,-0.13144126257120448,4,0.25,False
synthetic,1,100,3,spectral-gibbs,linear,-0.0011728391596739218,4,0.25,False
synthetic,1,100,3,spectral-gibbs,xgb,-0.12629642828250165,4,0.25,False
synthetic,1,100,3,conditional,linear,0.0032654780390029003,4,0.25,False
synthetic,1,100,3,conditional,xgb,-0.09827580265697056,4,0.25,False
synthetic,1,100,3,raw+pca,xgb,0.4289725338960447,4,0.25,False
synthetic,1,100,3,raw+spectral-gibbs,xgb,0.43472508433835344,4,0.25,False
synthetic,1,100,3,raw+conditional,xgb,0.3976402331441411,4,0.25,False
synthetic,1,100,4,raw,linear,0.18853755583467768,4,0.25,False
synthetic,1,100,4,raw,xgb,0.32391634239817946,4,0.25,False
synthetic,1,100,4,pca,linear,0.030448011392550378,4,0.25,False
synthetic,1,100,4,pca,xgb,-0.1512696721576956,4,0.25,False
synthetic,1,100,4,spectral-marginal,linear,0.030629593239259623,4,0.25,False
synthetic,1,100,4,spectral-marginal,xgb,-0.08341590018680001,4,0.25,False
synthetic,1,100,4,spectral-gibbs,linear,0.03067902740888273,4,0.25,False
synthetic,1,100,4,spectral-gibbs,xgb,-0.12481651781047298,4,0.25,False
synthetic,1,100,4,conditional,linear,0.027043614949671113,4,0.25,False
synthetic,1,100,4,conditional,xgb,-0.09091406712244399,4,0.25,False
synthetic,1,100,4,raw+pca,xgb,0.3481635798201558,4,0.25,False
synthetic,1,100,4,raw+spectral-gibbs,xgb,0.336925945739898,4,0.25,False
synthetic,1,100,4,raw+conditional,xgb,0.3053026632173482,4,0.25,False
synthetic,1,250,0,raw,linear,0.37231598184974346,4,0.25,False
synthetic,1,250,0,raw,xgb,0.5593754990631294,4,0.25,False
synthetic,1,250,0,pca,linear,0.013986512625725256,4,0.25,False
synthetic,1,250,0,pca,xgb,-0.07707562041239502,4,0.25,False
synthetic,1,250,0,spectral-marginal,linear,0.014416592227725733,4,0.25,False
synthetic,1,250,0,spectral-marginal,xgb,-0.10774356930330953,4,0.25,False
synthetic,1,250,0,spectral-gibbs,linear,0.01453248525160189,4,0.25,False
synthetic,1,250,0,spectral-gibbs,xgb,-0.08679792749963666,4,0.25,False
synthetic,1,250,0,conditional,linear,0.020524382930168672,4,0.25,False
synthetic,1,250,0,conditional,xgb,-0.04163917236123971,4,0.25,False
synthetic,1,250,0,raw+pca,xgb,0.5522545554984013,4,0.25,False
synthetic,1,250,0,raw+spectral-gibbs,xgb,0.5549644290395338,4,0.25,False
synthetic,1,250,0,raw+conditional,xgb,0.52930845039423,4,0.25,False
synthetic,1,250,1,raw,linear,0.36931186903441215,4,0.25,False
synthetic,1,250,1,raw,xgb,0.5788048983162399,4,0.25,False
synthetic,1,250,1,pca,linear,-0.008376906222017366,4,0.25,False
synthetic,1,250,1,pca,xgb,-0.14398795227878058,4,0.25,False
synthetic,1,250,1,spectral-marginal,linear,-0.0080230663310068,4,0.25,False
synthetic,1,250,1,spectral-marginal,xgb,-0.16843138714057804,4,0.25,False
synthetic,1,250,1,spectral-gibbs,linear,-0.008269563089135845,4,0.25,False
synthetic,1,250,1,spectral-gibbs,xgb,-0.19336313055118381,4,0.25,False
synthetic,1,250,1,conditional,linear,-0.00017270256706214404,4,0.25,False
synthetic,1,250,1,conditional,xgb,-0.11302418277065684,4,0.25,False
synthetic,1,250,1,raw+pca,xgb,0.5555585742586648,4,0.25,False
synthetic,1,250,1,raw+spectral-gibbs,xgb,0.5816678772302183,4,0.25,False
synthetic,1,250,1,raw+conditional,xgb,0.5449279884673275,4,0.25,False
synthetic,1,250,2,raw,linear,0.3848379575566466,4,0.25,False
synthetic,1,250,2,raw,xgb,0.5440378799011549,4,0.25,False
synthetic,1,250,2,pca,linear,0.020163682119991866,4,0.25,False
synthetic,1,250,2,pca,xgb,-0.07560679318314478,4,0.25,False
synthetic,1,250,2,spectral-marginal,linear,0.02064729521539288,4,0.25,False
synthetic,1,250,2,spectral-marginal,xgb,-0.06747081568471613,4,0.25,False
synthetic,1,250,2,spectral-gibbs,linear,0.020623550626814424,4,0.25,False
synthetic,1,250,2,spectral-gibbs,xgb,-0.07044459153920934,4,0.25,False
synthetic,1,250,2,conditional,linear,0.022183137455202506,4,0.25,False
synthetic,1,250,2,conditional,xgb,-0.04287328404379975,4,0.25,False
synthetic,1,250,2,raw+pca,xgb,0.5419985221470813,4,0.25,False
synthetic,1,250,2,raw+spectral-gibbs,xgb,0.5334499561577015,4,0.25,False
synthetic,1,250,2,raw+conditional,xgb,0.5199736367336688,4,0.25,False
synthetic,1,250,3,raw,linear,0.3686212610568448,4,0.25,False
synthetic,1,250,3,raw,xgb,0.532140183845379,4,0.25,False
synthetic,1,250,3,pca,linear,0.014358770100953433,4,0.25,False
synthetic,1,250,3,pca,xgb,-0.15609312554170796,4,0.25,False
synthetic,1,250,3,spectral-marginal,linear,0.01573256455385197,4,0.25,False
synthetic,1,250,3,spectral-marginal,xgb,-0.19783746969657878,4,0.25,False
synthetic,1,250,3,spectral-gibbs,linear,0.01513329884326342,4,0.25,False
synthetic,1,250,3,spectral-gibbs,xgb,-0.17430543502986295,4,0.25,False
synthetic,1,250,3,conditional,linear,0.015712848424405346,4,0.25,False
synthetic,1,250,3,conditional,xgb,-0.05782127336507337,4,0.25,False
synthetic,1,250,3,raw+pca,xgb,0.5309383566732121,4,0.25,False
synthetic,1,250,3,raw+spectral-gibbs,xgb,0.5301158591628656,4,0.25,False
synthetic,1,250,3,raw+conditional,xgb,0.5050380231360045,4,0.25,False
synthetic,1,250,4,raw,linear,0.4020505955006277,4,0.25,False
synthetic,1,250,4,raw,xgb,0.5585791677872949,4,0.25,False
synthetic,1,250,4,pca,linear,0.0025565545624226527,4,0.25,False
synthetic,1,250,4,pca,xgb,-0.0708152002419642,4,0.25,False
synthetic,1,250,4,spectral-marginal,linear,0.003246579224342905,4,0.25,False
synthetic,1,250,4,spectral-marginal,xgb,-0.08006730050252475,4,0.25,False
synthetic,1,250,4,spectral-gibbs,linear,0.00299192185993713,4,0.25,False
synthetic,1,250,4,spectral-gibbs,xgb,-0.08104388294171527,4,0.25,False
synthetic,1,250,4,conditional,linear,0.011762373184641683,4,0.25,False
synthetic,1,250,4,conditional,xgb,-0.05499904540738787,4,0.25,False
synthetic,1,250,4,raw+pca,xgb,0.5669164543849075,4,0.25,False
synthetic,1,250,4,raw+spectral-gibbs,xgb,0.5631494025320447,4,0.25,False
synthetic,1,250,4,raw+conditional,xgb,0.5438420823773665,4,0.25,False
synthetic,1,1000,0,raw,linear,0.42436626126598476,4,0.25,False
synthetic,1,1000,0,raw,xgb,0.6497632098892892,4,0.25,False
synthetic,1,1000,0,pca,linear,0.02239216939569999,4,0.25,False
synthetic,1,1000,0,pca,xgb,0.01911119639408465,4,0.25,False
synthetic,1,1000,0,spectral-marginal,linear,0.022762856134992737,4,0.25,False
synthetic,1,1000,0,spectral-marginal,xgb,0.025228935484899795,4,0.25,False
synthetic,1,1000,0,spectral-gibbs,linear,0.022747262416236258,4,0.25,False
synthetic,1,1000,0,spectral-gibbs,xgb,0.035489888865516184,4,0.25,False
synthetic,1,1000,0,conditional,linear,0.019159308710440692,4,0.25,False
synthetic,1,1000,0,conditional,xgb,0.016888036392092576,4,0.25,False
synthetic,1,1000,0,raw+pca,xgb,0.638927161882803,4,0.25,False
synthetic,1,1000,0,raw+spectral-gibbs,xgb,0.6539959464888913,4,0.25,False
synthetic,1,1000,0,raw+conditional,xgb,0.6359447612105582,4,0.25,False
synthetic,1,1000,1,raw,linear,0.40586026899680994,4,0.25,False
synthetic,1,1000,1,raw,xgb,0.675609837300218,4,0.25,False
synthetic,1,1000,1,pca,linear,0.02323058569574943,4,0.25,False
synthetic,1,1000,1,pca,xgb,0.0032577508439816105,4,0.25,False
synthetic,1,1000,1,spectral-marginal,linear,0.023618934948942627,4,0.25,False
synthetic,1,1000,1,spectral-marginal,xgb,0.0274780742061721,4,0.25,False
synthetic,1,1000,1,spectral-gibbs,linear,0.02377253549659364,4,0.25,False
synthetic,1,1000,1,spectral-gibbs,xgb,0.01562243257735596,4,0.25,False
synthetic,1,1000,1,conditional,linear,0.02432360630337249,4,0.25,False
synthetic,1,1000,1,conditional,xgb,0.02900311587021398,4,0.25,False
synthetic,1,1000,1,raw+pca,xgb,0.6602125232934353,4,0.25,False
synthetic,1,1000,1,raw+spectral-gibbs,xgb,0.6689987738563044,4,0.25,False
synthetic,1,1000,1,raw+conditional,xgb,0.6474837917379961,4,0.25,False
synthetic,1,1000,2,raw,linear,0.42286145987108426,4,0.25,False
synthetic,1,1000,2,raw,xgb,0.6912772551791149,4,0.25,False
synthetic,1,1000,2,pca,linear,0.024747058381401565,4,0.25,False
synthetic,1,1000,2,pca,xgb,0.02882520032620539,4,0.25,False
synthetic,1,1000,2,spectral-marginal,linear,0.025241647551408786,4,0.25,False
synthetic,1,1000,2,spectral-marginal,xgb,0.0315731006953377,4,0.25,False
synthetic,1,1000,2,spectral-gibbs,linear,0.0254364241021815,4,0.25,False
synthetic,1,1000,2,spectral-gibbs,xgb,0.030419587273078252,4,0.25,False
synthetic,1,1000,2,conditional,linear,0.033022568738614644,4,0.25,False
synthetic,1,1000,2,conditional,xgb,0.03971755288597523,4,0.25,False
synthetic,1,1000,2,raw+pca,xgb,0.6674476791923485,4,0.25,False
synthetic,1,1000,2,raw+spectral-gibbs,xgb,0.6665767302292113,4,0.25,False
synthetic,1,1000,2,raw+conditional,xgb,0.657555594187341,4,0.25,False
synthetic,1,1000,3,raw,linear,0.41688181064117746,4,0.25,False
synthetic,1,1000,3,raw,xgb,0.6788269282825663,4,0.25,False
synthetic,1,1000,3,pca,linear,0.03272771254568274,4,0.25,False
synthetic,1,1000,3,pca,xgb,0.026690988318842312,4,0.25,False
synthetic,1,1000,3,spectral-marginal,linear,0.03313874715557841,4,0.25,False
synthetic,1,1000,3,spectral-marginal,xgb,0.02555815788635407,4,0.25,False
synthetic,1,1000,3,spectral-gibbs,linear,0.03320075434853331,4,0.25,False
synthetic,1,1000,3,spectral-gibbs,xgb,0.028773016972444387,4,0.25,False
synthetic,1,1000,3,conditional,linear,0.04483498307247791,4,0.25,False
synthetic,1,1000,3,conditional,xgb,0.04179805169728834,4,0.25,False
synthetic,1,1000,3,raw+pca,xgb,0.6853557864172266,4,0.25,False
synthetic,1,1000,3,raw+spectral-gibbs,xgb,0.6666643258922071,4,0.25,False
synthetic,1,1000,3,raw+conditional,xgb,0.6449488175413751,4,0.25,False
synthetic,1,1000,4,raw,linear,0.4202372221978513,4,0.25,False
synthetic,1,1000,4,raw,xgb,0.6955982258463005,4,0.25,False
synthetic,1,1000,4,pca,linear,0.031291918942990105,4,0.25,False
synthetic,1,1000,4,pca,xgb,0.013925198767640423,4,0.25,False
synthetic,1,1000,4,spectral-marginal,linear,0.031757124560100936,4,0.25,False
synthetic,1,1000,4,spectral-marginal,xgb,0.036265313761670304,4,0.25,False
synthetic,1,1000,4,spectral-gibbs,linear,0.031878469201409465,4,0.25,False
synthetic,1,1000,4,spectral-gibbs,xgb,0.04442675605034907,4,0.25,False
synthetic,1,1000,4,conditional,linear,0.03437565711387314,4,0.25,False
synthetic,1,1000,4,conditional,xgb,0.049032385231083886,4,0.25,False
synthetic,1,1000,4,raw+pca,xgb,0.6799849650329899,4,0.25,False
synthetic,1,1000,4,raw+spectral-gibbs,xgb,0.659817528457677,4,0.25,False
synthetic,1,1000,4,raw+conditional,xgb,0.6562132332373574,4,0.25,False
synthetic,2,50,0,raw,linear,0.20863297374758238,4,0.25,False
synthetic,2,50,0,raw,xgb,0.24098849904570152,4,0.25,False
synthetic,2,50,0,pca,linear,-0.023827836011963033,4,0.25,False
synthetic,2,50,0,pca,xgb,-0.3263693809719801,4,0.25,False
synthetic,2,50,0,spectral-marginal,linear,-0.023395532335623637,4,0.25,False
synthetic,2,50,0,spectral-marginal,xgb,-0.2532085810690601,4,0.25,False
synthetic,2,50,0,spectral-gibbs,linear,-0.023273721651111412,4,0.25,False
synthetic,2,50,0,spectral-gibbs,xgb,-0.4814265779239657,4,0.25,False
synthetic,2,50,0,conditional,linear,-0.015447478411572346,4,0.25,False
synthetic,2,50,0,conditional,xgb,-0.17844990094656743,4,0.25,False
synthetic,2,50,0,raw+pca,xgb,0.23595021615027922,4,0.25,False
synthetic,2,50,0,raw+spectral-gibbs,xgb,0.22708669445953378,4,0.25,False
synthetic,2,50,0,raw+conditional,xgb,0.13529361964066078,4,0.25,False
synthetic,2,50,1,raw,linear,0.11045418735762036,4,0.25,False
synthetic,2,50,1,raw,xgb,0.21248153359637667,4,0.25,False
synthetic,2,50,1,pca,linear,0.002825541220955463,4,0.25,False
synthetic,2,50,1,pca,xgb,-0.3020642394712134,4,0.25,False
synthetic,2,50,1,spectral-marginal,linear,0.0030252855680229507,4,0.25,False
synthetic,2,50,1,spectral-marginal,xgb,-0.30277631946699457,4,0.25,False
synthetic,2,50,1,spectral-gibbs,linear,0.0028068566093880642,4,0.25,False
synthetic,2,50,1,spectral-gibbs,xgb,-0.41470002922255134,4,0.25,False
synthetic,2,50,1,conditional,linear,0.007432460730774526,4,0.25,False
synthetic,2,50,1,conditional,xgb,-0.23913710538756128,4,0.25,False
synthetic,2,50,1,raw+pca,xgb,0.23695957535643553,4,0.25,False
synthetic,2,50,1,raw+spectral-gibbs,xgb,0.24652558567354865,4,0.25,False
synthetic,2,50,1,raw+conditional,xgb,0.2052129833275168,4,0.25,False
synthetic,2,50,2,raw,linear,0.2370643498110142,4,0.25,False
synthetic,2,50,2,raw,xgb,0.3175428040840814,4,0.25,False
synthetic,2,50,2,pca,linear,-0.007546935248880615,4,0.25,False
synthetic,2,50,2,pca,xgb,-0.2872332016296262,4,0.25,False
synthetic,2,50,2,spectral-marginal,linear,-0.015311035880649637,4,0.25,False
synthetic,2,50,2,spectral-marginal,xgb,-0.19936880948934066,4,0.25,False
synthetic,2,50,2,spectral-gibbs,linear,-0.014603428274671204,4,0.25,False
synthetic,2,50,2,spectral-gibbs,xgb,-0.24421479446266559,4,0.25,False
synthetic,2,50,2,conditional,linear,0.004865203936528895,4,0.25,False
synthetic,2,50,2,conditional,xgb,-0.11260740289666726,4,0.25,False
synthetic,2,50,2,raw+pca,xgb,0.3310956730515756,4,0.25,False
synthetic,2,50,2,raw+spectral-gibbs,xgb,0.32754090862974716,4,0.25,False
synthetic,2,50,2,raw+conditional,xgb,0.3021987874107769,4,0.25,False
synthetic,2,50,3,raw,linear,0.2463392297842909,4,0.25,False
synthetic,2,50,3,raw,xgb,0.21411349214767939,4,0.25,False
synthetic,2,50,3,pca,linear,-0.012906811165632526,4,0.25,False
synthetic,2,50,3,pca,xgb,-0.1300535935473106,4,0.25,False
synthetic,2,50,3,spectral-marginal,linear,-0.012843677503254769,4,0.25,False
synthetic,2,50,3,spectral-marginal,xgb,-0.15799371899847547,4,0.25,False
synthetic,2,50,3,spectral-gibbs,linear,-0.012701773476512024,4,0.25,False
synthetic,2,50,3,spectral-gibbs,xgb,-0.17200319278685772,4,0.25,False
synthetic,2,50,3,conditional,linear,-0.05508777503487594,4,0.25,False
synthetic,2,50,3,conditional,xgb,-0.13428030585889306,4,0.25,False
synthetic,2,50,3,raw+pca,xgb,0.17728106237620234,4,0.25,False
synthetic,2,50,3,raw+spectral-gibbs,xgb,0.19494235420108086,4,0.25,False
synthetic,2,50,3,raw+conditional,xgb,0.17284165941710616,4,0.25,False
synthetic,2,50,4,raw,linear,0.2981583867170088,4,0.25,False
synthetic,2,50,4,raw,xgb,0.3476133161109929,4,0.25,False
synthetic,2,50,4,pca,linear,-0.002046166442952302,4,0.25,False
synthetic,2,50,4,pca,xgb,-0.4875389804741994,4,0.25,False
synthetic,2,50,4,spectral-marginal,linear,-0.002110678332686744,4,0.25,False
synthetic,2,50,4,spectral-marginal,xgb,-0.3819242506665186,4,0.25,False
synthetic,2,50,4,spectral-gibbs,linear,-0.002147401601912291,4,0.25,False
synthetic,2,50,4,spectral-gibbs,xgb,-0.41103559956859437,4,0.25,False
synthetic,2,50,4,conditional,linear,0.009054625109821135,4,0.25,False
synthetic,2,50,4,conditional,xgb,-0.17724357850583172,4,0.25,False
synthetic,2,50,4,raw+pca,xgb,0.34916588093178924,4,0.25,False
synthetic,2,50,4,raw+spectral-gibbs,xgb,0.36918799646312905,4,0.25,False
synthetic,2,50,4,raw+conditional,xgb,0.3419893515299748,4,0.25,False
synthetic,2,100,0,raw,linear,0.27206617702061353,4,0.25,False
synthetic,2,100,0,raw,xgb,0.3435428244296732,4,0.25,False
synthetic,2,100,0,pca,linear,0.0176741247673875,4,0.25,False
synthetic,2,100,0,pca,xgb,-0.1573562947573166,4,0.25,False
synthetic,2,100,0,spectral-marginal,linear,0.017499715598961574,4,0.25,False
synthetic,2,100,0,spectral-marginal,xgb,-0.18054657833260368,4,0.25,False
synthetic,2,100,0,spectral-gibbs,linear,0.01794410395646151,4,0.25,False
synthetic,2,100,0,spectral-gibbs,xgb,-0.16013513632546217,4,0.25,False
synthetic,2,100,0,conditional,linear,0.03315641927207014,4,0.25,False
synthetic,2,100,0,conditional,xgb,-0.1074578741414296,4,0.25,False
synthetic,2,100,0,raw+pca,xgb,0.36113116046524885,4,0.25,False
synthetic,2,100,0,raw+spectral-gibbs,xgb,0.3458543049468543,4,0.25,False
synthetic,2,100,0,raw+conditional,xgb,0.3497275483835265,4,0.25,False
synthetic,2,100,1,raw,linear,0.19852960241539597,4,0.25,False
synthetic,2,100,1,raw,xgb,0.26333842322859724,4,0.25,False
synthetic,2,100,1,pca,linear,-0.0031255882331224782,4,0.25,False
synthetic,2,100,1,pca,xgb,-0.4046333480989739,4,0.25,False
synthetic,2,100,1,spectral-marginal,linear,-0.005431389648318241,4,0.25,False
synthetic,2,100,1,spectral-marginal,xgb,-0.3580757187251018,4,0.25,False
synthetic,2,100,1,spectral-gibbs,linear,-0.0033371917441296084,4,0.25,False
synthetic,2,100,1,spectral-gibbs,xgb,-0.2167316768168095,4,0.25,False
synthetic,2,100,1,conditional,linear,0.006161429643520067,4,0.25,False
synthetic,2,100,1,conditional,xgb,-0.1523564615696551,4,0.25,False
synthetic,2,100,1,raw+pca,xgb,0.25039288330365006,4,0.25,False
synthetic,2,100,1,raw+spectral-gibbs,xgb,0.26552909899289323,4,0.25,False
synthetic,2,100,1,raw+conditional,xgb,0.29068281984251754,4,0.25,False
synthetic,2,100,2,raw,linear,0.3544940639855343,4,0.25,False
synthetic,2,100,2,raw,xgb,0.4494971032325892,4,0.25,False
synthetic,2,100,2,pca,linear,0.0003870714869848024,4,0.25,False
synthetic,2,100,2,pca,xgb,-0.17515866826639215,4,0.25,False
synthetic,2,100,2,spectral-marginal,linear,0.000618941578499066,4,0.25,False
synthetic,2,100,2,spectral-marginal,xgb,-0.20873684894848554,4,0.25,False
synthetic,2,100,2,spectral-gibbs,linear,0.0005888565787044442,4,0.25,False
synthetic,2,100,2,spectral-gibbs,xgb,-0.19835970255284763,4,0.25,False
synthetic,2,100,2,conditional,linear,0.007175971768425882,4,0.25,False
synthetic,2,100,2,conditional,xgb,-0.1784365454181971,4,0.25,False
synthetic,2,100,2,raw+pca,xgb,0.4362859735384672,4,0.25,False
synthetic,2,100,2,raw+spectral-gibbs,xgb,0.42840585102084405,4,0.25,False
synthetic,2,100,2,raw+conditional,xgb,0.4290877674541095,4,0.25,False
synthetic,2,100,3,raw,linear,0.2914715923990485,4,0.25,False
synthetic,2,100,3,raw,xgb,0.366178853987734,4,0.25,False
synthetic,2,100,3,pca,linear,0.01679236739685608,4,0.25,False
synthetic,2,100,3,pca,xgb,-0.17795158693905155,4,0.25,False
synthetic,2,100,3,spectral-marginal,linear,0.006020185801985378,4,0.25,False
synthetic,2,100,3,spectral-marginal,xgb,-0.1839645643235277,4,0.25,False
synthetic,2,100,3,spectral-gibbs,linear,0.0060444862433483015,4,0.25,False
synthetic,2,100,3,spectral-gibbs,xgb,-0.17162545034511334,4,0.25,False
synthetic,2,100,3,conditional,linear,0.03236524207477465,4,0.25,False
synthetic,2,100,3,conditional,xgb,-0.042261554161783677,4,0.25,False
synthetic,2,100,3,raw+pca,xgb,0.3517725448200524,4,0.25,False
synthetic,2,100,3,raw+spectral-gibbs,xgb,0.37126427925013794,4,0.25,False
synthetic,2,100,3,raw+conditional,xgb,0.35353289083248585,4,0.25,False
synthetic,2,100,4,raw,linear,0.3022060624001637,4,0.25,False
synthetic,2,100,4,raw,xgb,0.36431420070638365,4,0.25,False
synthetic,2,100,4,pca,linear,0.016448872902801392,4,0.25,False
synthetic,2,100,4,pca,xgb,-0.1876772630530672,4,0.25,False
synthetic,2,100,4,spectral-marginal,linear,0.016924986784121132,4,0.25,False
synthetic,2,100,4,spectral-marginal,xgb,-0.2019601997765974,4,0.25,False
synthetic,2,100,4,spectral-gibbs,linear,0.017792644336057428,4,0.25,False
synthetic,2,100,4,spectral-gibbs,xgb,-0.11521165023790725,4,0.25,False
synthetic,2,100,4,conditional,linear,0.033187335307766075,4,0.25,False
synthetic,2,100,4,conditional,xgb,-0.06722504629586856,4,0.25,False
synthetic,2,100,4,raw+pca,xgb,0.3628636758400936,4,0.25,False
synthetic,2,100,4,raw+spectral-gibbs,xgb,0.35113759846005244,4,0.25,False
synthetic,2,100,4,raw+conditional,xgb,0.3389111623898696,4,0.25,False
synthetic,2,250,0,raw,linear,0.31156492225091703,4,0.25,False
synthetic,2,250,0,raw,xgb,0.4280290689841394,4,0.25,False
synthetic,2,250,0,pca,linear,0.016040138606874033,4,0.25,False
synthetic,2,250,0,pca,xgb,-0.20375048219633407,4,0.25,False
synthetic,2,250,0,spectral-marginal,linear,0.015769465154350515,4,0.25,False
synthetic,2,250,0,spectral-marginal,xgb,-0.14168989423581313,4,0.25,False
synthetic,2,250,0,spectral-gibbs,linear,0.016366398084472267,4,0.25,False
synthetic,2,250,0,spectral-gibbs,xgb,-0.17910796768185233,4,0.25,False
synthetic,2,250,0,conditional,linear,0.024628658443744844,4,0.25,False
synthetic,2,250,0,conditional,xgb,-0.15690083818508782,4,0.25,False
synthetic,2,250,0,raw+pca,xgb,0.41206731365246074,4,0.25,False
synthetic,2,250,0,raw+spectral-gibbs,xgb,0.40935017152340036,4,0.25,False
synthetic,2,250,0,raw+conditional,xgb,0.4187913094680399,4,0.25,False
synthetic,2,250,1,raw,linear,0.3502576733138113,4,0.25,False
synthetic,2,250,1,raw,xgb,0.5900253248819889,4,0.25,False
synthetic,2,250,1,pca,linear,-0.008562918024729749,4,0.25,False
synthetic,2,250,1,pca,xgb,-0.09808871016301679,4,0.25,False
synthetic,2,250,1,spectral-marginal,linear,-0.008169995716402534,4,0.25,False
synthetic,2,250,1,spectral-marginal,xgb,-0.11019434182717336,4,0.25,False
synthetic,2,250,1,spectral-gibbs,linear,-0.007651912877015166,4,0.25,False
synthetic,2,250,1,spectral-gibbs,xgb,-0.11965981373279488,4,0.25,False
synthetic,2,250,1,conditional,linear,0.0043105638129522506,4,0.25,False
synthetic,2,250,1,conditional,xgb,-0.042699202141445625,4,0.25,False
synthetic,2,250,1,raw+pca,xgb,0.5902041387630663,4,0.25,False
synthetic,2,250,1,raw+spectral-gibbs,xgb,0.5821210479476114,4,0.25,False
synthetic,2,250,1,raw+conditional,xgb,0.5649809621513223,4,0.25,False
synthetic,2,250,2,raw,linear,0.37766719390322967,4,0.25,False
synthetic,2,250,2,raw,xgb,0.5277973789460004,4,0.25,False
synthetic,2,250,2,pca,linear,0.019430368819556287,4,0.25,False
synthetic,2,250,2,pca,xgb,-0.12560678160958516,4,0.25,False
synthetic,2,250,2,spectral-marginal,linear,0.018974065709132737,4,0.25,False
synthetic,2,250,2,spectral-marginal,xgb,-0.11865734282984275,4,0.25,False
synthetic,2,250,2,spectral-gibbs,linear,0.019723567005111575,4,0.25,False
synthetic,2,250,2,spectral-gibbs,xgb,-0.14028912799945226,4,0.25,False
synthetic,2,250,2,conditional,linear,0.04106663789693299,4,0.25,False
synthetic,2,250,2,conditional,xgb,-0.03361658305170123,4,0.25,False
synthetic,2,250,2,raw+pca,xgb,0.5056972311851746,4,0.25,False
synthetic,2,250,2,raw+spectral-gibbs,xgb,0.5125021918185866,4,0.25,False
synthetic,2,250,2,raw+conditional,xgb,0.4999790492473378,4,0.25,False
synthetic,2,250,3,raw,linear,0.33433170183683725,4,0.25,False
synthetic,2,250,3,raw,xgb,0.5047719257718075,4,0.25,False
synthetic,2,250,3,pca,linear,-0.02411616962825902,4,0.25,False
synthetic,2,250,3,pca,xgb,-0.18091794155318497,4,0.25,False
synthetic,2,250,3,spectral-marginal,linear,-0.023409993827149478,4,0.25,False
synthetic,2,250,3,spectral-marginal,xgb,-0.16025861096279592,4,0.25,False
synthetic,2,250,3,spectral-gibbs,linear,-0.02284729830305987,4,0.25,False
synthetic,2,250,3,spectral-gibbs,xgb,-0.21438360877947793,4,0.25,False
synthetic,2,250,3,conditional,linear,-0.00747479874285184,4,0.25,False
synthetic,2,250,3,conditional,xgb,-0.10396348321252846,4,0.25,False
synthetic,2,250,3,raw+pca,xgb,0.48227816637599186,4,0.25,False
synthetic,2,250,3,raw+spectral-gibbs,xgb,0.4794868271502494,4,0.25,False
synthetic,2,250,3,raw+conditional,xgb,0.47443728566165555,4,0.25,False
synthetic,2,250,4,raw,linear,0.33619369507727803,4,0.25,False
synthetic,2,250,4,raw,xgb,0.49921152423001347,4,0.25,False
synthetic,2,250,4,pca,linear,0.022434673079983813,4,0.25,False
synthetic,2,250,4,pca,xgb,-0.11056090712698108,4,0.25,False
synthetic,2,250,4,spectral-marginal,linear,0.022354233255899025,4,0.25,False
synthetic,2,250,4,spectral-marginal,xgb,-0.09198609361969057,4,0.25,False
synthetic,2,250,4,spectral-gibbs,linear,0.022236370122757365,4,0.25,False
synthetic,2,250,4,spectral-gibbs,xgb,-0.1042989834003536,4,0.25,False
synthetic,2,250,4,conditional,linear,0.03714237656640518,4,0.25,False
synthetic,2,250,4,conditional,xgb,-0.0965217615589411,4,0.25,False
synthetic,2,250,4,raw+pca,xgb,0.49070975370079506,4,0.25,False
synthetic,2,250,4,raw+spectral-gibbs,xgb,0.507453958331956,4,0.25,False
synthetic,2,250,4,raw+conditional,xgb,0.4729961096236345,4,0.25,False
synthetic,2,1000,0,raw,linear,0.41212303260009187,4,0.25,False
synthetic,2,1000,0,raw,xgb,0.6438982631647847,4,0.25,False
synthetic,2,1000,0,pca,linear,0.03645166708141301,4,0.25,False
synthetic,2,1000,0,pca,xgb,0.02042044960125955,4,0.25,False
synthetic,2,1000,0,spectral-marginal,linear,0.03642655129456507,4,0.25,False
synthetic,2,1000,0,spectral-marginal,xgb,0.01904893867088342,4,0.25,False
synthetic,2,1000,0,spectral-gibbs,linear,0.03720268098240043,4,0.25,False
synthetic,2,1000,0,spectral-gibbs,xgb,0.01395741791611349,4,0.25,False
synthetic,2,1000,0,conditional,linear,0.047550979361050016,4,0.25,False
synthetic,2,1000,0,conditional,xgb,0.05005980875902527,4,0.25,False
synthetic,2,1000,0,raw+pca,xgb,0.6609347747477505,4,0.25,False
synthetic,2,1000,0,raw+spectral-gibbs,xgb,0.6384797173792659,4,0.25,False
synthetic,2,1000,0,raw+conditional,xgb,0.6445344472329619,4,0.25,False
synthetic,2,1000,1,raw,linear,0.39645307113494765,4,0.25,False
synthetic,2,1000,1,raw,xgb,0.6746110593886308,4,0.25,False
synthetic,2,1000,1,pca,linear,0.025082686704131496,4,0.25,False
synthetic,2,1000,1,pca,xgb,-0.012080514546914722,4,0.25,False
synthetic,2,1000,1,spectral-marginal,linear,0.025237745905532405,4,0.25,False
synthetic,2,1000,1,spectral-marginal,xgb,-0.02548647343847721,4,0.25,False
synthetic,2,1000,1,spectral-gibbs,linear,0.026075362911413658,4,0.25,False
synthetic,2,1000,1,spectral-gibbs,xgb,0.0033811264349888903,4,0.25,False
synthetic,2,1000,1,conditional,linear,0.03343863945208825,4,0.25,False
synthetic,2,1000,1,conditional,xgb,0.023159381349051378,4,0.25,False
synthetic,2,1000,1,raw+pca,xgb,0.6781119468686586,4,0.25,False
synthetic,2,1000,1,raw+spectral-gibbs,xgb,0.6798128594995545,4,0.25,False
synthetic,2,1000,1,raw+conditional,xgb,0.6468650710475436,4,0.25,False
synthetic,2,1000,2,raw,linear,0.4063947619973428,4,0.25,False
synthetic,2,1000,2,raw,xgb,0.6351629813727461,4,0.25,False
synthetic,2,1000,2,pca,linear,0.03529113311243637,4,0.25,False
synthetic,2,1000,2,pca,xgb,-0.01315427804368241,4,0.25,False
synthetic,2,1000,2,spectral-marginal,linear,0.03522349100353539,4,0.25,False
synthetic,2,1000,2,spectral-marginal,xgb,0.007211161720370507,4,0.25,False
synthetic,2,1000,2,spectral-gibbs,linear,0.035893796084331075,4,0.25,False
synthetic,2,1000,2,spectral-gibbs,xgb,-0.004791715067198998,4,0.25,False
synthetic,2,1000,2,conditional,linear,0.05348578375254587,4,0.25,False
synthetic,2,1000,2,conditional,xgb,0.027450855271146546,4,0.25,False
synthetic,2,1000,2,raw+pca,xgb,0.654890318120708,4,0.25,False
synthetic,2,1000,2,raw+spectral-gibbs,xgb,0.6759565936722659,4,0.25,False
synthetic,2,1000,2,raw+conditional,xgb,0.6423618270203588,4,0.25,False
synthetic,2,1000,3,raw,linear,0.40928147671904713,4,0.25,False
synthetic,2,1000,3,raw,xgb,0.6371022708472613,4,0.25,False
synthetic,2,1000,3,pca,linear,0.04006451402521127,4,0.25,False
synthetic,2,1000,3,pca,xgb,0.02311940157145398,4,0.25,False
synthetic,2,1000,3,spectral-marginal,linear,0.04014211257910505,4,0.25,False
synthetic,2,1000,3,spectral-marginal,xgb,0.011946903851589918,4,0.25,False
synthetic,2,1000,3,spectral-gibbs,linear,0.04086674209438523,4,0.25,False
synthetic,2,1000,3,spectral-gibbs,xgb,-0.002079111227274222,4,0.25,False
synthetic,2,1000,3,conditional,linear,0.059696184077693504,4,0.25,False
synthetic,2,1000,3,conditional,xgb,0.04477570899931216,4,0.25,False
synthetic,2,1000,3,raw+pca,xgb,0.628289404002107,4,0.25,False
synthetic,2,1000,3,raw+spectral-gibbs,xgb,0.6454441308218015,4,0.25,False
synthetic,2,1000,3,raw+conditional,xgb,0.6328246300441227,4,0.25,False
synthetic,2,1000,4,raw,linear,0.4079305692336018,4,0.25,False
synthetic,2,1000,4,raw,xgb,0.6277473779888519,4,0.25,False
synthetic,2,1000,4,pca,linear,0.030385240815628878,4,0.25,False
synthetic,2,1000,4,pca,xgb,-0.005324854841422866,4,0.25,False
synthetic,2,1000,4,spectral-marginal,linear,0.030472809530944556,4,0.25,False
synthetic,2,1000,4,spectral-marginal,xgb,-0.0069607464421952425,4,0.25,False
synthetic,2,1000,4,spectral-gibbs,linear,0.03154539416121305,4,0.25,False
synthetic,2,1000,4,spectral-gibbs,xgb,0.010915229356815548,4,0.25,False
synthetic,2,1000,4,conditional,linear,0.04207778243750193,4,0.25,False
synthetic,2,1000,4,conditional,xgb,0.030723818032435513,4,0.25,False
synthetic,2,1000,4,raw+pca,xgb,0.632855658833229,4,0.25,False
synthetic,2,1000,4,raw+spectral-gibbs,xgb,0.6294236590706506,4,0.25,False
synthetic,2,1000,4,raw+conditional,xgb,0.6503913999751475,4,0.25,False
synthetic,0,50,0,raw,linear,0.16145529751171128,4,0.25,True
synthetic,0,50,0,raw,xgb,0.2336547768028927,4,0.25,True
synthetic,0,50,0,pca,linear,-0.02480271846556903,4,0.25,True
synthetic,0,50,0,pca,xgb,-0.25968239059489506,4,0.25,True
synthetic,0,50,0,spectral-marginal,linear,-0.020999811200209217,4,0.25,True
synthetic,0,50,0,spectral-marginal,xgb,-0.19668787596884685,4,0.25,True
synthetic,0,50,0,spectral-gibbs,linear,-0.020835443148631505,4,0.25,True
synthetic,0,50,0,spectral-gibbs,xgb,-0.2508341841517292,4,0.25,True
synthetic,0,50,0,conditional,linear,0.0056779207422866795,4,0.25,True
synthetic,0,50,0,conditional,xgb,-0.06442663790751535,4,0.25,True
synthetic,0,50,0,raw+pca,xgb,0.2603087201658649,4,0.25,True
synthetic,0,50,0,raw+spectral-gibbs,xgb,0.24812252135015456,4,0.25,True
synthetic,0,50,0,raw+conditional,xgb,0.21446096227014222,4,0.25,True
synthetic,0,50,1,raw,linear,0.1818537350649173,4,0.25,True
synthetic,0,50,1,raw,xgb,0.2835640806146804,4,0.25,True
synthetic,0,50,1,pca,linear,-0.0001250540554507129,4,0.25,True
synthetic,0,50,1,pca,xgb,-0.15675534671410296,4,0.25,True
synthetic,0,50,1,spectral-marginal,linear,-0.0005876275166634137,4,0.25,True
synthetic,0,50,1,spectral-marginal,xgb,-0.2494661830332756,4,0.25,True
synthetic,0,50,1,spectral-gibbs,linear,-0.0010521068352893348,4,0.25,True
synthetic,0,50,1,spectral-gibbs,xgb,-0.23293198741525067,4,0.25,True
synthetic,0,50,1,conditional,linear,0.0009278735894606704,4,0.25,True
synthetic,0,50,1,conditional,xgb,-0.10350341048770928,4,0.25,True
synthetic,0,50,1,raw+pca,xgb,0.2717074464916879,4,0.25,True
synthetic,0,50,1,raw+spectral-gibbs,xgb,0.27661891026394847,4,0.25,True
synthetic,0,50,1,raw+conditional,xgb,0.2818684723359517,4,0.25,True
synthetic,0,50,2,raw,linear,0.2538243441462822,4,0.25,True
synthetic,0,50,2,raw,xgb,0.34678885504523116,4,0.25,True
synthetic,0,50,2,pca,linear,-0.007540218782500663,4,0.25,True
synthetic,0,50,2,pca,xgb,-0.2378828253673806,4,0.25,True
synthetic,0,50,2,spectral-marginal,linear,-0.007412117129695472,4,0.25,True
synthetic,0,50,2,spectral-marginal,xgb,-0.1925803933858785,4,0.25,True
synthetic,0,50,2,spectral-gibbs,linear,-0.006785050420876182,4,0.25,True
synthetic,0,50,2,spectral-gibbs,xgb,-0.15232294654719247,4,0.25,True
synthetic,0,50,2,conditional,linear,0.0031844570672890926,4,0.25,True
synthetic,0,50,2,conditional,xgb,-0.08041595113292366,4,0.25,True
synthetic,0,50,2,raw+pca,xgb,0.3657269114735918,4,0.25,True
synthetic,0,50,2,raw+spectral-gibbs,xgb,0.35843832446425583,4,0.25,True
synthetic,0,50,2,raw+conditional,xgb,0.3477404488253142,4,0.25,True
synthetic,0,50,3,raw,linear,0.29260396029866953,4,0.25,True
synthetic,0,50,3,raw,xgb,0.21616354600729948,4,0.25,True
synthetic,0,50,3,pca,linear,0.0011821961374750556,4,0.25,True
synthetic,0,50,3,pca,xgb,-0.23878425143812443,4,0.25,True
synthetic,0,50,3,spectral-marginal,linear,0.001781235201532061,4,0.25,True
synthetic,0,50,3,spectral-marginal,xgb,-0.23167659390405793,4,0.25,True
synthetic,0,50,3,spectral-gibbs,linear,0.0021876359266456147,4,0.25,True
synthetic,0,50,3,spectral-gibbs,xgb,-0.2127974279793834,4,0.25,True
synthetic,0,50,3,conditional,linear,0.004152789231902099,4,0.25,True
synthetic,0,50,3,conditional,xgb,-0.11265275277187681,4,0.25,True
synthetic,0,50,3,raw+pca,xgb,0.23902441681972986,4,0.25,True
synthetic,0,50,3,raw+spectral-gibbs,xgb,0.25054140387251944,4,0.25,True
synthetic,0,50,3,raw+conditional,xgb,0.2147145767880213,4,0.25,True
synthetic,0,50,4,raw,linear,0.13323889119063792,4,0.25,True
synthetic,0,50,4,raw,xgb,0.16672100842641624,4,0.25,True
synthetic,0,50,4,pca,linear,-0.006777157387384047,4,0.25,True
synthetic,0,50,4,pca,xgb,-0.21441216063193003,4,0.25,True
synthetic,0,50,4,spectral-marginal,linear,0.005683224606012671,4,0.25,True
synthetic,0,50,4,spectral-marginal,xgb,-0.1055730380774389,4,0.25,True
synthetic,0,50,4,spectral-gibbs,linear,-0.006112250571700839,4,0.25,True
synthetic,0,50,4,spectral-gibbs,xgb,-0.10891571512606135,4,0.25,True
synthetic,0,50,4,conditional,linear,0.013164343651402954,4,0.25,True
synthetic,0,50,4,conditional,xgb,-0.08269479267683999,4,0.25,True
synthetic,0,50,4,raw+pca,xgb,0.1564592560030702,4,0.25,True
synthetic,0,50,4,raw+spectral-gibbs,xgb,0.17010041004185872,4,0.25,True
synthetic,0,50,4,raw+conditional,xgb,0.12542043242034706,4,0.25,True
synthetic,0,100,0,raw,linear,0.16827639115254123,4,0.25,True
synthetic,0,100,0,raw,xgb,0.25998482124419575,4,0.25,True
synthetic,0,100,0,pca,linear,-0.08077736588006035,4,0.25,True
synthetic,0,100,0,pca,xgb,-0.39845004955972185,4,0.25,True
synthetic,0,100,0,spectral-marginal,linear,-0.0865799564627816,4,0.25,True
synthetic,0,100,0,spectral-marginal,xgb,-0.32429579473958703,4,0.25,True
synthetic,0,100,0,spectral-gibbs,linear,-0.0854415499213037,4,0.25,True
synthetic,0,100,0,spectral-gibbs,xgb,-0.3048713837000774,4,0.25,True
synthetic,0,100,0,conditional,linear,-0.03923978956591889,4,0.25,True
synthetic,0,100,0,conditional,xgb,-0.18124612464785939,4,0.25,True
synthetic,0,100,0,raw+pca,xgb,0.2570728791188993,4,0.25,True
synthetic,0,100,0,raw+spectral-gibbs,xgb,0.276311187570215,4,0.25,True
synthetic,0,100,0,raw+conditional,xgb,0.21735056676709152,4,0.25,True
synthetic,0,100,1,raw,linear,0.3430841367810167,4,0.25,True
synthetic,0,100,1,raw,xgb,0.3667431770532823,4,0.25,True
synthetic,0,100,1,pca,linear,-0.01122418507205869,4,0.25,True
synthetic,0,100,1,pca,xgb,-0.22292552194054305,4,0.25,True
synthetic,0,100,1,spectral-marginal,linear,-0.009245472698325763,4,0.25,True
synthetic,0,100,1,spectral-marginal,xgb,-0.19044603492516288,4,0.25,True
synthetic,0,100,1,spectral-gibbs,linear,-0.008440416176895393,4,0.25,True
synthetic,0,100,1,spectral-gibbs,xgb,-0.11407431733186835,4,0.25,True
synthetic,0,100,1,conditional,linear,-0.0010107166386941202,4,0.25,True
synthetic,0,100,1,conditional,xgb,-0.12111484044629472,4,0.25,True
synthetic,0,100,1,raw+pca,xgb,0.3674322135201382,4,0.25,True
synthetic,0,100,1,raw+spectral-gibbs,xgb,0.36412779229410275,4,0.25,True
synthetic,0,100,1,raw+conditional,xgb,0.34448563660059506,4,0.25,True
synthetic,0,100,2,raw,linear,0.17264972515191612,4,0.25,True
synthetic,0,100,2,raw,xgb,0.34464947760836573,4,0.25,True
synthetic,0,100,2,pca,linear,0.0031902759846200723,4,0.25,True
synthetic,0,100,2,pca,xgb,-0.24396362218932532,4,0.25,True
synthetic,0,100,2,spectral-marginal,linear,0.004174843016077956,4,0.25,True
synthetic,0,100,2,spectral-marginal,xgb,-0.16631796713880487,4,0.25,True
synthetic,0,100,2,spectral-gibbs,linear,0.005891971564556453,4,0.25,True
synthetic,0,100,2,spectral-gibbs,xgb,-0.18205739777896346,4,0.25,True
synthetic,0,100,2,conditional,linear,0.019356380522671635,4,0.25,True
synthetic,0,100,2,conditional,xgb,-0.059553321490070754,4,0.25,True
synthetic,0,100,2,raw+pca,xgb,0.30074403100647795,4,0.25,True
synthetic,0,100,2,raw+spectral-gibbs,xgb,0.3192981766047437,4,0.25,True
synthetic,0,100,2,raw+conditional,xgb,0.26944929713901855,4,0.25,True
synthetic,0,100,3,raw,linear,0.23614340561529612,4,0.25,True
synthetic,0,100,3,raw,xgb,0.3631766891454402,4,0.25,True
synthetic,0,100,3,pca,linear,0.001947991081404865,4,0.25,True
synthetic,0,100,3,pca,xgb,-0.24587183447939198,4,0.25,True
synthetic,0,100,3,spectral-marginal,linear,0.0020859889913898977,4,0.25,True
synthetic,0,100,3,spectral-marginal,xgb,-0.2014463420901491,4,0.25,True
synthetic,0,100,3,spectral-gibbs,linear,0.002339046503412656,4,0.25,True
synthetic,0,100,3,spectral-gibbs,xgb,-0.2701584296999997,4,0.25,True
synthetic,0,100,3,conditional,linear,0.010936778150797521,4,0.25,True
synthetic,0,100,3,conditional,xgb,-0.09653757268654717,4,0.25,True
synthetic,0,100,3,raw+pca,xgb,0.3589711410448142,4,0.25,True
synthetic,0,100,3,raw+spectral-gibbs,xgb,0.3693699021406498,4,0.25,True
synthetic,0,100,3,raw+conditional,xgb,0.3310755799559906,4,0.25,True
synthetic,0,100,4,raw,linear,0.29079650274384494,4,0.25,True
synthetic,0,100,4,raw,xgb,0.33816773422118307,4,0.25,True
synthetic,0,100,4,pca,linear,0.007409660247658767,4,0.25,True
synthetic,0,100,4,pca,xgb,-0.22689015217182118,4,0.25,True
synthetic,0,100,4,spectral-marginal,linear,0.009798806958036699,4,0.25,True
synthetic,0,100,4,spectral-marginal,xgb,-0.20904684032552523,4,0.25,True
synthetic,0,100,4,spectral-gibbs,linear,0.013035968084893157,4,0.25,True
synthetic,0,100,4,spectral-gibbs,xgb,-0.21405256011016793,4,0.25,True
synthetic,0,100,4,conditional,linear,0.026702324335140082,4,0.25,True
synthetic,0,100,4,conditional,xgb,-0.07841443985885044,4,0.25,True
synthetic,0,100,4,raw+pca,xgb,0.32276210267043426,4,0.25,True
synthetic,0,100,4,raw+spectral-gibbs,xgb,0.3168903043315898,4,0.25,True
synthetic,0,100,4,raw+conditional,xgb,0.32900464229157345,4,0.25,True
synthetic,0,250,0,raw,linear,0.32876492523433665,4,0.25,True
synthetic,0,250,0,raw,xgb,0.46889136689594646,4,0.25,True
synthetic,0,250,0,pca,linear,0.0008958478990748198,4,0.25,True
synthetic,0,250,0,pca,xgb,-0.16784084114118336,4,0.25,True
synthetic,0,250,0,spectral-marginal,linear,0.01014443761504813,4,0.25,True
synthetic,0,250,0,spectral-marginal,xgb,-0.11351351466893278,4,0.25,True
synthetic,0,250,0,spectral-gibbs,linear,0.014112340672859824,4,0.25,True
synthetic,0,250,0,spectral-gibbs,xgb,-0.09007103108666903,4,0.25,True
synthetic,0,250,0,conditional,linear,0.02135666036500583,4,0.25,True
synthetic,0,250,0,conditional,xgb,-0.04318998334314417,4,0.25,True
synthetic,0,250,0,raw+pca,xgb,0.4674932965385392,4,0.25,True
synthetic,0,250,0,raw+spectral-gibbs,xgb,0.490577151094831,4,0.25,True
synthetic,0,250,0,raw+conditional,xgb,0.4895492027154039,4,0.25,True
synthetic,0,250,1,raw,linear,0.32850079176537383,4,0.25,True
synthetic,0,250,1,raw,xgb,0.4863342857581371,4,0.25,True
synthetic,0,250,1,pca,linear,0.0026489776128489906,4,0.25,True
synthetic,0,250,1,pca,xgb,-0.09535404338512699,4,0.25,True
synthetic,0,250,1,spectral-marginal,linear,0.006230008178563229,4,0.25,True
synthetic,0,250,1,spectral-marginal,xgb,-0.10789392114546725,4,0.25,True
synthetic,0,250,1,spectral-gibbs,linear,0.009366562875253948,4,0.25,True
synthetic,0,250,1,spectral-gibbs,xgb,-0.11566404950392295,4,0.25,True
synthetic,0,250,1,conditional,linear,0.025204976905452203,4,0.25,True
synthetic,0,250,1,conditional,xgb,-0.028159170941220113,4,0.25,True
synthetic,0,250,1,raw+pca,xgb,0.5071710546925268,4,0.25,True
synthetic,0,250,1,raw+spectral-gibbs,xgb,0.5210295139824683,4,0.25,True
synthetic,0,250,1,raw+conditional,xgb,0.4636926063207325,4,0.25,True
synthetic,0,250,2,raw,linear,0.3395758645153021,4,0.25,True
synthetic,0,250,2,raw,xgb,0.4871260067153035,4,0.25,True
synthetic,0,250,2,pca,linear,-0.005037873124273506,4,0.25,True
synthetic,0,250,2,pca,xgb,-0.0943195687609828,4,0.25,True
synthetic,0,250,2,spectral-marginal,linear,-0.002829566064933342,4,0.25,True
synthetic,0,250,2,spectral-marginal,xgb,-0.11176138412661007,4,0.25,True
synthetic,0,250,2,spectral-gibbs,linear,-0.001701344553379558,4,0.25,True
synthetic,0,250,2,spectral-gibbs,xgb,-0.1395688378162907,4,0.25,True
synthetic,0,250,2,conditional,linear,0.017702586226601813,4,0.25,True
synthetic,0,250,2,conditional,xgb,-0.0715803690176231,4,0.25,True
synthetic,0,250,2,raw+pca,xgb,0.5317939647171743,4,0.25,True
synthetic,0,250,2,raw+spectral-gibbs,xgb,0.523279182684288,4,0.25,True
synthetic,0,250,2,raw+conditional,xgb,0.47909471960612915,4,0.25,True
synthetic,0,250,3,raw,linear,0.31147857612262064,4,0.25,True
synthetic,0,250,3,raw,xgb,0.4724008911194565,4,0.25,True
synthetic,0,250,3,pca,linear,0.005403600138818354,4,0.25,True
synthetic,0,250,3,pca,xgb,-0.10458575223644173,4,0.25,True
synthetic,0,250,3,spectral-marginal,linear,0.0044070941507732275,4,0.25,True
synthetic,0,250,3,spectral-marginal,xgb,-0.12487614140043224,4,0.25,True
synthetic,0,250,3,spectral-gibbs,linear,0.008021809818315795,4,0.25,True
synthetic,0,250,3,spectral-gibbs,xgb,-0.0983092544235038,4,0.25,True
synthetic,0,250,3,conditional,linear,0.044727717622457974,4,0.25,True
synthetic,0,250,3,conditional,xgb,-0.06390843367110133,4,0.25,True
synthetic,0,250,3,raw+pca,xgb,0.4779517870518992,4,0.25,True
synthetic,0,250,3,raw+spectral-gibbs,xgb,0.48445965351519593,4,0.25,True
synthetic,0,250,3,raw+conditional,xgb,0.4464719394139903,4,0.25,True
synthetic,0,250,4,raw,linear,0.37126313258940424,4,0.25,True
synthetic,0,250,4,raw,xgb,0.4680235726217544,4,0.25,True
synthetic,0,250,4,pca,linear,0.013830980534836668,4,0.25,True
synthetic,0,250,4,pca,xgb,-0.10601173292391297,4,0.25,True
synthetic,0,250,4,spectral-marginal,linear,0.02245295782760892,4,0.25,True
synthetic,0,250,4,spectral-marginal,xgb,-0.10418584650429197,4,0.25,True
synthetic,0,250,4,spectral-gibbs,linear,0.025738533698386412,4,0.25,True
synthetic,0,250,4,spectral-gibbs,xgb,-0.11734461900250359,4,0.25,True
synthetic,0,250,4,conditional,linear,0.03608634360730478,4,0.25,True
synthetic,0,250,4,conditional,xgb,-0.07815320966417283,4,0.25,True
synthetic,0,250,4,raw+pca,xgb,0.49014246582508225,4,0.25,True
synthetic,0,250,4,raw+spectral-gibbs,xgb,0.47633324225750684,4,0.25,True
synthetic,0,250,4,raw+conditional,xgb,0.4581359370814936,4,0.25,True
synthetic,0,1000,0,raw,linear,0.39129334167970686,4,0.25,True
synthetic,0,1000,0,raw,xgb,0.6390998995343027,4,0.25,True
synthetic,0,1000,0,pca,linear,0.013371123372043825,4,0.25,True
synthetic,0,1000,0,pca,xgb,-0.022820937662136664,4,0.25,True
synthetic,0,1000,0,spectral-marginal,linear,0.023096586472158398,4,0.25,True
synthetic,0,1000,0,spectral-marginal,xgb,0.0026183480085297806,4,0.25,True
synthetic,0,1000,0,spectral-gibbs,linear,0.026701131081913076,4,0.25,True
synthetic,0,1000,0,spectral-gibbs,xgb,-0.015743624647462706,4,0.25,True
synthetic,0,1000,0,conditional,linear,0.07439339847230819,4,0.25,True
synthetic,0,1000,0,conditional,xgb,0.03359097708437875,4,0.25,True
synthetic,0,1000,0,raw+pca,xgb,0.6291565162330719,4,0.25,True
synthetic,0,1000,0,raw+spectral-gibbs,xgb,0.6472032155389014,4,0.25,True
synthetic,0,1000,0,raw+conditional,xgb,0.6269956897562291,4,0.25,True
synthetic,0,1000,1,raw,linear,0.40273103496556906,4,0.25,True
synthetic,0,1000,1,raw,xgb,0.6289755043635892,4,0.25,True
synthetic,0,1000,1,pca,linear,0.012207062847710226,4,0.25,True
synthetic,0,1000,1,pca,xgb,0.004339285276665161,4,0.25,True
synthetic,0,1000,1,spectral-marginal,linear,0.018869970905348588,4,0.25,True
synthetic,0,1000,1,spectral-marginal,xgb,0.004258587401793856,4,0.25,True
synthetic,0,1000,1,spectral-gibbs,linear,0.0218025842977273,4,0.25,True
synthetic,0,1000,1,spectral-gibbs,xgb,-0.0022058353260194785,4,0.25,True
synthetic,0,1000,1,conditional,linear,0.06383870872887476,4,0.25,True
synthetic,0,1000,1,conditional,xgb,0.040850457167185605,4,0.25,True
synthetic,0,1000,1,raw+pca,xgb,0.6254745961435879,4,0.25,True
synthetic,0,1000,1,raw+spectral-gibbs,xgb,0.6169003691885335,4,0.25,True
synthetic,0,1000,1,raw+conditional,xgb,0.627587505516191,4,0.25,True
synthetic,0,1000,2,raw,linear,0.4018052055812281,4,0.25,True
synthetic,0,1000,2,raw,xgb,0.6645440532838667,4,0.25,True
synthetic,0,1000,2,pca,linear,0.014363622613766558,4,0.25,True
synthetic,0,1000,2,pca,xgb,-0.03155706313954565,4,0.25,True
synthetic,0,1000,2,spectral-marginal,linear,0.02406102611418437,4,0.25,True
synthetic,0,1000,2,spectral-marginal,xgb,-0.020248737468490985,4,0.25,True
synthetic,0,1000,2,spectral-gibbs,linear,0.02766613344261515,4,0.25,True
synthetic,0,1000,2,spectral-gibbs,xgb,-0.021041949783638714,4,0.25,True
synthetic,0,1000,2,conditional,linear,0.0549165565068479,4,0.25,True
synthetic,0,1000,2,conditional,xgb,0.02616178579984385,4,0.25,True
synthetic,0,1000,2,raw+pca,xgb,0.6606675105901092,4,0.25,True
synthetic,0,1000,2,raw+spectral-gibbs,xgb,0.6852953785008971,4,0.25,True
synthetic,0,1000,2,raw+conditional,xgb,0.643046992104479,4,0.25,True
synthetic,0,1000,3,raw,linear,0.3941239677032269,4,0.25,True
synthetic,0,1000,3,raw,xgb,0.6284029958755972,4,0.25,True
synthetic,0,1000,3,pca,linear,0.011743015761066511,4,0.25,True
synthetic,0,1000,3,pca,xgb,-0.018315181913095113,4,0.25,True
synthetic,0,1000,3,spectral-marginal,linear,0.019470187809685346,4,0.25,True
synthetic,0,1000,3,spectral-marginal,xgb,-0.0012585741150989982,4,0.25,True
synthetic,0,1000,3,spectral-gibbs,linear,0.022190715904627067,4,0.25,True
synthetic,0,1000,3,spectral-gibbs,xgb,-0.004337447788799409,4,0.25,True
synthetic,0,1000,3,conditional,linear,0.0473066320929193,4,0.25,True
synthetic,0,1000,3,conditional,xgb,0.02127898791549987,4,0.25,True
synthetic,0,1000,3,raw+pca,xgb,0.6320758495890428,4,0.25,True
synthetic,0,1000,3,raw+spectral-gibbs,xgb,0.6382136534320226,4,0.25,True
synthetic,0,1000,3,raw+conditional,xgb,0.6165689112520751,4,0.25,True
synthetic,0,1000,4,raw,linear,0.3959325610403891,4,0.25,True
synthetic,0,1000,4,raw,xgb,0.6609159946085722,4,0.25,True
synthetic,0,1000,4,pca,linear,0.010081819292828698,4,0.25,True
synthetic,0,1000,4,pca,xgb,-0.030300419613126905,4,0.25,True
synthetic,0,1000,4,spectral-marginal,linear,0.018313803372997706,4,0.25,True
synthetic,0,1000,4,spectral-marginal,xgb,-0.008716756392390002,4,0.25,True
synthetic,0,1000,4,spectral-gibbs,linear,0.021402072129803273,4,0.25,True
synthetic,0,1000,4,spectral-gibbs,xgb,-0.017044755395091427,4,0.25,True
synthetic,0,1000,4,conditional,linear,0.06522094037646431,4,0.25,True
synthetic,0,1000,4,conditional,xgb,0.016132038206826405,4,0.25,True
synthetic,0,1000,4,raw+pca,xgb,0.6341564729110358,4,0.25,True
synthetic,0,1000,4,raw+spectral-gibbs,xgb,0.6499077976853288,4,0.25,True
synthetic,0,1000,4,raw+conditional,xgb,0.5964279848087939,4,0.25,True
synthetic,1,50,0,raw,linear,0.2501760726816862,4,0.25,True
synthetic,1,50,0,raw,xgb,0.26004014727044533,4,0.25,True
synthetic,1,50,0,pca,linear,-0.0920055293240607,4,0.25,True
synthetic,1,50,0,pca,xgb,-0.40374844857821945,4,0.25,True
synthetic,1,50,0,spectral-marginal,linear,-0.09631737476490643,4,0.25,True
synthetic,1,50,0,spectral-marginal,xgb,-0.37416898437500756,4,0.25,True
synthetic,1,50,0,spectral-gibbs,linear,-0.09428377886056616,4,0.25,True
synthetic,1,50,0,spectral-gibbs,xgb,-0.3383583940795525,4,0.25,True
synthetic,1,50,0,conditional,linear,-0.02554341580231556,4,0.25,True
synthetic,1,50,0,conditional,xgb,-0.2222270844369587,4,0.25,True
synthetic,1,50,0,raw+pca,xgb,0.24071875698850143,4,0.25,True
synthetic,1,50,0,raw+spectral-gibbs,xgb,0.25005107878378285,4,0.25,True
synthetic,1,50,0,raw+conditional,xgb,0.27016864898819026,4,0.25,True
synthetic,1,50,1,raw,linear,-0.0712638235920322,4,0.25,True
synthetic,1,50,1,raw,xgb,0.3177929723455639,4,0.25,True
synthetic,1,50,1,pca,linear,-0.007731405140336989,4,0.25,True
synthetic,1,50,1,pca,xgb,-0.23202131900536282,4,0.25,True
synthetic,1,50,1,spectral-marginal,linear,-0.006890625262059524,4,0.25,True
synthetic,1,50,1,spectral-marginal,xgb,-0.23511533934957485,4,0.25,True
synthetic,1,50,1,spectral-gibbs,linear,-0.010138449366528857,4,0.25,True
synthetic,1,50,1,spectral-gibbs,xgb,-0.2942464035508514,4,0.25,True
synthetic,1,50,1,conditional,linear,-0.007361621146884101,4,0.25,True
synthetic,1,50,1,conditional,xgb,-0.14783737236035766,4,0.25,True
synthetic,1,50,1,raw+pca,xgb,0.3143920316358122,4,0.25,True
synthetic,1,50,1,raw+spectral-gibbs,xgb,0.3333678769661008,4,0.25,True
synthetic,1,50,1,raw+conditional,xgb,0.27122210481729314,4,0.25,True
synthetic,1,50,2,raw,linear,0.13993669218515192,4,0.25,True
synthetic,1,50,2,raw,xgb,0.2144809079979959,4,0.25,True
synthetic,1,50,2,pca,linear,-0.1010954202402472,4,0.25,True
synthetic,1,50,2,pca,xgb,-0.3482999579408905,4,0.25,True
synthetic,1,50,2,spectral-marginal,linear,-0.10219116493757574,4,0.25,True
synthetic,1,50,2,spectral-marginal,xgb,-0.28265956120001423,4,0.25,True
synthetic,1,50,2,spectral-gibbs,linear,-0.1077616441445739,4,0.25,True
synthetic,1,50,2,spectral-gibbs,xgb,-0.2935383942002785,4,0.25,True
synthetic,1,50,2,conditional,linear,-0.09596082839721776,4,0.25,True
synthetic,1,50,2,conditional,xgb,-0.24467702643292566,4,0.25,True
synthetic,1,50,2,raw+pca,xgb,0.22501145984381132,4,0.25,True
synthetic,1,50,2,raw+spectral-gibbs,xgb,0.21460247525380283,4,0.25,True
synthetic,1,50,2,raw+conditional,xgb,0.16075530544238714,4,0.25,True
synthetic,1,50,3,raw,linear,0.1324182499147568,4,0.25,True
synthetic,1,50,3,raw,xgb,0.25850076290880253,4,0.25,True
synthetic,1,50,3,pca,linear,-0.13636885204482319,4,0.25,True
synthetic,1,50,3,pca,xgb,-0.4671513689819209,4,0.25,True
synthetic,1,50,3,spectral-marginal,linear,-0.11896866484388635,4,0.25,True
synthetic,1,50,3,spectral-marginal,xgb,-0.47214876617373647,4,0.25,True
synthetic,1,50,3,spectral-gibbs,linear,-0.03977312319600035,4,0.25,True
synthetic,1,50,3,spectral-gibbs,xgb,-0.43755738443810843,4,0.25,True
synthetic,1,50,3,conditional,linear,-0.03822996300448733,4,0.25,True
synthetic,1,50,3,conditional,xgb,-0.3338002961991071,4,0.25,True
synthetic,1,50,3,raw+pca,xgb,0.28321983246383187,4,0.25,True
synthetic,1,50,3,raw+spectral-gibbs,xgb,0.26867206129605414,4,0.25,True
synthetic,1,50,3,raw+conditional,xgb,0.2007239000820661,4,0.25,True
synthetic,1,50,4,raw,linear,0.2456017380511335,4,0.25,True
synthetic,1,50,4,raw,xgb,0.27457616759083503,4,0.25,True
synthetic,1,50,4,pca,linear,-0.026243082308079257,4,0.25,True
synthetic,1,50,4,pca,xgb,-0.4429157927970806,4,0.25,True
synthetic,1,50,4,spectral-marginal,linear,-0.02655712858246395,4,0.25,True
synthetic,1,50,4,spectral-marginal,xgb,-0.44590910305647924,4,0.25,True
synthetic,1,50,4,spectral-gibbs,linear,-0.026372865454361127,4,0.25,True
synthetic,1,50,4,spectral-gibbs,xgb,-0.4398400212886471,4,0.25,True
synthetic,1,50,4,conditional,linear,0.001947179632410756,4,0.25,True
synthetic,1,50,4,conditional,xgb,-0.2944905490012557,4,0.25,True
synthetic,1,50,4,raw+pca,xgb,0.26560839747220066,4,0.25,True
synthetic,1,50,4,raw+spectral-gibbs,xgb,0.2560756462157042,4,0.25,True
synthetic,1,50,4,raw+conditional,xgb,0.18434530863687992,4,0.25,True
synthetic,1,100,0,raw,linear,0.31723299473861855,4,0.25,True
synthetic,1,100,0,raw,xgb,0.4388005118727272,4,0.25,True
synthetic,1,100,0,pca,linear,-0.021096672650201542,4,0.25,True
synthetic,1,100,0,pca,xgb,-0.2322683781804915,4,0.25,True
synthetic,1,100,0,spectral-marginal,linear,-0.0231590389297891,4,0.25,True
synthetic,1,100,0,spectral-marginal,xgb,-0.2371703014739679,4,0.25,True
synthetic,1,100,0,spectral-gibbs,linear,0.0036666052330686094,4,0.25,True
synthetic,1,100,0,spectral-gibbs,xgb,-0.21948608705685113,4,0.25,True
synthetic,1,100,0,conditional,linear,0.009564722112858526,4,0.25,True
synthetic,1,100,0,conditional,xgb,-0.16580362121977887,4,0.25,True
synthetic,1,100,0,raw+pca,xgb,0.44159808129102207,4,0.25,True
synthetic,1,100,0,raw+spectral-gibbs,xgb,0.4422725400307862,4,0.25,True
synthetic,1,100,0,raw+conditional,xgb,0.33086159765986134,4,0.25,True
synthetic,1,100,1,raw,linear,0.2840869565386642,4,0.25,True
synthetic,1,100,1,raw,xgb,0.3739209404224655,4,0.25,True
synthetic,1,100,1,pca,linear,0.00030372784148890997,4,0.25,True
synthetic,1,100,1,pca,xgb,-0.14228684470051167,4,0.25,True
synthetic,1,100,1,spectral-marginal,linear,0.00026288033692245527,4,0.25,True
synthetic,1,100,1,spectral-marginal,xgb,-0.21579192218582421,4,0.25,True
synthetic,1,100,1,spectral-gibbs,linear,0.0005925919769669274,4,0.25,True
synthetic,1,100,1,spectral-gibbs,xgb,-0.1782186129924479,4,0.25,True
synthetic,1,100,1,conditional,linear,0.01167238961464101,4,0.25,True
synthetic,1,100,1,conditional,xgb,-0.09010968548981291,4,0.25,True
synthetic,1,100,1,raw+pca,xgb,0.3709944558796099,4,0.25,True
synthetic,1,100,1,raw+spectral-gibbs,xgb,0.3723589352995009,4,0.25,True
synthetic,1,100,1,raw+conditional,xgb,0.3534364949028167,4,0.25,True
synthetic,1,100,2,raw,linear,0.3008403161818113,4,0.25,True
synthetic,1,100,2,raw,xgb,0.3957698663360619,4,0.25,True
synthetic,1,100,2,pca,linear,0.012534063372572346,4,0.25,True
synthetic,1,100,2,pca,xgb,-0.1527866097436279,4,0.25,True
synthetic,1,100,2,spectral-marginal,linear,0.012804385411855024,4,0.25,True
synthetic,1,100,2,spectral-marginal,xgb,-0.16377308992868667,4,0.25,True
synthetic,1,100,2,spectral-gibbs,linear,0.019185049676266996,4,0.25,True
synthetic,1,100,2,spectral-gibbs,xgb,-0.17650243803278354,4,0.25,True
synthetic,1,100,2,conditional,linear,0.021553646050425646,4,0.25,True
synthetic,1,100,2,conditional,xgb,-0.13378650176694706,4,0.25,True
synthetic,1,100,2,raw+pca,xgb,0.39612940312047096,4,0.25,True
synthetic,1,100,2,raw+spectral-gibbs,xgb,0.3932193782302774,4,0.25,True
synthetic,1,100,2,raw+conditional,xgb,0.3680930914850391,4,0.25,True
synthetic,1,100,3,raw,linear,0.33458654811990973,4,0.25,True
synthetic,1,100,3,raw,xgb,0.39461351049674465,4,0.25,True
synthetic,1,100,3,pca,linear,-0.0012652310918095377,4,0.25,True
synthetic,1,100,3,pca,xgb,-0.17683286378050433,4,0.25,True
synthetic,1,100,3,spectral-marginal,linear,-0.0008870741345554656,4,0.25,True
synthetic,1,100,3,spectral-marginal,xgb,-0.20734788211908017,4,0.25,True
synthetic,1,100,3,spectral-gibbs,linear,-0.0007533668753840761,4,0.25,True
synthetic,1,100,3,spectral-gibbs,xgb,-0.20514310600586816,4,0.25,True
synthetic,1,100,3,conditional,linear,0.015880354650603445,4,0.25,True
synthetic,1,100,3,conditional,xgb,-0.14441436873880087,4,0.25,True
synthetic,1,100,3,raw+pca,xgb,0.40763916822436486,4,0.25,True
synthetic,1,100,3,raw+spectral-gibbs,xgb,0.41750638240386795,4,0.25,True
synthetic,1,100,3,raw+conditional,xgb,0.38938458973830525,4,0.25,True
synthetic,1,100,4,raw,linear,0.11561303508646792,4,0.25,True
synthetic,1,100,4,raw,xgb,0.32613941549940184,4,0.25,True
synthetic,1,100,4,pca,linear,0.010412781090774814,4,0.25,True
synthetic,1,100,4,pca,xgb,-0.12710587540322216,4,0.25,True
synthetic,1,100,4,spectral-marginal,linear,0.008463843554073258,4,0.25,True
synthetic,1,100,4,spectral-marginal,xgb,-0.14670881682243064,4,0.25,True
synthetic,1,100,4,spectral-gibbs,linear,0.008086951450590796,4,0.25,True
synthetic,1,100,4,spectral-gibbs,xgb,-0.13972554482895538,4,0.25,True
synthetic,1,100,4,conditional,linear,0.018726545998445254,4,0.25,True
synthetic,1,100,4,conditional,xgb,-0.09925385493855687,4,0.25,True
synthetic,1,100,4,raw+pca,xgb,0.3536203452602431,4,0.25,True
synthetic,1,100,4,raw+spectral-gibbs,xgb,0.33742125114909827,4,0.25,True
synthetic,1,100,4,raw+conditional,xgb,0.2522528218652136,4,0.25,True
synthetic,1,250,0,raw,linear,0.39151509451381106,4,0.25,True
synthetic,1,250,0,raw,xgb,0.5602132812456853,4,0.25,True
synthetic,1,250,0,pca,linear,0.016681269504170926,4,0.25,True
synthetic,1,250,0,pca,xgb,-0.11870113897437418,4,0.25,True
synthetic,1,250,0,spectral-marginal,linear,0.015019866028963325,4,0.25,True
synthetic,1,250,0,spectral-marginal,xgb,-0.12706147284318714,4,0.25,True
synthetic,1,250,0,spectral-gibbs,linear,0.01527695978685295,4,0.25,True
synthetic,1,250,0,spectral-gibbs,xgb,-0.11716744884121755,4,0.25,True
synthetic,1,250,0,conditional,linear,0.04447652089789067,4,0.25,True
synthetic,1,250,0,conditional,xgb,-0.07926436483377541,4,0.25,True
synthetic,1,250,0,raw+pca,xgb,0.5283414698266635,4,0.25,True
synthetic,1,250,0,raw+spectral-gibbs,xgb,0.5374250241181363,4,0.25,True
synthetic,1,250,0,raw+conditional,xgb,0.4985300302252662,4,0.25,True
synthetic,1,250,1,raw,linear,0.3719861253626423,4,0.25,True
synthetic,1,250,1,raw,xgb,0.5673670515682973,4,0.25,True
synthetic,1,250,1,pca,linear,0.017603518246549488,4,0.25,True
synthetic,1,250,1,pca,xgb,-0.14970882019692744,4,0.25,True
synthetic,1,250,1,spectral-marginal,linear,0.018729594347566603,4,0.25,True
synthetic,1,250,1,spectral-marginal,xgb,-0.10573447539425596,4,0.25,True
synthetic,1,250,1,spectral-gibbs,linear,0.01913344637698322,4,0.25,True
synthetic,1,250,1,spectral-gibbs,xgb,-0.10742382490889524,4,0.25,True
synthetic,1,250,1,conditional,linear,0.02115639638532174,4,0.25,True
synthetic,1,250,1,conditional,xgb,-0.1064953662888759,4,0.25,True
synthetic,1,250,1,raw+pca,xgb,0.5636484760340426,4,0.25,True
synthetic,1,250,1,raw+spectral-gibbs,xgb,0.5571590102823638,4,0.25,True
synthetic,1,250,1,raw+conditional,xgb,0.518213523262214,4,0.25,True
synthetic,1,250,2,raw,linear,0.4013450395314424,4,0.25,True
synthetic,1,250,2,raw,xgb,0.5317952555693487,4,0.25,True
synthetic,1,250,2,pca,linear,0.01988971916610327,4,0.25,True
synthetic,1,250,2,pca,xgb,-0.11720696912906003,4,0.25,True
synthetic,1,250,2,spectral-marginal,linear,0.01915400024076519,4,0.25,True
synthetic,1,250,2,spectral-marginal,xgb,-0.09653455046348869,4,0.25,True
synthetic,1,250,2,spectral-gibbs,linear,0.018985191959401182,4,0.25,True
synthetic,1,250,2,spectral-gibbs,xgb,-0.07654602705989677,4,0.25,True
synthetic,1,250,2,conditional,linear,0.0426465541085258,4,0.25,True
synthetic,1,250,2,conditional,xgb,-0.05336402253461858,4,0.25,True
synthetic,1,250,2,raw+pca,xgb,0.5558598146008339,4,0.25,True
synthetic,1,250,2,raw+spectral-gibbs,xgb,0.5628443237809968,4,0.25,True
synthetic,1,250,2,raw+conditional,xgb,0.511540463960779,4,0.25,True
synthetic,1,250,3,raw,linear,0.383187405619816,4,0.25,True
synthetic,1,250,3,raw,xgb,0.5077650434200817,4,0.25,True
synthetic,1,250,3,pca,linear,0.003927310516212312,4,0.25,True
synthetic,1,250,3,pca,xgb,-0.15214743397238695,4,0.25,True
synthetic,1,250,3,spectral-marginal,linear,0.00275454464338476,4,0.25,True
synthetic,1,250,3,spectral-marginal,xgb,-0.11163294633079901,4,0.25,True
synthetic,1,250,3,spectral-gibbs,linear,0.0033913524160817943,4,0.25,True
synthetic,1,250,3,spectral-gibbs,xgb,-0.12049861915750748,4,0.25,True
synthetic,1,250,3,conditional,linear,0.019919659649856314,4,0.25,True
synthetic,1,250,3,conditional,xgb,-0.019595445450897975,4,0.25,True
synthetic,1,250,3,raw+pca,xgb,0.5142255884117131,4,0.25,True
synthetic,1,250,3,raw+spectral-gibbs,xgb,0.5138156113694121,4,0.25,True
synthetic,1,250,3,raw+conditional,xgb,0.5084782335142306,4,0.25,True
synthetic,1,250,4,raw,linear,0.39877619319915336,4,0.25,True
synthetic,1,250,4,raw,xgb,0.5534312067766057,4,0.25,True
synthetic,1,250,4,pca,linear,-0.009538795221791796,4,0.25,True
synthetic,1,250,4,pca,xgb,-0.1598763170653259,4,0.25,True
synthetic,1,250,4,spectral-marginal,linear,-0.010639935984906979,4,0.25,True
synthetic,1,250,4,spectral-marginal,xgb,-0.16443831600351566,4,0.25,True
synthetic,1,250,4,spectral-gibbs,linear,-0.00800314505167199,4,0.25,True
synthetic,1,250,4,spectral-gibbs,xgb,-0.1251226962048848,4,0.25,True
synthetic,1,250,4,conditional,linear,0.028568604624188643,4,0.25,True
synthetic,1,250,4,conditional,xgb,-0.031433026010748044,4,0.25,True
synthetic,1,250,4,raw+pca,xgb,0.531349616080224,4,0.25,True
synthetic,1,250,4,raw+spectral-gibbs,xgb,0.5266026225102106,4,0.25,True
synthetic,1,250,4,raw+conditional,xgb,0.4977254290457066,4,0.25,True
synthetic,1,1000,0,raw,linear,0.44516956874423075,4,0.25,True
synthetic,1,1000,0,raw,xgb,0.6332217140319696,4,0.25,True
synthetic,1,1000,0,pca,linear,0.02006771817556907,4,0.25,True
synthetic,1,1000,0,pca,xgb,-0.005230243114790145,4,0.25,True
synthetic,1,1000,0,spectral-marginal,linear,0.02036104462422106,4,0.25,True
synthetic,1,1000,0,spectral-marginal,xgb,-0.010634933195891483,4,0.25,True
synthetic,1,1000,0,spectral-gibbs,linear,0.020922906260696483,4,0.25,True
synthetic,1,1000,0,spectral-gibbs,xgb,-0.018651443053580907,4,0.25,True
synthetic,1,1000,0,conditional,linear,0.056577984618407795,4,0.25,True
synthetic,1,1000,0,conditional,xgb,0.030186785071925293,4,0.25,True
synthetic,1,1000,0,raw+pca,xgb,0.6197244398282076,4,0.25,True
synthetic,1,1000,0,raw+spectral-gibbs,xgb,0.6326219169361684,4,0.25,True
synthetic,1,1000,0,raw+conditional,xgb,0.6350321342710283,4,0.25,True
synthetic,1,1000,1,raw,linear,0.43263762110165616,4,0.25,True
synthetic,1,1000,1,raw,xgb,0.6599460220281343,4,0.25,True
synthetic,1,1000,1,pca,linear,0.017813078832669138,4,0.25,True
synthetic,1,1000,1,pca,xgb,-0.022519916550304275,4,0.25,True
synthetic,1,1000,1,spectral-marginal,linear,0.017383279846810318,4,0.25,True
synthetic,1,1000,1,spectral-marginal,xgb,-0.02269341921858503,4,0.25,True
synthetic,1,1000,1,spectral-gibbs,linear,0.01816497678840312,4,0.25,True
synthetic,1,1000,1,spectral-gibbs,xgb,-0.023069830564936833,4,0.25,True
synthetic,1,1000,1,conditional,linear,0.05343625914993744,4,0.25,True
synthetic,1,1000,1,conditional,xgb,0.029690694272972995,4,0.25,True
synthetic,1,1000,1,raw+pca,xgb,0.6529261873546228,4,0.25,True
synthetic,1,1000,1,raw+spectral-gibbs,xgb,0.6549236059364993,4,0.25,True
synthetic,1,1000,1,raw+conditional,xgb,0.6515061400286897,4,0.25,True
synthetic,1,1000,2,raw,linear,0.4410763744270646,4,0.25,True
synthetic,1,1000,2,raw,xgb,0.6584730411645724,4,0.25,True
synthetic,1,1000,2,pca,linear,0.022540627313149098,4,0.25,True
synthetic,1,1000,2,pca,xgb,0.012630063341519282,4,0.25,True
synthetic,1,1000,2,spectral-marginal,linear,0.022573382814595755,4,0.25,True
synthetic,1,1000,2,spectral-marginal,xgb,-0.009444256960304376,4,0.25,True
synthetic,1,1000,2,spectral-gibbs,linear,0.023020519390972494,4,0.25,True
synthetic,1,1000,2,spectral-gibbs,xgb,-0.004386784740070926,4,0.25,True
synthetic,1,1000,2,conditional,linear,0.06394117480097106,4,0.25,True
synthetic,1,1000,2,conditional,xgb,0.025770762683390624,4,0.25,True
synthetic,1,1000,2,raw+pca,xgb,0.6621387259280068,4,0.25,True
synthetic,1,1000,2,raw+spectral-gibbs,xgb,0.6549969973401345,4,0.25,True
synthetic,1,1000,2,raw+conditional,xgb,0.6373338365261647,4,0.25,True
synthetic,1,1000,3,raw,linear,0.44184644520815164,4,0.25,True
synthetic,1,1000,3,raw,xgb,0.645721259229567,4,0.25,True
synthetic,1,1000,3,pca,linear,0.02741927528236654,4,0.25,True
synthetic,1,1000,3,pca,xgb,-0.008956196712257336,4,0.25,True
synthetic,1,1000,3,spectral-marginal,linear,0.027022536363351946,4,0.25,True
synthetic,1,1000,3,spectral-marginal,xgb,-0.01273674592561691,4,0.25,True
synthetic,1,1000,3,spectral-gibbs,linear,0.027469550353109495,4,0.25,True
synthetic,1,1000,3,spectral-gibbs,xgb,-0.009160768715199774,4,0.25,True
synthetic,1,1000,3,conditional,linear,0.06841549654510648,4,0.25,True
synthetic,1,1000,3,conditional,xgb,0.04641668257024101,4,0.25,True
synthetic,1,1000,3,raw+pca,xgb,0.637287899270715,4,0.25,True
synthetic,1,1000,3,raw+spectral-gibbs,xgb,0.6198057963808545,4,0.25,True
synthetic,1,1000,3,raw+conditional,xgb,0.6369508848895138,4,0.25,True
synthetic,1,1000,4,raw,linear,0.4463286974134252,4,0.25,True
synthetic,1,1000,4,raw,xgb,0.6656986747947193,4,0.25,True
synthetic,1,1000,4,pca,linear,0.026581970500385133,4,0.25,True
synthetic,1,1000,4,pca,xgb,-0.0037547609946519955,4,0.25,True
synthetic,1,1000,4,spectral-marginal,linear,0.02609483313646388,4,0.25,True
synthetic,1,1000,4,spectral-marginal,xgb,0.0019095255800960498,4,0.25,True
synthetic,1,1000,4,spectral-gibbs,linear,0.026651125536669262,4,0.25,True
synthetic,1,1000,4,spectral-gibbs,xgb,-0.011496787140266918,4,0.25,True
synthetic,1,1000,4,conditional,linear,0.06927196079434428,4,0.25,True
synthetic,1,1000,4,conditional,xgb,0.033507518561353256,4,0.25,True
synthetic,1,1000,4,raw+pca,xgb,0.682142011527687,4,0.25,True
synthetic,1,1000,4,raw+spectral-gibbs,xgb,0.6647309546269637,4,0.25,True
synthetic,1,1000,4,raw+conditional,xgb,0.6336764010019225,4,0.25,True
synthetic,2,50,0,raw,linear,-0.12778027813422876,4,0.25,True
synthetic,2,50,0,raw,xgb,0.2190466222177916,4,0.25,True
synthetic,2,50,0,pca,linear,-0.024805762858679747,4,0.25,True
synthetic,2,50,0,pca,xgb,-0.26410628468769914,4,0.25,True
synthetic,2,50,0,spectral-marginal,linear,-0.024920499205303592,4,0.25,True
synthetic,2,50,0,spectral-marginal,xgb,-0.4328853897643401,4,0.25,True
synthetic,2,50,0,spectral-gibbs,linear,-0.024413820267243258,4,0.25,True
synthetic,2,50,0,spectral-gibbs,xgb,-0.29615091720631126,4,0.25,True
synthetic,2,50,0,conditional,linear,-0.10921905520932218,4,0.25,True
synthetic,2,50,0,conditional,xgb,-0.2507514719678703,4,0.25,True
synthetic,2,50,0,raw+pca,xgb,0.23127234740342995,4,0.25,True
synthetic,2,50,0,raw+spectral-gibbs,xgb,0.25611803741093153,4,0.25,True
synthetic,2,50,0,raw+conditional,xgb,0.04126570542152952,4,0.25,True
synthetic,2,50,1,raw,linear,0.08734733478890444,4,0.25,True
synthetic,2,50,1,raw,xgb,0.18350445576084962,4,0.25,True
synthetic,2,50,1,pca,linear,-6.068103825707105e-05,4,0.25,True
synthetic,2,50,1,pca,xgb,-0.39835585835131004,4,0.25,True
synthetic,2,50,1,spectral-marginal,linear,-0.0001278085437370624,4,0.25,True
synthetic,2,50,1,spectral-marginal,xgb,-0.3533079315513208,4,0.25,True
synthetic,2,50,1,spectral-gibbs,linear,-0.00036457892584595974,4,0.25,True
synthetic,2,50,1,spectral-gibbs,xgb,-0.3306178371162656,4,0.25,True
synthetic,2,50,1,conditional,linear,0.005898340584757689,4,0.25,True
synthetic,2,50,1,conditional,xgb,-0.18612754837643708,4,0.25,True
synthetic,2,50,1,raw+pca,xgb,0.19566393636447754,4,0.25,True
synthetic,2,50,1,raw+spectral-gibbs,xgb,0.19287038196772344,4,0.25,True
synthetic,2,50,1,raw+conditional,xgb,0.22054723621898886,4,0.25,True
synthetic,2,50,2,raw,linear,0.25775789776834857,4,0.25,True
synthetic,2,50,2,raw,xgb,0.2886099479268216,4,0.25,True
synthetic,2,50,2,pca,linear,-0.015729427801589813,4,0.25,True
synthetic,2,50,2,pca,xgb,-0.24424907093561865,4,0.25,True
synthetic,2,50,2,spectral-marginal,linear,-0.01563197616977141,4,0.25,True
synthetic,2,50,2,spectral-marginal,xgb,-0.2875586583055003,4,0.25,True
synthetic,2,50,2,spectral-gibbs,linear,-0.01487500861212565,4,0.25,True
synthetic,2,50,2,spectral-gibbs,xgb,-0.1814293846073758,4,0.25,True
synthetic,2,50,2,conditional,linear,-0.011723302217429898,4,0.25,True
synthetic,2,50,2,conditional,xgb,-0.09221546759187627,4,0.25,True
synthetic,2,50,2,raw+pca,xgb,0.2909151432873226,4,0.25,True
synthetic,2,50,2,raw+spectral-gibbs,xgb,0.2899886774337652,4,0.25,True
synthetic,2,50,2,raw+conditional,xgb,0.3094190472224947,4,0.25,True
synthetic,2,50,3,raw,linear,0.15468317291905154,4,0.25,True
synthetic,2,50,3,raw,xgb,0.22164668712326163,4,0.25,True
synthetic,2,50,3,pca,linear,-0.012700326078552315,4,0.25,True
synthetic,2,50,3,pca,xgb,-0.1500948191025142,4,0.25,True
synthetic,2,50,3,spectral-marginal,linear,-0.012594621414220075,4,0.25,True
synthetic,2,50,3,spectral-marginal,xgb,-0.22090148779279262,4,0.25,True
synthetic,2,50,3,spectral-gibbs,linear,-0.01278499318667392,4,0.25,True
synthetic,2,50,3,spectral-gibbs,xgb,-0.14679564234431552,4,0.25,True
synthetic,2,50,3,conditional,linear,-0.007715278665452852,4,0.25,True
synthetic,2,50,3,conditional,xgb,-0.1331497427093704,4,0.25,True
synthetic,2,50,3,raw+pca,xgb,0.2119079721364171,4,0.25,True
synthetic,2,50,3,raw+spectral-gibbs,xgb,0.22029741456291096,4,0.25,True
synthetic,2,50,3,raw+conditional,xgb,0.16258261791733142,4,0.25,True
synthetic,2,50,4,raw,linear,0.22413858405075793,4,0.25,True
synthetic,2,50,4,raw,xgb,0.33339227562654083,4,0.25,True
synthetic,2,50,4,pca,linear,-0.0035890501345510195,4,0.25,True
synthetic,2,50,4,pca,xgb,-0.39869356266222633,4,0.25,True
synthetic,2,50,4,spectral-marginal,linear,-0.0034863339887085676,4,0.25,True
synthetic,2,50,4,spectral-marginal,xgb,-0.43510761319439606,4,0.25,True
synthetic,2,50,4,spectral-gibbs,linear,-0.003182070464495146,4,0.25,True
synthetic,2,50,4,spectral-gibbs,xgb,-0.3737678297510898,4,0.25,True
synthetic,2,50,4,conditional,linear,0.0055870366908550295,4,0.25,True
synthetic,2,50,4,conditional,xgb,-0.1301592254648134,4,0.25,True
synthetic,2,50,4,raw+pca,xgb,0.3236647747465977,4,0.25,True
synthetic,2,50,4,raw+spectral-gibbs,xgb,0.3243014568707705,4,0.25,True
synthetic,2,50,4,raw+conditional,xgb,0.3302518366894839,4,0.25,True
synthetic,2,100,0,raw,linear,0.2578714278612704,4,0.25,True
synthetic,2,100,0,raw,xgb,0.3196653832299188,4,0.25,True
synthetic,2,100,0,pca,linear,0.015509443441020232,4,0.25,True
synthetic,2,100,0,pca,xgb,-0.23713834051230642,4,0.25,True
synthetic,2,100,0,spectral-marginal,linear,0.017709089395911093,4,0.25,True
synthetic,2,100,0,spectral-marginal,xgb,-0.28105253195704605,4,0.25,True
synthetic,2,100,0,spectral-gibbs,linear,0.02272780997067214,4,0.25,True
synthetic,2,100,0,spectral-gibbs,xgb,-0.24758695061926161,4,0.25,True
synthetic,2,100,0,conditional,linear,-0.015089112636334168,4,0.25,True
synthetic,2,100,0,conditional,xgb,-0.15494298229370962,4,0.25,True
synthetic,2,100,0,raw+pca,xgb,0.2946668096118177,4,0.25,True
synthetic,2,100,0,raw+spectral-gibbs,xgb,0.30891418015519767,4,0.25,True
synthetic,2,100,0,raw+conditional,xgb,0.2578168532287326,4,0.25,True
synthetic,2,100,1,raw,linear,0.22209810075526282,4,0.25,True
synthetic,2,100,1,raw,xgb,0.26385575877521517,4,0.25,True
synthetic,2,100,1,pca,linear,-0.018375244021678894,4,0.25,True
synthetic,2,100,1,pca,xgb,-0.3568292516469209,4,0.25,True
synthetic,2,100,1,spectral-marginal,linear,-0.02237917624143071,4,0.25,True
synthetic,2,100,1,spectral-marginal,xgb,-0.31679554789386954,4,0.25,True
synthetic,2,100,1,spectral-gibbs,linear,-0.017236220004938074,4,0.25,True
synthetic,2,100,1,spectral-gibbs,xgb,-0.3174392361679721,4,0.25,True
synthetic,2,100,1,conditional,linear,-0.0015547493104886012,4,0.25,True
synthetic,2,100,1,conditional,xgb,-0.1460503146941845,4,0.25,True
synthetic,2,100,1,raw+pca,xgb,0.25785283529995584,4,0.25,True
synthetic,2,100,1,raw+spectral-gibbs,xgb,0.26820724166190524,4,0.25,True
synthetic,2,100,1,raw+conditional,xgb,0.300322205059535,4,0.25,True
synthetic,2,100,2,raw,linear,0.3151078072177379,4,0.25,True
synthetic,2,100,2,raw,xgb,0.4277006883481782,4,0.25,True
synthetic,2,100,2,pca,linear,0.0007704342964943711,4,0.25,True
synthetic,2,100,2,pca,xgb,-0.20585528820281285,4,0.25,True
synthetic,2,100,2,spectral-marginal,linear,0.0010140300691302562,4,0.25,True
synthetic,2,100,2,spectral-marginal,xgb,-0.14141993394883068,4,0.25,True
synthetic,2,100,2,spectral-gibbs,linear,0.001553824373198176,4,0.25,True
synthetic,2,100,2,spectral-gibbs,xgb,-0.1902428730731318,4,0.25,True
synthetic,2,100,2,conditional,linear,0.005129921083276812,4,0.25,True
synthetic,2,100,2,conditional,xgb,-0.11064154589079322,4,0.25,True
synthetic,2,100,2,raw+pca,xgb,0.4087164343816948,4,0.25,True
synthetic,2,100,2,raw+spectral-gibbs,xgb,0.40583074706742794,4,0.25,True
synthetic,2,100,2,raw+conditional,xgb,0.3973097462524863,4,0.25,True
synthetic,2,100,3,raw,linear,0.26071197300872917,4,0.25,True
synthetic,2,100,3,raw,xgb,0.30721898373934486,4,0.25,True
synthetic,2,100,3,pca,linear,0.004388220460381231,4,0.25,True
synthetic,2,100,3,pca,xgb,-0.20109948820986023,4,0.25,True
synthetic,2,100,3,spectral-marginal,linear,0.004454054718467604,4,0.25,True
synthetic,2,100,3,spectral-marginal,xgb,-0.1565075676496004,4,0.25,True
synthetic,2,100,3,spectral-gibbs,linear,0.005656007848055644,4,0.25,True
synthetic,2,100,3,spectral-gibbs,xgb,-0.1582365445215539,4,0.25,True
synthetic,2,100,3,conditional,linear,0.024311721171111023,4,0.25,True
synthetic,2,100,3,conditional,xgb,-0.029739244188458525,4,0.25,True
synthetic,2,100,3,raw+pca,xgb,0.3221627169729835,4,0.25,True
synthetic,2,100,3,raw+spectral-gibbs,xgb,0.32398376434810605,4,0.25,True
synthetic,2,100,3,raw+conditional,xgb,0.3129945548749058,4,0.25,True
synthetic,2,100,4,raw,linear,0.26161340884641915,4,0.25,True
synthetic,2,100,4,raw,xgb,0.3762922781412814,4,0.25,True
synthetic,2,100,4,pca,linear,0.02585160323282154,4,0.25,True
synthetic,2,100,4,pca,xgb,-0.160247897019673,4,0.25,True
synthetic,2,100,4,spectral-marginal,linear,0.02615409252210632,4,0.25,True
synthetic,2,100,4,spectral-marginal,xgb,-0.23252015211694266,4,0.25,True
synthetic,2,100,4,spectral-gibbs,linear,0.029132081787276,4,0.25,True
synthetic,2,100,4,spectral-gibbs,xgb,-0.16211481063642874,4,0.25,True
synthetic,2,100,4,conditional,linear,0.027337679806547777,4,0.25,True
synthetic,2,100,4,conditional,xgb,-0.12147657190711114,4,0.25,True
synthetic,2,100,4,raw+pca,xgb,0.3699641217609583,4,0.25,True
synthetic,2,100,4,raw+spectral-gibbs,xgb,0.37063080425270634,4,0.25,True
synthetic,2,100,4,raw+conditional,xgb,0.3016275940700113,4,0.25,True
synthetic,2,250,0,raw,linear,0.3007489505325045,4,0.25,True
synthetic,2,250,0,raw,xgb,0.41695669811586333,4,0.25,True
synthetic,2,250,0,pca,linear,0.0014735990508070174,4,0.25,True
synthetic,2,250,0,pca,xgb,-0.20688595483167127,4,0.25,True
synthetic,2,250,0,spectral-marginal,linear,0.0024461310642002188,4,0.25,True
synthetic,2,250,0,spectral-marginal,xgb,-0.1883290049086661,4,0.25,True
synthetic,2,250,0,spectral-gibbs,linear,0.005616432183445208,4,0.25,True
synthetic,2,250,0,spectral-gibbs,xgb,-0.16285115907060632,4,0.25,True
synthetic,2,250,0,conditional,linear,0.015114047779970607,4,0.25,True
synthetic,2,250,0,conditional,xgb,-0.15876830493522442,4,0.25,True
synthetic,2,250,0,raw+pca,xgb,0.4347489194014471,4,0.25,True
synthetic,2,250,0,raw+spectral-gibbs,xgb,0.4308318884796536,4,0.25,True
synthetic,2,250,0,raw+conditional,xgb,0.41782526257595687,4,0.25,True
synthetic,2,250,1,raw,linear,0.36006462065059774,4,0.25,True
synthetic,2,250,1,raw,xgb,0.60316706731222,4,0.25,True
synthetic,2,250,1,pca,linear,-0.023159757095854383,4,0.25,True
synthetic,2,250,1,pca,xgb,-0.13947604798836655,4,0.25,True
synthetic,2,250,1,spectral-marginal,linear,-0.02082336280537067,4,0.25,True
synthetic,2,250,1,spectral-marginal,xgb,-0.15297619222224257,4,0.25,True
synthetic,2,250,1,spectral-gibbs,linear,-0.015703029313641315,4,0.25,True
synthetic,2,250,1,spectral-gibbs,xgb,-0.16551174478236974,4,0.25,True
synthetic,2,250,1,conditional,linear,0.007629431227044514,4,0.25,True
synthetic,2,250,1,conditional,xgb,-0.08114367694121771,4,0.25,True
synthetic,2,250,1,raw+pca,xgb,0.5712999133034438,4,0.25,True
synthetic,2,250,1,raw+spectral-gibbs,xgb,0.5745686964076736,4,0.25,True
synthetic,2,250,1,raw+conditional,xgb,0.539031070230263,4,0.25,True
synthetic,2,250,2,raw,linear,0.3622151065191951,4,0.25,True
synthetic,2,250,2,raw,xgb,0.5094556470041756,4,0.25,True
synthetic,2,250,2,pca,linear,0.01125944376220711,4,0.25,True
synthetic,2,250,2,pca,xgb,-0.16061371109542089,4,0.25,True
synthetic,2,250,2,spectral-marginal,linear,0.011573879382368313,4,0.25,True
synthetic,2,250,2,spectral-marginal,xgb,-0.15094729165094267,4,0.25,True
synthetic,2,250,2,spectral-gibbs,linear,0.015431258885165833,4,0.25,True
synthetic,2,250,2,spectral-gibbs,xgb,-0.0811765907018358,4,0.25,True
synthetic,2,250,2,conditional,linear,0.008221914127121144,4,0.25,True
synthetic,2,250,2,conditional,xgb,-0.04313058200550968,4,0.25,True
synthetic,2,250,2,raw+pca,xgb,0.5027738239931262,4,0.25,True
synthetic,2,250,2,raw+spectral-gibbs,xgb,0.4842306164123439,4,0.25,True
synthetic,2,250,2,raw+conditional,xgb,0.47142355402574676,4,0.25,True
synthetic,2,250,3,raw,linear,0.34935736805559336,4,0.25,True
synthetic,2,250,3,raw,xgb,0.47636354655733704,4,0.25,True
synthetic,2,250,3,pca,linear,-0.00815180600907861,4,0.25,True
synthetic,2,250,3,pca,xgb,-0.18420900121588546,4,0.25,True
synthetic,2,250,3,spectral-marginal,linear,-0.007172193965102824,4,0.25,True
synthetic,2,250,3,spectral-marginal,xgb,-0.209234861221822,4,0.25,True
synthetic,2,250,3,spectral-gibbs,linear,-0.0037301865459893335,4,0.25,True
synthetic,2,250,3,spectral-gibbs,xgb,-0.20121762387892073,4,0.25,True
synthetic,2,250,3,conditional,linear,-0.008547525305960146,4,0.25,True
synthetic,2,250,3,conditional,xgb,-0.12479055960645202,4,0.25,True
synthetic,2,250,3,raw+pca,xgb,0.4727525754148355,4,0.25,True
synthetic,2,250,3,raw+spectral-gibbs,xgb,0.4664217424099337,4,0.25,True
synthetic,2,250,3,raw+conditional,xgb,0.46580914858398537,4,0.25,True
synthetic,2,250,4,raw,linear,0.3492535169332156,4,0.25,True
synthetic,2,250,4,raw,xgb,0.49800234430208845,4,0.25,True
synthetic,2,250,4,pca,linear,0.0210953591386821,4,0.25,True
synthetic,2,250,4,pca,xgb,-0.15086031166446978,4,0.25,True
synthetic,2,250,4,spectral-marginal,linear,0.020478420007376097,4,0.25,True
synthetic,2,250,4,spectral-marginal,xgb,-0.14470122327569013,4,0.25,True
synthetic,2,250,4,spectral-gibbs,linear,0.025369507577290173,4,0.25,True
synthetic,2,250,4,spectral-gibbs,xgb,-0.10655892102739672,4,0.25,True
synthetic,2,250,4,conditional,linear,0.02893832261527196,4,0.25,True
synthetic,2,250,4,conditional,xgb,-0.07063843267455416,4,0.25,True
synthetic,2,250,4,raw+pca,xgb,0.506183160760251,4,0.25,True
synthetic,2,250,4,raw+spectral-gibbs,xgb,0.5078272071111201,4,0.25,True
synthetic,2,250,4,raw+conditional,xgb,0.48235071115047146,4,0.25,True
synthetic,2,1000,0,raw,linear,0.4187101910408302,4,0.25,True
synthetic,2,1000,0,raw,xgb,0.6221759576578474,4,0.25,True
synthetic,2,1000,0,pca,linear,0.02387557314719735,4,0.25,True
synthetic,2,1000,0,pca,xgb,-0.015193113074814857,4,0.25,True
synthetic,2,1000,0,spectral-marginal,linear,0.024646467894707036,4,0.25,True
synthetic,2,1000,0,spectral-marginal,xgb,-0.026031045706135902,4,0.25,True
synthetic,2,1000,0,spectral-gibbs,linear,0.028267503759783374,4,0.25,True
synthetic,2,1000,0,spectral-gibbs,xgb,-0.011645618755369513,4,0.25,True
synthetic,2,1000,0,conditional,linear,0.059493159074837765,4,0.25,True
synthetic,2,1000,0,conditional,xgb,0.03715283226292887,4,0.25,True
synthetic,2,1000,0,raw+pca,xgb,0.6445819290595538,4,0.25,True
synthetic,2,1000,0,raw+spectral-gibbs,xgb,0.6266706952291354,4,0.25,True
synthetic,2,1000,0,raw+conditional,xgb,0.6433477578576894,4,0.25,True
synthetic,2,1000,1,raw,linear,0.3996753370459153,4,0.25,True
synthetic,2,1000,1,raw,xgb,0.6723008742679054,4,0.25,True
synthetic,2,1000,1,pca,linear,0.021189953161101394,4,0.25,True
synthetic,2,1000,1,pca,xgb,-0.020572365962973738,4,0.25,True
synthetic,2,1000,1,spectral-marginal,linear,0.021700506320384005,4,0.25,True
synthetic,2,1000,1,spectral-marginal,xgb,-0.02560141146457573,4,0.25,True
synthetic,2,1000,1,spectral-gibbs,linear,0.02577335042982032,4,0.25,True
synthetic,2,1000,1,spectral-gibbs,xgb,-0.025680187924288278,4,0.25,True
synthetic,2,1000,1,conditional,linear,0.04179021662882787,4,0.25,True
synthetic,2,1000,1,conditional,xgb,0.02293210839373694,4,0.25,True
synthetic,2,1000,1,raw+pca,xgb,0.672843336169714,4,0.25,True
synthetic,2,1000,1,raw+spectral-gibbs,xgb,0.6531780740267188,4,0.25,True
synthetic,2,1000,1,raw+conditional,xgb,0.6168326381617866,4,0.25,True
synthetic,2,1000,2,raw,linear,0.4043273786617577,4,0.25,True
synthetic,2,1000,2,raw,xgb,0.6396400650422349,4,0.25,True
synthetic,2,1000,2,pca,linear,0.023696167752774833,4,0.25,True
synthetic,2,1000,2,pca,xgb,0.006338282764686398,4,0.25,True
synthetic,2,1000,2,spectral-marginal,linear,0.024517448908046413,4,0.25,True
synthetic,2,1000,2,spectral-marginal,xgb,0.004164930406902578,4,0.25,True
synthetic,2,1000,2,spectral-gibbs,linear,0.02822072957577937,4,0.25,True
synthetic,2,1000,2,spectral-gibbs,xgb,-0.022479685391537885,4,0.25,True
synthetic,2,1000,2,conditional,linear,0.050256536602200974,4,0.25,True
synthetic,2,1000,2,conditional,xgb,0.013286398965607571,4,0.25,True
synthetic,2,1000,2,raw+pca,xgb,0.6423270412342212,4,0.25,True
synthetic,2,1000,2,raw+spectral-gibbs,xgb,0.6395483224241518,4,0.25,True
synthetic,2,1000,2,raw+conditional,xgb,0.6079430164831304,4,0.25,True
synthetic,2,1000,3,raw,linear,0.40589010339459375,4,0.25,True
synthetic,2,1000,3,raw,xgb,0.6234115215674695,4,0.25,True
synthetic,2,1000,3,pca,linear,0.031044531991237134,4,0.25,True
synthetic,2,1000,3,pca,xgb,-0.012526716465377952,4,0.25,True
synthetic,2,1000,3,spectral-marginal,linear,0.03248761560414892,4,0.25,True
synthetic,2,1000,3,spectral-marginal,xgb,-0.004468812226445795,4,0.25,True
synthetic,2,1000,3,spectral-gibbs,linear,0.03644416965092301,4,0.25,True
synthetic,2,1000,3,spectral-gibbs,xgb,0.009212493310539305,4,0.25,True
synthetic,2,1000,3,conditional,linear,0.060159080720271874,4,0.25,True
synthetic,2,1000,3,conditional,xgb,0.011595241783066923,4,0.25,True
synthetic,2,1000,3,raw+pca,xgb,0.6302182253908089,4,0.25,True
synthetic,2,1000,3,raw+spectral-gibbs,xgb,0.6533427301942327,4,0.25,True
synthetic,2,1000,3,raw+conditional,xgb,0.6360970348299346,4,0.25,True
synthetic,2,1000,4,raw,linear,0.4069415051634333,4,0.25,True
synthetic,2,1000,4,raw,xgb,0.6257479335810758,4,0.25,True
synthetic,2,1000,4,pca,linear,0.025789390811697732,4,0.25,True
synthetic,2,1000,4,pca,xgb,-0.017783974646969236,4,0.25,True
synthetic,2,1000,4,spectral-marginal,linear,0.02744116882167147,4,0.25,True
synthetic,2,1000,4,spectral-marginal,xgb,-0.02492659271491804,4,0.25,True
synthetic,2,1000,4,spectral-gibbs,linear,0.03130567511334148,4,0.25,True
synthetic,2,1000,4,spectral-gibbs,xgb,-0.013430567453650344,4,0.25,True
synthetic,2,1000,4,conditional,linear,0.05441849995524006,4,0.25,True
synthetic,2,1000,4,conditional,xgb,0.025759715271703065,4,0.25,True
synthetic,2,1000,4,raw+pca,xgb,0.6037570515284174,4,0.25,True
synthetic,2,1000,4,raw+spectral-gibbs,xgb,0.6152403741978172,4,0.25,True
synthetic,2,1000,4,raw+conditional,xgb,0.6408943665982771,4,0.25,True
synthetic,0,50,0,raw,linear,0.16019727224356362,4,0.0,False
synthetic,0,50,0,raw,xgb,0.18895214497456247,4,0.0,False
synthetic,0,50,0,pca,linear,-0.0017725450333230253,4,0.0,False
synthetic,0,50,0,pca,xgb,-0.18268699629509744,4,0.0,False
synthetic,0,50,0,spectral-marginal,linear,-0.0017696084018454794,4,0.0,False
synthetic,0,50,0,spectral-marginal,xgb,-0.22392525843879985,4,0.0,False
synthetic,0,50,0,spectral-gibbs,linear,-0.0017331047060309412,4,0.0,False
synthetic,0,50,0,spectral-gibbs,xgb,-0.21664926573264354,4,0.0,False
synthetic,0,50,0,conditional,linear,-0.004220231556578247,4,0.0,False
synthetic,0,50,0,conditional,xgb,-0.18601153120845404,4,0.0,False
synthetic,0,50,0,raw+pca,xgb,0.17214941012211227,4,0.0,False
synthetic,0,50,0,raw+spectral-gibbs,xgb,0.1753145036046605,4,0.0,False
synthetic,0,50,0,raw+conditional,xgb,0.18461823999926952,4,0.0,False
synthetic,0,50,1,raw,linear,0.2811463293343952,4,0.0,False
synthetic,0,50,1,raw,xgb,0.310219983888362,4,0.0,False
synthetic,0,50,1,pca,linear,-0.007127268270948228,4,0.0,False
synthetic,0,50,1,pca,xgb,-0.35498528063891066,4,0.0,False
synthetic,0,50,1,spectral-marginal,linear,-0.007114541456507473,4,0.0,False
synthetic,0,50,1,spectral-marginal,xgb,-0.41430756677309133,4,0.0,False
synthetic,0,50,1,spectral-gibbs,linear,-0.007152025239814064,4,0.0,False
synthetic,0,50,1,spectral-gibbs,xgb,-0.3431760084801907,4,0.0,False
synthetic,0,50,1,conditional,linear,-0.010141076285513861,4,0.0,False
synthetic,0,50,1,conditional,xgb,-0.15289074346124965,4,0.0,False
synthetic,0,50,1,raw+pca,xgb,0.3087343249857962,4,0.0,False
synthetic,0,50,1,raw+spectral-gibbs,xgb,0.3102525112560851,4,0.0,False
synthetic,0,50,1,raw+conditional,xgb,0.29688625808406344,4,0.0,False
synthetic,0,50,2,raw,linear,0.23582228832676744,4,0.0,False
synthetic,0,50,2,raw,xgb,0.36669218667729797,4,0.0,False
synthetic,0,50,2,pca,linear,-0.027247361474368237,4,0.0,False
synthetic,0,50,2,pca,xgb,-0.31995247737298205,4,0.0,False
synthetic,0,50,2,spectral-marginal,linear,-0.027254111863977082,4,0.0,False
synthetic,0,50,2,spectral-marginal,xgb,-0.33643824599050753,4,0.0,False
synthetic,0,50,2,spectral-gibbs,linear,-0.027390621159028017,4,0.0,False
synthetic,0,50,2,spectral-gibbs,xgb,-0.34575664604917056,4,0.0,False
synthetic,0,50,2,conditional,linear,-0.029856469901141658,4,0.0,False
synthetic,0,50,2,conditional,xgb,-0.23068560160590312,4,0.0,False
synthetic,0,50,2,raw+pca,xgb,0.35239825861707563,4,0.0,False
synthetic,0,50,2,raw+spectral-gibbs,xgb,0.3600921568094726,4,0.0,False
synthetic,0,50,2,raw+conditional,xgb,0.34910469389404963,4,0.0,False
synthetic,0,50,3,raw,linear,0.23823163958399995,4,0.0,False
synthetic,0,50,3,raw,xgb,0.24788263202861938,4,0.0,False
synthetic,0,50,3,pca,linear,-0.0016250308164880156,4,0.0,False
synthetic,0,50,3,pca,xgb,-0.292427989705929,4,0.0,False
synthetic,0,50,3,spectral-marginal,linear,-0.001651614082454067,4,0.0,False
synthetic,0,50,3,spectral-marginal,xgb,-0.3458263709634106,4,0.0,False
synthetic,0,50,3,spectral-gibbs,linear,-0.001652706831855033,4,0.0,False
synthetic,0,50,3,spectral-gibbs,xgb,-0.30049092083182427,4,0.0,False
synthetic,0,50,3,conditional,linear,-0.0023842629699237783,4,0.0,False
synthetic,0,50,3,conditional,xgb,-0.17516620480360356,4,0.0,False
synthetic,0,50,3,raw+pca,xgb,0.25165348422705347,4,0.0,False
synthetic,0,50,3,raw+spectral-gibbs,xgb,0.2635179210761728,4,0.0,False
synthetic,0,50,3,raw+conditional,xgb,0.18936930720238576,4,0.0,False
synthetic,0,50,4,raw,linear,0.16280952738187304,4,0.0,False
synthetic,0,50,4,raw,xgb,0.16431570034892373,4,0.0,False
synthetic,0,50,4,pca,linear,-0.014575512359228604,4,0.0,False
synthetic,0,50,4,pca,xgb,-0.17491533439538287,4,0.0,False
synthetic,0,50,4,spectral-marginal,linear,-0.014585149989059909,4,0.0,False
synthetic,0,50,4,spectral-marginal,xgb,-0.18076745488773338,4,0.0,False
synthetic,0,50,4,spectral-gibbs,linear,-0.014540715413876582,4,0.0,False
synthetic,0,50,4,spectral-gibbs,xgb,-0.19593256097427347,4,0.0,False
synthetic,0,50,4,conditional,linear,-0.01641686901950079,4,0.0,False
synthetic,0,50,4,conditional,xgb,-0.15301566376476128,4,0.0,False
synthetic,0,50,4,raw+pca,xgb,0.143066644451187,4,0.0,False
synthetic,0,50,4,raw+spectral-gibbs,xgb,0.13208967779398806,4,0.0,False
synthetic,0,50,4,raw+conditional,xgb,0.14668669211698548,4,0.0,False
synthetic,0,100,0,raw,linear,0.1689578706332131,4,0.0,False
synthetic,0,100,0,raw,xgb,0.3075754814302144,4,0.0,False
synthetic,0,100,0,pca,linear,-0.09755457739107443,4,0.0,False
synthetic,0,100,0,pca,xgb,-0.36276299254982525,4,0.0,False
synthetic,0,100,0,spectral-marginal,linear,-0.0980331836525159,4,0.0,False
synthetic,0,100,0,spectral-marginal,xgb,-0.3216585018376661,4,0.0,False
synthetic,0,100,0,spectral-gibbs,linear,-0.09855447874816603,4,0.0,False
synthetic,0,100,0,spectral-gibbs,xgb,-0.380881981555643,4,0.0,False
synthetic,0,100,0,conditional,linear,-0.0730853477082043,4,0.0,False
synthetic,0,100,0,conditional,xgb,-0.23882625791471623,4,0.0,False
synthetic,0,100,0,raw+pca,xgb,0.2898500982835094,4,0.0,False
synthetic,0,100,0,raw+spectral-gibbs,xgb,0.29669648062859566,4,0.0,False
synthetic,0,100,0,raw+conditional,xgb,0.24672825887395267,4,0.0,False
synthetic,0,100,1,raw,linear,0.36787409814951055,4,0.0,False
synthetic,0,100,1,raw,xgb,0.4248553483842442,4,0.0,False
synthetic,0,100,1,pca,linear,-0.001957079257082439,4,0.0,False
synthetic,0,100,1,pca,xgb,-0.1524919334521584,4,0.0,False
synthetic,0,100,1,spectral-marginal,linear,-0.0019369863934690645,4,0.0,False
synthetic,0,100,1,spectral-marginal,xgb,-0.21429321627997666,4,0.0,False
synthetic,0,100,1,spectral-gibbs,linear,-0.0020013329068018226,4,0.0,False
synthetic,0,100,1,spectral-gibbs,xgb,-0.24267937973588483,4,0.0,False
synthetic,0,100,1,conditional,linear,-0.002548270027169064,4,0.0,False
synthetic,0,100,1,conditional,xgb,-0.17980350974875647,4,0.0,False
synthetic,0,100,1,raw+pca,xgb,0.4208980245622751,4,0.0,False
synthetic,0,100,1,raw+spectral-gibbs,xgb,0.42301335504470106,4,0.0,False
synthetic,0,100,1,raw+conditional,xgb,0.41343848816334805,4,0.0,False
synthetic,0,100,2,raw,linear,0.1929841901221493,4,0.0,False
synthetic,0,100,2,raw,xgb,0.3842842893817102,4,0.0,False
synthetic,0,100,2,pca,linear,-0.0034042191620904383,4,0.0,False
synthetic,0,100,2,pca,xgb,-0.24401557215102554,4,0.0,False
synthetic,0,100,2,spectral-marginal,linear,-0.0033733780696312277,4,0.0,False
synthetic,0,100,2,spectral-marginal,xgb,-0.22559632831075271,4,0.0,False
synthetic,0,100,2,spectral-gibbs,linear,-0.00335052141200487,4,0.0,False
synthetic,0,100,2,spectral-gibbs,xgb,-0.333822632220625,4,0.0,False
synthetic,0,100,2,conditional,linear,-0.01179932545389395,4,0.0,False
synthetic,0,100,2,conditional,xgb,-0.1915891942837069,4,0.0,False
synthetic,0,100,2,raw+pca,xgb,0.39407270711206854,4,0.0,False
synthetic,0,100,2,raw+spectral-gibbs,xgb,0.37223327655205185,4,0.0,False
synthetic,0,100,2,raw+conditional,xgb,0.35259306635373644,4,0.0,False
synthetic,0,100,3,raw,linear,0.3249040413298643,4,0.0,False
synthetic,0,100,3,raw,xgb,0.40830440063699136,4,0.0,False
synthetic,0,100,3,pca,linear,-0.0015626466668152705,4,0.0,False
synthetic,0,100,3,pca,xgb,-0.2606248866571914,4,0.0,False
synthetic,0,100,3,spectral-marginal,linear,-0.0015316945299383988,4,0.0,False
synthetic,0,100,3,spectral-marginal,xgb,-0.2851153950846397,4,0.0,False
synthetic,0,100,3,spectral-gibbs,linear,-0.001515040997318362,4,0.0,False
synthetic,0,100,3,spectral-gibbs,xgb,-0.23236909976573883,4,0.0,False
synthetic,0,100,3,conditional,linear,-0.001375086925563096,4,0.0,False
synthetic,0,100,3,conditional,xgb,-0.17584084301825187,4,0.0,False
synthetic,0,100,3,raw+pca,xgb,0.40482041477812614,4,0.0,False
synthetic,0,100,3,raw+spectral-gibbs,xgb,0.4072362260880683,4,0.0,False
synthetic,0,100,3,raw+conditional,xgb,0.38677106590908295,4,0.0,False
synthetic,0,100,4,raw,linear,0.33207110304005205,4,0.0,False
synthetic,0,100,4,raw,xgb,0.36590100461119524,4,0.0,False
synthetic,0,100,4,pca,linear,-0.005103159360406284,4,0.0,False
synthetic,0,100,4,pca,xgb,-0.24347418248529973,4,0.0,False
synthetic,0,100,4,spectral-marginal,linear,-0.004907882084355775,4,0.0,False
synthetic,0,100,4,spectral-marginal,xgb,-0.28041675427993185,4,0.0,False
synthetic,0,100,4,spectral-gibbs,linear,-0.005239230144606699,4,0.0,False
synthetic,0,100,4,spectral-gibbs,xgb,-0.2444599607852962,4,0.0,False
synthetic,0,100,4,conditional,linear,-0.011841830006884768,4,0.0,False
synthetic,0,100,4,conditional,xgb,-0.18905483541521884,4,0.0,False
synthetic,0,100,4,raw+pca,xgb,0.3906267341913471,4,0.0,False
synthetic,0,100,4,raw+spectral-gibbs,xgb,0.3985005582308154,4,0.0,False
synthetic,0,100,4,raw+conditional,xgb,0.34301579790252135,4,0.0,False
synthetic,0,250,0,raw,linear,0.322495477049183,4,0.0,False
synthetic,0,250,0,raw,xgb,0.529738446877079,4,0.0,False
synthetic,0,250,0,pca,linear,-0.009499862674018589,4,0.0,False
synthetic,0,250,0,pca,xgb,-0.23032635933157097,4,0.0,False
synthetic,0,250,0,spectral-marginal,linear,-0.009481651218419707,4,0.0,False
synthetic,0,250,0,spectral-marginal,xgb,-0.2098941137089514,4,0.0,False
synthetic,0,250,0,spectral-gibbs,linear,-0.009417634701869071,4,0.0,False
synthetic,0,250,0,spectral-gibbs,xgb,-0.24761717929638527,4,0.0,False
synthetic,0,250,0,conditional,linear,-0.014815534655951978,4,0.0,False
synthetic,0,250,0,conditional,xgb,-0.17915321941720208,4,0.0,False
synthetic,0,250,0,raw+pca,xgb,0.5368827398739162,4,0.0,False
synthetic,0,250,0,raw+spectral-gibbs,xgb,0.5301498753735261,4,0.0,False
synthetic,0,250,0,raw+conditional,xgb,0.5438742496122498,4,0.0,False
synthetic,0,250,1,raw,linear,0.33300283061156444,4,0.0,False
synthetic,0,250,1,raw,xgb,0.5628775841090943,4,0.0,False
synthetic,0,250,1,pca,linear,-0.006587796406058555,4,0.0,False
synthetic,0,250,1,pca,xgb,-0.15553933013434396,4,0.0,False
synthetic,0,250,1,spectral-marginal,linear,-0.006685355080920274,4,0.0,False
synthetic,0,250,1,spectral-marginal,xgb,-0.17420782446410366,4,0.0,False
synthetic,0,250,1,spectral-gibbs,linear,-0.006642001581457002,4,0.0,False
synthetic,0,250,1,spectral-gibbs,xgb,-0.16136773721137065,4,0.0,False
synthetic,0,250,1,conditional,linear,-0.008323864472709275,4,0.0,False
synthetic,0,250,1,conditional,xgb,-0.13331886885632693,4,0.0,False
synthetic,0,250,1,raw+pca,xgb,0.5542325942556481,4,0.0,False
synthetic,0,250,1,raw+spectral-gibbs,xgb,0.5415641726438438,4,0.0,False
synthetic,0,250,1,raw+conditional,xgb,0.506111523466504,4,0.0,False
synthetic,0,250,2,raw,linear,0.3129046568740881,4,0.0,False
synthetic,0,250,2,raw,xgb,0.5158878286534925,4,0.0,False
synthetic,0,250,2,pca,linear,-0.027708203479051452,4,0.0,False
synthetic,0,250,2,pca,xgb,-0.25551066017018087,4,0.0,False
synthetic,0,250,2,spectral-marginal,linear,-0.026396474405369963,4,0.0,False
synthetic,0,250,2,spectral-marginal,xgb,-0.2700751447612606,4,0.0,False
synthetic,0,250,2,spectral-gibbs,linear,-0.026610637376967672,4,0.0,False
synthetic,0,250,2,spectral-gibbs,xgb,-0.2542199605651716,4,0.0,False
synthetic,0,250,2,conditional,linear,-0.10642838716517411,4,0.0,False
synthetic,0,250,2,conditional,xgb,-0.17804168458512137,4,0.0,False
synthetic,0,250,2,raw+pca,xgb,0.5133913566785886,4,0.0,False
synthetic,0,250,2,raw+spectral-gibbs,xgb,0.5339198144554784,4,0.0,False
synthetic,0,250,2,raw+conditional,xgb,0.5084788618548808,4,0.0,False
synthetic,0,250,3,raw,linear,0.2995135090512038,4,0.0,False
synthetic,0,250,3,raw,xgb,0.5170757840922384,4,0.0,False
synthetic,0,250,3,pca,linear,-0.0011288585150195374,4,0.0,False
synthetic,0,250,3,pca,xgb,-0.13590619834128947,4,0.0,False
synthetic,0,250,3,spectral-marginal,linear,-0.0011550979841516984,4,0.0,False
synthetic,0,250,3,spectral-marginal,xgb,-0.14933119143060036,4,0.0,False
synthetic,0,250,3,spectral-gibbs,linear,-0.0010866239550426648,4,0.0,False
synthetic,0,250,3,spectral-gibbs,xgb,-0.15398218235529693,4,0.0,False
synthetic,0,250,3,conditional,linear,-0.003992465588575023,4,0.0,False
synthetic,0,250,3,conditional,xgb,-0.1673899184459915,4,0.0,False
synthetic,0,250,3,raw+pca,xgb,0.47150334924723936,4,0.0,False
synthetic,0,250,3,raw+spectral-gibbs,xgb,0.48337673189727415,4,0.0,False
synthetic,0,250,3,raw+conditional,xgb,0.4572137946720132,4,0.0,False
synthetic,0,250,4,raw,linear,0.3594249608700204,4,0.0,False
synthetic,0,250,4,raw,xgb,0.5040162010963571,4,0.0,False
synthetic,0,250,4,pca,linear,-0.0011128532248423362,4,0.0,False
synthetic,0,250,4,pca,xgb,-0.12963491575672337,4,0.0,False
synthetic,0,250,4,spectral-marginal,linear,-0.0011426583842637505,4,0.0,False
synthetic,0,250,4,spectral-marginal,xgb,-0.13773510304462744,4,0.0,False
synthetic,0,250,4,spectral-gibbs,linear,-0.0011759234701649302,4,0.0,False
synthetic,0,250,4,spectral-gibbs,xgb,-0.1494995409538038,4,0.0,False
synthetic,0,250,4,conditional,linear,-0.002476672864876406,4,0.0,False
synthetic,0,250,4,conditional,xgb,-0.17261643828082085,4,0.0,False
synthetic,0,250,4,raw+pca,xgb,0.5071487927792521,4,0.0,False
synthetic,0,250,4,raw+spectral-gibbs,xgb,0.5019268665523998,4,0.0,False
synthetic,0,250,4,raw+conditional,xgb,0.4972031048312042,4,0.0,False
synthetic,0,1000,0,raw,linear,0.3900578043369778,4,0.0,False
synthetic,0,1000,0,raw,xgb,0.718419938435635,4,0.0,False
synthetic,0,1000,0,pca,linear,-0.0018864833355090038,4,0.0,False
synthetic,0,1000,0,pca,xgb,-0.06280701667244193,4,0.0,False
synthetic,0,1000,0,spectral-marginal,linear,-0.0019160573452889906,4,0.0,False
synthetic,0,1000,0,spectral-marginal,xgb,-0.06349401407815858,4,0.0,False
synthetic,0,1000,0,spectral-gibbs,linear,-0.0018697359894734866,4,0.0,False
synthetic,0,1000,0,spectral-gibbs,xgb,-0.06823150177585435,4,0.0,False
synthetic,0,1000,0,conditional,linear,0.0015022713082999406,4,0.0,False
synthetic,0,1000,0,conditional,xgb,-0.04518390483598567,4,0.0,False
synthetic,0,1000,0,raw+pca,xgb,0.7320911638947307,4,0.0,False
synthetic,0,1000,0,raw+spectral-gibbs,xgb,0.7600195933555988,4,0.0,False
synthetic,0,1000,0,raw+conditional,xgb,0.6825928433577686,4,0.0,False
synthetic,0,1000,1,raw,linear,0.397941356182583,4,0.0,False
synthetic,0,1000,1,raw,xgb,0.7264130647996303,4,0.0,False
synthetic,0,1000,1,pca,linear,-0.00101293089518939,4,0.0,False
synthetic,0,1000,1,pca,xgb,-0.05973859007760751,4,0.0,False
synthetic,0,1000,1,spectral-marginal,linear,-0.0010208508671580852,4,0.0,False
synthetic,0,1000,1,spectral-marginal,xgb,-0.046252817681741165,4,0.0,False
synthetic,0,1000,1,spectral-gibbs,linear,-0.001066780778847809,4,0.0,False
synthetic,0,1000,1,spectral-gibbs,xgb,-0.05833702657486417,4,0.0,False
synthetic,0,1000,1,conditional,linear,0.00267279512147367,4,0.0,False
synthetic,0,1000,1,conditional,xgb,-0.025365437475182606,4,0.0,False
synthetic,0,1000,1,raw+pca,xgb,0.7225161441006653,4,0.0,False
synthetic,0,1000,1,raw+spectral-gibbs,xgb,0.690472020939003,4,0.0,False
synthetic,0,1000,1,raw+conditional,xgb,0.6905919790699966,4,0.0,False
synthetic,0,1000,2,raw,linear,0.39438347992492007,4,0.0,False
synthetic,0,1000,2,raw,xgb,0.7485965836341264,4,0.0,False
synthetic,0,1000,2,pca,linear,-0.0006250764225532723,4,0.0,False
synthetic,0,1000,2,pca,xgb,-0.09630183409151649,4,0.0,False
synthetic,0,1000,2,spectral-marginal,linear,-0.0006405154941750979,4,0.0,False
synthetic,0,1000,2,spectral-marginal,xgb,-0.07728157367643584,4,0.0,False
synthetic,0,1000,2,spectral-gibbs,linear,-0.0006377938775912195,4,0.0,False
synthetic,0,1000,2,spectral-gibbs,xgb,-0.08575420373068932,4,0.0,False
synthetic,0,1000,2,conditional,linear,0.010607597886319153,4,0.0,False
synthetic,0,1000,2,conditional,xgb,-0.06758479087362201,4,0.0,False
synthetic,0,1000,2,raw+pca,xgb,0.7560538791307692,4,0.0,False
synthetic,0,1000,2,raw+spectral-gibbs,xgb,0.767203328171979,4,0.0,False
synthetic,0,1000,2,raw+conditional,xgb,0.6921333961784796,4,0.0,False
synthetic,0,1000,3,raw,linear,0.391583274703179,4,0.0,False
synthetic,0,1000,3,raw,xgb,0.7083156736724204,4,0.0,False
synthetic,0,1000,3,pca,linear,-0.001298394444395834,4,0.0,False
synthetic,0,1000,3,pca,xgb,-0.06808444576063799,4,0.0,False
synthetic,0,1000,3,spectral-marginal,linear,-0.0012279537836958898,4,0.0,False
synthetic,0,1000,3,spectral-marginal,xgb,-0.07093242061271599,4,0.0,False
synthetic,0,1000,3,spectral-gibbs,linear,-0.0012957943758207247,4,0.0,False
synthetic,0,1000,3,spectral-gibbs,xgb,-0.06695208969313549,4,0.0,False
synthetic,0,1000,3,conditional,linear,-0.0014028413381834692,4,0.0,False
synthetic,0,1000,3,conditional,xgb,-0.07005276217752865,4,0.0,False
synthetic,0,1000,3,raw+pca,xgb,0.6973079879579653,4,0.0,False
synthetic,0,1000,3,raw+spectral-gibbs,xgb,0.6943077907632087,4,0.0,False
synthetic,0,1000,3,raw+conditional,xgb,0.6685592486283863,4,0.0,False
synthetic,0,1000,4,raw,linear,0.3927020941469088,4,0.0,False
synthetic,0,1000,4,raw,xgb,0.6721484001216387,4,0.0,False
synthetic,0,1000,4,pca,linear,-0.0021874185679242597,4,0.0,False
synthetic,0,1000,4,pca,xgb,-0.04544565366395292,4,0.0,False
synthetic,0,1000,4,spectral-marginal,linear,-0.0022042225846203856,4,0.0,False
synthetic,0,1000,4,spectral-marginal,xgb,-0.0687192876213698,4,0.0,False
synthetic,0,1000,4,spectral-gibbs,linear,-0.0021986876325876814,4,0.0,False
synthetic,0,1000,4,spectral-gibbs,xgb,-0.06234097497581792,4,0.0,False
synthetic,0,1000,4,conditional,linear,0.01097983697763616,4,0.0,False
synthetic,0,1000,4,conditional,xgb,-0.04673114306852022,4,0.0,False
synthetic,0,1000,4,raw+pca,xgb,0.6531320638437939,4,0.0,False
synthetic,0,1000,4,raw+spectral-gibbs,xgb,0.6708244109185546,4,0.0,False
synthetic,0,1000,4,raw+conditional,xgb,0.6736305335547284,4,0.0,False
synthetic,1,50,0,raw,linear,0.2972699925312723,4,0.0,False
synthetic,1,50,0,raw,xgb,0.35349075410739283,4,0.0,False
synthetic,1,50,0,pca,linear,-0.031853964726727746,4,0.0,False
synthetic,1,50,0,pca,xgb,-0.30119382032747644,4,0.0,False
synthetic,1,50,0,spectral-marginal,linear,-0.031875802209104576,4,0.0,False
synthetic,1,50,0,spectral-marginal,xgb,-0.5698464553757954,4,0.0,False
synthetic,1,50,0,spectral-gibbs,linear,-0.03186181483162431,4,0.0,False
synthetic,1,50,0,spectral-gibbs,xgb,-0.509648969857512,4,0.0,False
synthetic,1,50,0,conditional,linear,-0.04069260485786508,4,0.0,False
synthetic,1,50,0,conditional,xgb,-0.1927628026450341,4,0.0,False
synthetic,1,50,0,raw+pca,xgb,0.349398064104784,4,0.0,False
synthetic,1,50,0,raw+spectral-gibbs,xgb,0.32829377015500727,4,0.0,False
synthetic,1,50,0,raw+conditional,xgb,0.34757037199791685,4,0.0,False
synthetic,1,50,1,raw,linear,0.2342692705496986,4,0.0,False
synthetic,1,50,1,raw,xgb,0.32944999278838527,4,0.0,False
synthetic,1,50,1,pca,linear,-0.05555104248023057,4,0.0,False
synthetic,1,50,1,pca,xgb,-0.29456254527441583,4,0.0,False
synthetic,1,50,1,spectral-marginal,linear,-0.05553752862385086,4,0.0,False
synthetic,1,50,1,spectral-marginal,xgb,-0.348945121991991,4,0.0,False
synthetic,1,50,1,spectral-gibbs,linear,-0.05555258526098705,4,0.0,False
synthetic,1,50,1,spectral-gibbs,xgb,-0.3179182847098039,4,0.0,False
synthetic,1,50,1,conditional,linear,-0.0584258279459855,4,0.0,False
synthetic,1,50,1,conditional,xgb,-0.18364078386321148,4,0.0,False
synthetic,1,50,1,raw+pca,xgb,0.3463549049331499,4,0.0,False
synthetic,1,50,1,raw+spectral-gibbs,xgb,0.3480426780265474,4,0.0,False
synthetic,1,50,1,raw+conditional,xgb,0.30178765917654626,4,0.0,False
synthetic,1,50,2,raw,linear,0.1682312940807188,4,0.0,False
synthetic,1,50,2,raw,xgb,0.24377941741041342,4,0.0,False
synthetic,1,50,2,pca,linear,-0.09292148923103816,4,0.0,False
synthetic,1,50,2,pca,xgb,-0.30754528617082255,4,0.0,False
synthetic,1,50,2,spectral-marginal,linear,-0.09801108808644443,4,0.0,False
synthetic,1,50,2,spectral-marginal,xgb,-0.48705446612704506,4,0.0,False
synthetic,1,50,2,spectral-gibbs,linear,-0.0966427152581324,4,0.0,False
synthetic,1,50,2,spectral-gibbs,xgb,-0.4155508428411716,4,0.0,False
synthetic,1,50,2,conditional,linear,-0.08862366893849205,4,0.0,False
synthetic,1,50,2,conditional,xgb,-0.38229316091816057,4,0.0,False
synthetic,1,50,2,raw+pca,xgb,0.23651496260854465,4,0.0,False
synthetic,1,50,2,raw+spectral-gibbs,xgb,0.2459098459610034,4,0.0,False
synthetic,1,50,2,raw+conditional,xgb,0.185162864887086,4,0.0,False
synthetic,1,50,3,raw,linear,0.1742278972817497,4,0.0,False
synthetic,1,50,3,raw,xgb,0.34020473999462186,4,0.0,False
synthetic,1,50,3,pca,linear,-0.026827802291570446,4,0.0,False
synthetic,1,50,3,pca,xgb,-0.5214569374976825,4,0.0,False
synthetic,1,50,3,spectral-marginal,linear,-0.02742310716548335,4,0.0,False
synthetic,1,50,3,spectral-marginal,xgb,-0.5012268730929266,4,0.0,False
synthetic,1,50,3,spectral-gibbs,linear,-0.027271922070541743,4,0.0,False
synthetic,1,50,3,spectral-gibbs,xgb,-0.39598207573926114,4,0.0,False
synthetic,1,50,3,conditional,linear,-0.031918426787880705,4,0.0,False
synthetic,1,50,3,conditional,xgb,-0.2957526743185408,4,0.0,False
synthetic,1,50,3,raw+pca,xgb,0.32224233563176163,4,0.0,False
synthetic,1,50,3,raw+spectral-gibbs,xgb,0.34633948312792917,4,0.0,False
synthetic,1,50,3,raw+conditional,xgb,0.3214548732401019,4,0.0,False
synthetic,1,50,4,raw,linear,0.18600076677235033,4,0.0,False
synthetic,1,50,4,raw,xgb,0.2592294607809328,4,0.0,False
synthetic,1,50,4,pca,linear,-0.041060594512663195,4,0.0,False
synthetic,1,50,4,pca,xgb,-0.9732666980893889,4,0.0,False
synthetic,1,50,4,spectral-marginal,linear,-0.09331825817241102,4,0.0,False
synthetic,1,50,4,spectral-marginal,xgb,-0.5889499245353897,4,0.0,False
synthetic,1,50,4,spectral-gibbs,linear,-0.04038354130527355,4,0.0,False
synthetic,1,50,4,spectral-gibbs,xgb,-0.7205033493182833,4,0.0,False
synthetic,1,50,4,conditional,linear,-0.03237339269724826,4,0.0,False
synthetic,1,50,4,conditional,xgb,-0.40524427433127386,4,0.0,False
synthetic,1,50,4,raw+pca,xgb,0.2528339747219984,4,0.0,False
synthetic,1,50,4,raw+spectral-gibbs,xgb,0.23758096588158695,4,0.0,False
synthetic,1,50,4,raw+conditional,xgb,0.26635828687363905,4,0.0,False
synthetic,1,100,0,raw,linear,0.2977006041492939,4,0.0,False
synthetic,1,100,0,raw,xgb,0.4482812123299097,4,0.0,False
synthetic,1,100,0,pca,linear,-0.009392615544102645,4,0.0,False
synthetic,1,100,0,pca,xgb,-0.37953168176660457,4,0.0,False
synthetic,1,100,0,spectral-marginal,linear,-0.005677964566057847,4,0.0,False
synthetic,1,100,0,spectral-marginal,xgb,-0.24640093765960858,4,0.0,False
synthetic,1,100,0,spectral-gibbs,linear,-0.005704576656695215,4,0.0,False
synthetic,1,100,0,spectral-gibbs,xgb,-0.2834536420879139,4,0.0,False
synthetic,1,100,0,conditional,linear,-0.19364829128654293,4,0.0,False
synthetic,1,100,0,conditional,xgb,-0.23565309864566486,4,0.0,False
synthetic,1,100,0,raw+pca,xgb,0.4414650403276479,4,0.0,False
synthetic,1,100,0,raw+spectral-gibbs,xgb,0.45123062157461347,4,0.0,False
synthetic,1,100,0,raw+conditional,xgb,0.42770744080822787,4,0.0,False
synthetic,1,100,1,raw,linear,0.365842113349382,4,0.0,False
synthetic,1,100,1,raw,xgb,0.40737650595407615,4,0.0,False
synthetic,1,100,1,pca,linear,-0.009725077860579745,4,0.0,False
synthetic,1,100,1,pca,xgb,-0.30966233283236133,4,0.0,False
synthetic,1,100,1,spectral-marginal,linear,-0.00974439232219515,4,0.0,False
synthetic,1,100,1,spectral-marginal,xgb,-0.18357553828825335,4,0.0,False
synthetic,1,100,1,spectral-gibbs,linear,-0.009739504226714546,4,0.0,False
synthetic,1,100,1,spectral-gibbs,xgb,-0.18548423069993292,4,0.0,False
synthetic,1,100,1,conditional,linear,-0.00981143433738807,4,0.0,False
synthetic,1,100,1,conditional,xgb,-0.20907981433037914,4,0.0,False
synthetic,1,100,1,raw+pca,xgb,0.3760520798871141,4,0.0,False
synthetic,1,100,1,raw+spectral-gibbs,xgb,0.39283985214635664,4,0.0,False
synthetic,1,100,1,raw+conditional,xgb,0.3735742166419883,4,0.0,False
synthetic,1,100,2,raw,linear,0.33333560166829224,4,0.0,False
synthetic,1,100,2,raw,xgb,0.4254659020509194,4,0.0,False
synthetic,1,100,2,pca,linear,-0.0005174703496364508,4,0.0,False
synthetic,1,100,2,pca,xgb,-0.13414484283822659,4,0.0,False
synthetic,1,100,2,spectral-marginal,linear,-0.0005359930034476434,4,0.0,False
synthetic,1,100,2,spectral-marginal,xgb,-0.16666103998259252,4,0.0,False
synthetic,1,100,2,spectral-gibbs,linear,-0.000536501728138461,4,0.0,False
synthetic,1,100,2,spectral-gibbs,xgb,-0.22286167593297734,4,0.0,False
synthetic,1,100,2,conditional,linear,-0.0084894268893827,4,0.0,False
synthetic,1,100,2,conditional,xgb,-0.11948813906023092,4,0.0,False
synthetic,1,100,2,raw+pca,xgb,0.4443614323935269,4,0.0,False
synthetic,1,100,2,raw+spectral-gibbs,xgb,0.4311280986542919,4,0.0,False
synthetic,1,100,2,raw+conditional,xgb,0.3947928856710118,4,0.0,False
synthetic,1,100,3,raw,linear,0.2906901145306151,4,0.0,False
synthetic,1,100,3,raw,xgb,0.4303087429821376,4,0.0,False
synthetic,1,100,3,pca,linear,-0.0004437466032958248,4,0.0,False
synthetic,1,100,3,pca,xgb,-0.22495009600893168,4,0.0,False
synthetic,1,100,3,spectral-marginal,linear,-0.00048244256566687405,4,0.0,False
synthetic,1,100,3,spectral-marginal,xgb,-0.26411058246656127,4,0.0,False
synthetic,1,100,3,spectral-gibbs,linear,-0.00048608164395669284,4,0.0,False
synthetic,1,100,3,spectral-gibbs,xgb,-0.24936884117951985,4,0.0,False
synthetic,1,100,3,conditional,linear,-0.004571373635697373,4,0.0,False
synthetic,1,100,3,conditional,xgb,-0.16893059413253453,4,0.0,False
synthetic,1,100,3,raw+pca,xgb,0.4519030058896796,4,0.0,False
synthetic,1,100,3,raw+spectral-gibbs,xgb,0.4460038026568335,4,0.0,False
synthetic,1,100,3,raw+conditional,xgb,0.42057843819627183,4,0.0,False
synthetic,1,100,4,raw,linear,0.18188929156200873,4,0.0,False
synthetic,1,100,4,raw,xgb,0.38093724719585864,4,0.0,False
synthetic,1,100,4,pca,linear,-0.0008494234483686913,4,0.0,False
synthetic,1,100,4,pca,xgb,-0.2361144920997451,4,0.0,False
synthetic,1,100,4,spectral-marginal,linear,-0.0008019826951410902,4,0.0,False
synthetic,1,100,4,spectral-marginal,xgb,-0.18590439577183893,4,0.0,False
synthetic,1,100,4,spectral-gibbs,linear,-0.0007957969105367724,4,0.0,False
synthetic,1,100,4,spectral-gibbs,xgb,-0.2205865120298116,4,0.0,False
synthetic,1,100,4,conditional,linear,-0.006826610199673233,4,0.0,False
synthetic,1,100,4,conditional,xgb,-0.14642799624420233,4,0.0,False
synthetic,1,100,4,raw+pca,xgb,0.34472559131657765,4,0.0,False
synthetic,1,100,4,raw+spectral-gibbs,xgb,0.36262762222780953,4,0.0,False
synthetic,1,100,4,raw+conditional,xgb,0.35238704058259684,4,0.0,False
synthetic,1,250,0,raw,linear,0.4008318080307932,4,0.0,False
synthetic,1,250,0,raw,xgb,0.5559501956912446,4,0.0,False
synthetic,1,250,0,pca,linear,-0.006939666482912665,4,0.0,False
synthetic,1,250,0,pca,xgb,-0.16019536197796436,4,0.0,False
synthetic,1,250,0,spectral-marginal,linear,-0.006846801422501603,4,0.0,False
synthetic,1,250,0,spectral-marginal,xgb,-0.2047717334362864,4,0.0,False
synthetic,1,250,0,spectral-gibbs,linear,-0.006821510877531356,4,0.0,False
synthetic,1,250,0,spectral-gibbs,xgb,-0.17516325118646225,4,0.0,False
synthetic,1,250,0,conditional,linear,-0.01237269609407865,4,0.0,False
synthetic,1,250,0,conditional,xgb,-0.14798191923817794,4,0.0,False
synthetic,1,250,0,raw+pca,xgb,0.5594968021229079,4,0.0,False
synthetic,1,250,0,raw+spectral-gibbs,xgb,0.5604420447776189,4,0.0,False
synthetic,1,250,0,raw+conditional,xgb,0.541904201079648,4,0.0,False
synthetic,1,250,1,raw,linear,0.3999842129966964,4,0.0,False
synthetic,1,250,1,raw,xgb,0.6106574948887106,4,0.0,False
synthetic,1,250,1,pca,linear,-0.010925106800415474,4,0.0,False
synthetic,1,250,1,pca,xgb,-0.19954417926923673,4,0.0,False
synthetic,1,250,1,spectral-marginal,linear,-0.0054174947685721175,4,0.0,False
synthetic,1,250,1,spectral-marginal,xgb,-0.2660210908536309,4,0.0,False
synthetic,1,250,1,spectral-gibbs,linear,-0.005483543398834501,4,0.0,False
synthetic,1,250,1,spectral-gibbs,xgb,-0.2657544154542293,4,0.0,False
synthetic,1,250,1,conditional,linear,-0.015190752191809986,4,0.0,False
synthetic,1,250,1,conditional,xgb,-0.1454784307394752,4,0.0,False
synthetic,1,250,1,raw+pca,xgb,0.6129867142721859,4,0.0,False
synthetic,1,250,1,raw+spectral-gibbs,xgb,0.5978531140406576,4,0.0,False
synthetic,1,250,1,raw+conditional,xgb,0.5780615885747467,4,0.0,False
synthetic,1,250,2,raw,linear,0.39465513128899676,4,0.0,False
synthetic,1,250,2,raw,xgb,0.5464625429983754,4,0.0,False
synthetic,1,250,2,pca,linear,-0.0025953902936863837,4,0.0,False
synthetic,1,250,2,pca,xgb,-0.16849387409604244,4,0.0,False
synthetic,1,250,2,spectral-marginal,linear,-0.002492571348909456,4,0.0,False
synthetic,1,250,2,spectral-marginal,xgb,-0.1429971559928418,4,0.0,False
synthetic,1,250,2,spectral-gibbs,linear,-0.0025900233126245897,4,0.0,False
synthetic,1,250,2,spectral-gibbs,xgb,-0.1611267544515107,4,0.0,False
synthetic,1,250,2,conditional,linear,-0.0076324589192868775,4,0.0,False
synthetic,1,250,2,conditional,xgb,-0.0944861076219079,4,0.0,False
synthetic,1,250,2,raw+pca,xgb,0.5385726296031853,4,0.0,False
synthetic,1,250,2,raw+spectral-gibbs,xgb,0.5410253382162914,4,0.0,False
synthetic,1,250,2,raw+conditional,xgb,0.5274927327437089,4,0.0,False
synthetic,1,250,3,raw,linear,0.37704267237610256,4,0.0,False
synthetic,1,250,3,raw,xgb,0.5564709870442164,4,0.0,False
synthetic,1,250,3,pca,linear,-0.00809903095290676,4,0.0,False
synthetic,1,250,3,pca,xgb,-0.26565369262563254,4,0.0,False
synthetic,1,250,3,spectral-marginal,linear,-0.007998621996890387,4,0.0,False
synthetic,1,250,3,spectral-marginal,xgb,-0.3633549679540238,4,0.0,False
synthetic,1,250,3,spectral-gibbs,linear,-0.008086667523012903,4,0.0,False
synthetic,1,250,3,spectral-gibbs,xgb,-0.2508919830591114,4,0.0,False
synthetic,1,250,3,conditional,linear,-0.013178657150891615,4,0.0,False
synthetic,1,250,3,conditional,xgb,-0.1294724388393773,4,0.0,False
synthetic,1,250,3,raw+pca,xgb,0.5732275744062278,4,0.0,False
synthetic,1,250,3,raw+spectral-gibbs,xgb,0.5601329184748087,4,0.0,False
synthetic,1,250,3,raw+conditional,xgb,0.5453738203912795,4,0.0,False
synthetic,1,250,4,raw,linear,0.4083246429562497,4,0.0,False
synthetic,1,250,4,raw,xgb,0.5751475242997928,4,0.0,False
synthetic,1,250,4,pca,linear,-0.02382662222641918,4,0.0,False
synthetic,1,250,4,pca,xgb,-0.1600301857602191,4,0.0,False
synthetic,1,250,4,spectral-marginal,linear,-0.02323936626299017,4,0.0,False
synthetic,1,250,4,spectral-marginal,xgb,-0.17212136983438975,4,0.0,False
synthetic,1,250,4,spectral-gibbs,linear,-0.023471017616126577,4,0.0,False
synthetic,1,250,4,spectral-gibbs,xgb,-0.179515241554977,4,0.0,False
synthetic,1,250,4,conditional,linear,-0.016607193246581664,4,0.0,False
synthetic,1,250,4,conditional,xgb,-0.15343356006232356,4,0.0,False
synthetic,1,250,4,raw+pca,xgb,0.5658212044739577,4,0.0,False
synthetic,1,250,4,raw+spectral-gibbs,xgb,0.5726754323481311,4,0.0,False
synthetic,1,250,4,raw+conditional,xgb,0.5503286759408504,4,0.0,False
synthetic,1,1000,0,raw,linear,0.42491551029513264,4,0.0,False
synthetic,1,1000,0,raw,xgb,0.7109027430300042,4,0.0,False
synthetic,1,1000,0,pca,linear,-0.009467427431539832,4,0.0,False
synthetic,1,1000,0,pca,xgb,-0.06384515971483329,4,0.0,False
synthetic,1,1000,0,spectral-marginal,linear,-0.009522291461349752,4,0.0,False
synthetic,1,1000,0,spectral-marginal,xgb,-0.05532680061740547,4,0.0,False
synthetic,1,1000,0,spectral-gibbs,linear,-0.009470835816025147,4,0.0,False
synthetic,1,1000,0,spectral-gibbs,xgb,-0.05475435940183848,4,0.0,False
synthetic,1,1000,0,conditional,linear,-0.011497338044307748,4,0.0,False
synthetic,1,1000,0,conditional,xgb,-0.060853315227742844,4,0.0,False
synthetic,1,1000,0,raw+pca,xgb,0.702399410480956,4,0.0,False
synthetic,1,1000,0,raw+spectral-gibbs,xgb,0.7118337608847765,4,0.0,False
synthetic,1,1000,0,raw+conditional,xgb,0.6739369783735666,4,0.0,False
synthetic,1,1000,1,raw,linear,0.41480262192751505,4,0.0,False
synthetic,1,1000,1,raw,xgb,0.724644331038341,4,0.0,False
synthetic,1,1000,1,pca,linear,-0.007715271704313409,4,0.0,False
synthetic,1,1000,1,pca,xgb,-0.08794535851542018,4,0.0,False
synthetic,1,1000,1,spectral-marginal,linear,-0.007758787637126119,4,0.0,False
synthetic,1,1000,1,spectral-marginal,xgb,-0.05513267795875243,4,0.0,False
synthetic,1,1000,1,spectral-gibbs,linear,-0.0076851743463046684,4,0.0,False
synthetic,1,1000,1,spectral-gibbs,xgb,-0.06296840713827012,4,0.0,False
synthetic,1,1000,1,conditional,linear,-0.010569758808953278,4,0.0,False
synthetic,1,1000,1,conditional,xgb,-0.05629307985390919,4,0.0,False
synthetic,1,1000,1,raw+pca,xgb,0.7187826063685416,4,0.0,False
synthetic,1,1000,1,raw+spectral-gibbs,xgb,0.7502322137166619,4,0.0,False
synthetic,1,1000,1,raw+conditional,xgb,0.7066549488504705,4,0.0,False
synthetic,1,1000,2,raw,linear,0.42441912306377005,4,0.0,False
synthetic,1,1000,2,raw,xgb,0.7539354865850252,4,0.0,False
synthetic,1,1000,2,pca,linear,-0.004057756732883666,4,0.0,False
synthetic,1,1000,2,pca,xgb,-0.07411166479477127,4,0.0,False
synthetic,1,1000,2,spectral-marginal,linear,-0.00395565760233807,4,0.0,False
synthetic,1,1000,2,spectral-marginal,xgb,-0.05915364036612836,4,0.0,False
synthetic,1,1000,2,spectral-gibbs,linear,-0.003938175470521665,4,0.0,False
synthetic,1,1000,2,spectral-gibbs,xgb,-0.05042732254160276,4,0.0,False
synthetic,1,1000,2,conditional,linear,-0.005656243062542421,4,0.0,False
synthetic,1,1000,2,conditional,xgb,-0.03756255827474275,4,0.0,False
synthetic,1,1000,2,raw+pca,xgb,0.7401812324647621,4,0.0,False
synthetic,1,1000,2,raw+spectral-gibbs,xgb,0.7331066197859464,4,0.0,False
synthetic,1,1000,2,raw+conditional,xgb,0.7168359738262713,4,0.0,False
synthetic,1,1000,3,raw,linear,0.42103470193867243,4,0.0,False
synthetic,1,1000,3,raw,xgb,0.7248501810264687,4,0.0,False
synthetic,1,1000,3,pca,linear,-0.0011298895339473258,4,0.0,False
synthetic,1,1000,3,pca,xgb,-0.07048977624804098,4,0.0,False
synthetic,1,1000,3,spectral-marginal,linear,-0.0011496046457917242,4,0.0,False
synthetic,1,1000,3,spectral-marginal,xgb,-0.07434484545733788,4,0.0,False
synthetic,1,1000,3,spectral-gibbs,linear,-0.0011006348493005635,4,0.0,False
synthetic,1,1000,3,spectral-gibbs,xgb,-0.06268401241618982,4,0.0,False
synthetic,1,1000,3,conditional,linear,0.002902020038000108,4,0.0,False
synthetic,1,1000,3,conditional,xgb,-0.0401269619822211,4,0.0,False
synthetic,1,1000,3,raw+pca,xgb,0.7288980234171476,4,0.0,False
synthetic,1,1000,3,raw+spectral-gibbs,xgb,0.7202789647275658,4,0.0,False
synthetic,1,1000,3,raw+conditional,xgb,0.6542884138902835,4,0.0,False
synthetic,1,1000,4,raw,linear,0.4303084783374359,4,0.0,False
synthetic,1,1000,4,raw,xgb,0.7300246000943992,4,0.0,False
synthetic,1,1000,4,pca,linear,-0.0030609493675766153,4,0.0,False
synthetic,1,1000,4,pca,xgb,-0.07536266153555671,4,0.0,False
synthetic,1,1000,4,spectral-marginal,linear,-0.0030517246711303514,4,0.0,False
synthetic,1,1000,4,spectral-marginal,xgb,-0.04606343657599532,4,0.0,False
synthetic,1,1000,4,spectral-gibbs,linear,-0.0030260042340306548,4,0.0,False
synthetic,1,1000,4,spectral-gibbs,xgb,-0.03829145623457175,4,0.0,False
synthetic,1,1000,4,conditional,linear,-0.0041822018863579835,4,0.0,False
synthetic,1,1000,4,conditional,xgb,-0.04211165006443518,4,0.0,False
synthetic,1,1000,4,raw+pca,xgb,0.7033034476674607,4,0.0,False
synthetic,1,1000,4,raw+spectral-gibbs,xgb,0.7237250664294332,4,0.0,False
synthetic,1,1000,4,raw+conditional,xgb,0.7047981581161218,4,0.0,False
synthetic,2,50,0,raw,linear,0.16993743100168612,4,0.0,False
synthetic,2,50,0,raw,xgb,0.3173338420996341,4,0.0,False
synthetic,2,50,0,pca,linear,-0.03373080968259479,4,0.0,False
synthetic,2,50,0,pca,xgb,-0.368704962301311,4,0.0,False
synthetic,2,50,0,spectral-marginal,linear,-0.0337192286126613,4,0.0,False
synthetic,2,50,0,spectral-marginal,xgb,-0.2632020548263745,4,0.0,False
synthetic,2,50,0,spectral-gibbs,linear,-0.03367520015112668,4,0.0,False
synthetic,2,50,0,spectral-gibbs,xgb,-0.5011052531145117,4,0.0,False
synthetic,2,50,0,conditional,linear,-0.036345785856190194,4,0.0,False
synthetic,2,50,0,conditional,xgb,-0.20380373592250645,4,0.0,False
synthetic,2,50,0,raw+pca,xgb,0.2517541860199548,4,0.0,False
synthetic,2,50,0,raw+spectral-gibbs,xgb,0.2249779154702325,4,0.0,False
synthetic,2,50,0,raw+conditional,xgb,0.17332697661744834,4,0.0,False
synthetic,2,50,1,raw,linear,0.08517274465306512,4,0.0,False
synthetic,2,50,1,raw,xgb,0.25020627725645694,4,0.0,False
synthetic,2,50,1,pca,linear,-0.04290791712327291,4,0.0,False
synthetic,2,50,1,pca,xgb,-0.3328579205350739,4,0.0,False
synthetic,2,50,1,spectral-marginal,linear,-0.04319779948288893,4,0.0,False
synthetic,2,50,1,spectral-marginal,xgb,-0.41058492079854414,4,0.0,False
synthetic,2,50,1,spectral-gibbs,linear,-0.04398613578830046,4,0.0,False
synthetic,2,50,1,spectral-gibbs,xgb,-0.47768516164977637,4,0.0,False
synthetic,2,50,1,conditional,linear,-0.9847342702128199,4,0.0,False
synthetic,2,50,1,conditional,xgb,-0.25125752482434893,4,0.0,False
synthetic,2,50,1,raw+pca,xgb,0.24628040897321712,4,0.0,False
synthetic,2,50,1,raw+spectral-gibbs,xgb,0.24945790311762328,4,0.0,False
synthetic,2,50,1,raw+conditional,xgb,0.21770497715207315,4,0.0,False
synthetic,2,50,2,raw,linear,0.2237143479939333,4,0.0,False
synthetic,2,50,2,raw,xgb,0.2940365801721314,4,0.0,False
synthetic,2,50,2,pca,linear,-0.008551632769062012,4,0.0,False
synthetic,2,50,2,pca,xgb,-0.36476310681750146,4,0.0,False
synthetic,2,50,2,spectral-marginal,linear,-0.00863272713950436,4,0.0,False
synthetic,2,50,2,spectral-marginal,xgb,-0.2526639350953219,4,0.0,False
synthetic,2,50,2,spectral-gibbs,linear,-0.00859050212035184,4,0.0,False
synthetic,2,50,2,spectral-gibbs,xgb,-0.2611723507816741,4,0.0,False
synthetic,2,50,2,conditional,linear,-0.021359237303934853,4,0.0,False
synthetic,2,50,2,conditional,xgb,-0.16288597077102018,4,0.0,False
synthetic,2,50,2,raw+pca,xgb,0.2823094830174583,4,0.0,False
synthetic,2,50,2,raw+spectral-gibbs,xgb,0.2856665128472302,4,0.0,False
synthetic,2,50,2,raw+conditional,xgb,0.2701653826990468,4,0.0,False
synthetic,2,50,3,raw,linear,0.1856433928932819,4,0.0,False
synthetic,2,50,3,raw,xgb,0.19190211235612142,4,0.0,False
synthetic,2,50,3,pca,linear,-0.006317812350321805,4,0.0,False
synthetic,2,50,3,pca,xgb,-0.16518266635268586,4,0.0,False
synthetic,2,50,3,spectral-marginal,linear,-0.0063390219739951625,4,0.0,False
synthetic,2,50,3,spectral-marginal,xgb,-0.1948394323490128,4,0.0,False
synthetic,2,50,3,spectral-gibbs,linear,-0.00640152895031787,4,0.0,False
synthetic,2,50,3,spectral-gibbs,xgb,-0.17205050704817837,4,0.0,False
synthetic,2,50,3,conditional,linear,-0.09075693556513542,4,0.0,False
synthetic,2,50,3,conditional,xgb,-0.15160306792297873,4,0.0,False
synthetic,2,50,3,raw+pca,xgb,0.1901382137072204,4,0.0,False
synthetic,2,50,3,raw+spectral-gibbs,xgb,0.19530573556924657,4,0.0,False
synthetic,2,50,3,raw+conditional,xgb,0.16634343824692743,4,0.0,False
synthetic,2,50,4,raw,linear,0.29016630607799254,4,0.0,False
synthetic,2,50,4,raw,xgb,0.3186505686524066,4,0.0,False
synthetic,2,50,4,pca,linear,-0.014008050229554092,4,0.0,False
synthetic,2,50,4,pca,xgb,-0.5899693330334244,4,0.0,False
synthetic,2,50,4,spectral-marginal,linear,-0.013975055907082368,4,0.0,False
synthetic,2,50,4,spectral-marginal,xgb,-0.4618936807049998,4,0.0,False
synthetic,2,50,4,spectral-gibbs,linear,-0.013999744495361233,4,0.0,False
synthetic,2,50,4,spectral-gibbs,xgb,-0.47354448715332453,4,0.0,False
synthetic,2,50,4,conditional,linear,-0.012216041665251476,4,0.0,False
synthetic,2,50,4,conditional,xgb,-0.25725905668602644,4,0.0,False
synthetic,2,50,4,raw+pca,xgb,0.30556512428740046,4,0.0,False
synthetic,2,50,4,raw+spectral-gibbs,xgb,0.29779802944135303,4,0.0,False
synthetic,2,50,4,raw+conditional,xgb,0.31381236107141786,4,0.0,False
synthetic,2,100,0,raw,linear,0.2239289704227826,4,0.0,False
synthetic,2,100,0,raw,xgb,0.3558109886904699,4,0.0,False
synthetic,2,100,0,pca,linear,-0.0021307207444958287,4,0.0,False
synthetic,2,100,0,pca,xgb,-0.16772656072889203,4,0.0,False
synthetic,2,100,0,spectral-marginal,linear,-0.002125270704027349,4,0.0,False
synthetic,2,100,0,spectral-marginal,xgb,-0.21808772832568768,4,0.0,False
synthetic,2,100,0,spectral-gibbs,linear,-0.0020963866642389473,4,0.0,False
synthetic,2,100,0,spectral-gibbs,xgb,-0.23059841627210442,4,0.0,False
synthetic,2,100,0,conditional,linear,0.0018309403064501462,4,0.0,False
synthetic,2,100,0,conditional,xgb,-0.11889678221530553,4,0.0,False
synthetic,2,100,0,raw+pca,xgb,0.37634316601171247,4,0.0,False
synthetic,2,100,0,raw+spectral-gibbs,xgb,0.369012373244508,4,0.0,False
synthetic,2,100,0,raw+conditional,xgb,0.3355969887553514,4,0.0,False
synthetic,2,100,1,raw,linear,0.212493617388944,4,0.0,False
synthetic,2,100,1,raw,xgb,0.24547347942973208,4,0.0,False
synthetic,2,100,1,pca,linear,-0.011990510060873039,4,0.0,False
synthetic,2,100,1,pca,xgb,-0.5084185214788175,4,0.0,False
synthetic,2,100,1,spectral-marginal,linear,-0.012037539332901748,4,0.0,False
synthetic,2,100,1,spectral-marginal,xgb,-0.4610907033323035,4,0.0,False
synthetic,2,100,1,spectral-gibbs,linear,-0.011930582934279066,4,0.0,False
synthetic,2,100,1,spectral-gibbs,xgb,-0.32033281353533805,4,0.0,False
synthetic,2,100,1,conditional,linear,-0.014281293742363088,4,0.0,False
synthetic,2,100,1,conditional,xgb,-0.26474387267221045,4,0.0,False
synthetic,2,100,1,raw+pca,xgb,0.2136704745640451,4,0.0,False
synthetic,2,100,1,raw+spectral-gibbs,xgb,0.23483348874495968,4,0.0,False
synthetic,2,100,1,raw+conditional,xgb,0.2820107539302167,4,0.0,False
synthetic,2,100,2,raw,linear,0.35771991885138765,4,0.0,False
synthetic,2,100,2,raw,xgb,0.46464037823685134,4,0.0,False
synthetic,2,100,2,pca,linear,-0.0018311423582539899,4,0.0,False
synthetic,2,100,2,pca,xgb,-0.24637794088169462,4,0.0,False
synthetic,2,100,2,spectral-marginal,linear,-0.002208327204609839,4,0.0,False
synthetic,2,100,2,spectral-marginal,xgb,-0.30288032590366587,4,0.0,False
synthetic,2,100,2,spectral-gibbs,linear,-0.002024673590016901,4,0.0,False
synthetic,2,100,2,spectral-gibbs,xgb,-0.29540589284679064,4,0.0,False
synthetic,2,100,2,conditional,linear,-0.006098478525576878,4,0.0,False
synthetic,2,100,2,conditional,xgb,-0.23200150293890087,4,0.0,False
synthetic,2,100,2,raw+pca,xgb,0.44359189142059396,4,0.0,False
synthetic,2,100,2,raw+spectral-gibbs,xgb,0.4468292956106775,4,0.0,False
synthetic,2,100,2,raw+conditional,xgb,0.4398435983324588,4,0.0,False
synthetic,2,100,3,raw,linear,0.2874567105085484,4,0.0,False
synthetic,2,100,3,raw,xgb,0.3936256897181837,4,0.0,False
synthetic,2,100,3,pca,linear,-0.0010241869179299368,4,0.0,False
synthetic,2,100,3,pca,xgb,-0.22946650622646048,4,0.0,False
synthetic,2,100,3,spectral-marginal,linear,-0.0010360062717071905,4,0.0,False
synthetic,2,100,3,spectral-marginal,xgb,-0.2652383941458525,4,0.0,False
synthetic,2,100,3,spectral-gibbs,linear,-0.0009980864117831167,4,0.0,False
synthetic,2,100,3,spectral-gibbs,xgb,-0.2637637957274943,4,0.0,False
synthetic,2,100,3,conditional,linear,0.003421555776526808,4,0.0,False
synthetic,2,100,3,conditional,xgb,-0.12628348721015348,4,0.0,False
synthetic,2,100,3,raw+pca,xgb,0.3838098513687439,4,0.0,False
synthetic,2,100,3,raw+spectral-gibbs,xgb,0.3856767055898318,4,0.0,False
synthetic,2,100,3,raw+conditional,xgb,0.35086490154015837,4,0.0,False
synthetic,2,100,4,raw,linear,0.3016269116072866,4,0.0,False
synthetic,2,100,4,raw,xgb,0.3725631520524474,4,0.0,False
synthetic,2,100,4,pca,linear,-0.00013323441740009656,4,0.0,False
synthetic,2,100,4,pca,xgb,-0.2725904354938795,4,0.0,False
synthetic,2,100,4,spectral-marginal,linear,-1.445841043601348e-05,4,0.0,False
synthetic,2,100,4,spectral-marginal,xgb,-0.2728474367243914,4,0.0,False
synthetic,2,100,4,spectral-gibbs,linear,0.0001550781356538522,4,0.0,False
synthetic,2,100,4,spectral-gibbs,xgb,-0.1943943144407172,4,0.0,False
synthetic,2,100,4,conditional,linear,0.0023272532954025094,4,0.0,False
synthetic,2,100,4,conditional,xgb,-0.1299206418559089,4,0.0,False
synthetic,2,100,4,raw+pca,xgb,0.3818456884553505,4,0.0,False
synthetic,2,100,4,raw+spectral-gibbs,xgb,0.37389353310494,4,0.0,False
synthetic,2,100,4,raw+conditional,xgb,0.32735495912193924,4,0.0,False
synthetic,2,250,0,raw,linear,0.310558793051505,4,0.0,False
synthetic,2,250,0,raw,xgb,0.4024588901821754,4,0.0,False
synthetic,2,250,0,pca,linear,-0.018175406705910335,4,0.0,False
synthetic,2,250,0,pca,xgb,-0.2486180523174668,4,0.0,False
synthetic,2,250,0,spectral-marginal,linear,-0.01818765564509195,4,0.0,False
synthetic,2,250,0,spectral-marginal,xgb,-0.2052167221506549,4,0.0,False
synthetic,2,250,0,spectral-gibbs,linear,-0.01804543151900928,4,0.0,False
synthetic,2,250,0,spectral-gibbs,xgb,-0.26976699789699277,4,0.0,False
synthetic,2,250,0,conditional,linear,-0.018899569009172668,4,0.0,False
synthetic,2,250,0,conditional,xgb,-0.21416159316044414,4,0.0,False
synthetic,2,250,0,raw+pca,xgb,0.42445800741213113,4,0.0,False
synthetic,2,250,0,raw+spectral-gibbs,xgb,0.4090887508647265,4,0.0,False
synthetic,2,250,0,raw+conditional,xgb,0.4257887573846971,4,0.0,False
synthetic,2,250,1,raw,linear,0.3557200804155566,4,0.0,False
synthetic,2,250,1,raw,xgb,0.59874603963441,4,0.0,False
synthetic,2,250,1,pca,linear,-0.024903313321148257,4,0.0,False
synthetic,2,250,1,pca,xgb,-0.1579795794681964,4,0.0,False
synthetic,2,250,1,spectral-marginal,linear,-0.02493915003166136,4,0.0,False
synthetic,2,250,1,spectral-marginal,xgb,-0.15941260731442775,4,0.0,False
synthetic,2,250,1,spectral-gibbs,linear,-0.024840059923080915,4,0.0,False
synthetic,2,250,1,spectral-gibbs,xgb,-0.16308265071099703,4,0.0,False
synthetic,2,250,1,conditional,linear,-0.021804493994435292,4,0.0,False
synthetic,2,250,1,conditional,xgb,-0.10229487316465868,4,0.0,False
synthetic,2,250,1,raw+pca,xgb,0.5911069510365621,4,0.0,False
synthetic,2,250,1,raw+spectral-gibbs,xgb,0.6112399356354368,4,0.0,False
synthetic,2,250,1,raw+conditional,xgb,0.5869770960487624,4,0.0,False
synthetic,2,250,2,raw,linear,0.35463269786011486,4,0.0,False
synthetic,2,250,2,raw,xgb,0.532237687684797,4,0.0,False
synthetic,2,250,2,pca,linear,-0.0017504684323210729,4,0.0,False
synthetic,2,250,2,pca,xgb,-0.1702461965904385,4,0.0,False
synthetic,2,250,2,spectral-marginal,linear,-0.0017962186880196018,4,0.0,False
synthetic,2,250,2,spectral-marginal,xgb,-0.18863315585709994,4,0.0,False
synthetic,2,250,2,spectral-gibbs,linear,-0.001683023097969194,4,0.0,False
synthetic,2,250,2,spectral-gibbs,xgb,-0.18931860491595964,4,0.0,False
synthetic,2,250,2,conditional,linear,0.005608884218269106,4,0.0,False
synthetic,2,250,2,conditional,xgb,-0.10995441897501301,4,0.0,False
synthetic,2,250,2,raw+pca,xgb,0.5465064450739278,4,0.0,False
synthetic,2,250,2,raw+spectral-gibbs,xgb,0.5336972969597724,4,0.0,False
synthetic,2,250,2,raw+conditional,xgb,0.5062703159571988,4,0.0,False
synthetic,2,250,3,raw,linear,0.34453346743203284,4,0.0,False
synthetic,2,250,3,raw,xgb,0.5082488439273177,4,0.0,False
synthetic,2,250,3,pca,linear,-0.05090926574075172,4,0.0,False
synthetic,2,250,3,pca,xgb,-0.239240747306815,4,0.0,False
synthetic,2,250,3,spectral-marginal,linear,-0.05033834551617877,4,0.0,False
synthetic,2,250,3,spectral-marginal,xgb,-0.2437803543556636,4,0.0,False
synthetic,2,250,3,spectral-gibbs,linear,-0.050722184162746986,4,0.0,False
synthetic,2,250,3,spectral-gibbs,xgb,-0.26145912123319914,4,0.0,False
synthetic,2,250,3,conditional,linear,-0.03626529583517879,4,0.0,False
synthetic,2,250,3,conditional,xgb,-0.15351292042408748,4,0.0,False
synthetic,2,250,3,raw+pca,xgb,0.5140318147631706,4,0.0,False
synthetic,2,250,3,raw+spectral-gibbs,xgb,0.5135384770956253,4,0.0,False
synthetic,2,250,3,raw+conditional,xgb,0.4875958254343242,4,0.0,False
synthetic,2,250,4,raw,linear,0.3138705101406989,4,0.0,False
synthetic,2,250,4,raw,xgb,0.5362946625004733,4,0.0,False
synthetic,2,250,4,pca,linear,-0.003172676060238855,4,0.0,False
synthetic,2,250,4,pca,xgb,-0.1857816664576517,4,0.0,False
synthetic,2,250,4,spectral-marginal,linear,-0.003096304512565151,4,0.0,False
synthetic,2,250,4,spectral-marginal,xgb,-0.18927324883295937,4,0.0,False
synthetic,2,250,4,spectral-gibbs,linear,-0.0032295705593246016,4,0.0,False
synthetic,2,250,4,spectral-gibbs,xgb,-0.18567933960867355,4,0.0,False
synthetic,2,250,4,conditional,linear,-0.009704240261751318,4,0.0,False
synthetic,2,250,4,conditional,xgb,-0.16459617494662293,4,0.0,False
synthetic,2,250,4,raw+pca,xgb,0.5642727795387681,4,0.0,False
synthetic,2,250,4,raw+spectral-gibbs,xgb,0.55408306631706,4,0.0,False
synthetic,2,250,4,raw+conditional,xgb,0.4931987499759003,4,0.0,False
synthetic,2,1000,0,raw,linear,0.4022460914161482,4,0.0,False
synthetic,2,1000,0,raw,xgb,0.7014812909380073,4,0.0,False
synthetic,2,1000,0,pca,linear,-0.0016349817009118084,4,0.0,False
synthetic,2,1000,0,pca,xgb,-0.05745187369626148,4,0.0,False
synthetic,2,1000,0,spectral-marginal,linear,-0.0016197776531423624,4,0.0,False
synthetic,2,1000,0,spectral-marginal,xgb,-0.058138923365453454,4,0.0,False
synthetic,2,1000,0,spectral-gibbs,linear,-0.0015717284947884824,4,0.0,False
synthetic,2,1000,0,spectral-gibbs,xgb,-0.056700630542193986,4,0.0,False
synthetic,2,1000,0,conditional,linear,0.006059894308349856,4,0.0,False
synthetic,2,1000,0,conditional,xgb,-0.0247978543152525,4,0.0,False
synthetic,2,1000,0,raw+pca,xgb,0.684855476888746,4,0.0,False
synthetic,2,1000,0,raw+spectral-gibbs,xgb,0.7127955436576587,4,0.0,False
synthetic,2,1000,0,raw+conditional,xgb,0.6575812279451585,4,0.0,False
synthetic,2,1000,1,raw,linear,0.38316414978843505,4,0.0,False
synthetic,2,1000,1,raw,xgb,0.7122816644716032,4,0.0,False
synthetic,2,1000,1,pca,linear,-0.011114606799478732,4,0.0,False
synthetic,2,1000,1,pca,xgb,-0.0747653337816756,4,0.0,False
synthetic,2,1000,1,spectral-marginal,linear,-0.011072911740731328,4,0.0,False
synthetic,2,1000,1,spectral-marginal,xgb,-0.09688836585693394,4,0.0,False
synthetic,2,1000,1,spectral-gibbs,linear,-0.0109916361689546,4,0.0,False
synthetic,2,1000,1,spectral-gibbs,xgb,-0.0647303118271445,4,0.0,False
synthetic,2,1000,1,conditional,linear,-0.011292054075711322,4,0.0,False
synthetic,2,1000,1,conditional,xgb,-0.049457159365928316,4,0.0,False
synthetic,2,1000,1,raw+pca,xgb,0.7165521954511627,4,0.0,False
synthetic,2,1000,1,raw+spectral-gibbs,xgb,0.708228101978355,4,0.0,False
synthetic,2,1000,1,raw+conditional,xgb,0.6782223252820683,4,0.0,False
synthetic,2,1000,2,raw,linear,0.39363736176854425,4,0.0,False
synthetic,2,1000,2,raw,xgb,0.6812669832202897,4,0.0,False
synthetic,2,1000,2,pca,linear,-0.003272841366012136,4,0.0,False
synthetic,2,1000,2,pca,xgb,-0.08201254118040202,4,0.0,False
synthetic,2,1000,2,spectral-marginal,linear,-0.0032783423292954694,4,0.0,False
synthetic,2,1000,2,spectral-marginal,xgb,-0.06248940351690102,4,0.0,False
synthetic,2,1000,2,spectral-gibbs,linear,-0.0032795566998780057,4,0.0,False
synthetic,2,1000,2,spectral-gibbs,xgb,-0.07366620709915916,4,0.0,False
synthetic,2,1000,2,conditional,linear,0.005359670397926064,4,0.0,False
synthetic,2,1000,2,conditional,xgb,-0.037962114034445715,4,0.0,False
synthetic,2,1000,2,raw+pca,xgb,0.6804185639910838,4,0.0,False
synthetic,2,1000,2,raw+spectral-gibbs,xgb,0.7036884664165024,4,0.0,False
synthetic,2,1000,2,raw+conditional,xgb,0.6708804557028945,4,0.0,False
synthetic,2,1000,3,raw,linear,0.39527188095685506,4,0.0,False
synthetic,2,1000,3,raw,xgb,0.6856364640100846,4,0.0,False
synthetic,2,1000,3,pca,linear,-0.0009562670787337524,4,0.0,False
synthetic,2,1000,3,pca,xgb,-0.051669246639364896,4,0.0,False
synthetic,2,1000,3,spectral-marginal,linear,-0.0009261759402761083,4,0.0,False
synthetic,2,1000,3,spectral-marginal,xgb,-0.05629108000810956,4,0.0,False
synthetic,2,1000,3,spectral-gibbs,linear,-0.0008244794916958398,4,0.0,False
synthetic,2,1000,3,spectral-gibbs,xgb,-0.05918100814734517,4,0.0,False
synthetic,2,1000,3,conditional,linear,0.011318242982599314,4,0.0,False
synthetic,2,1000,3,conditional,xgb,-0.010458002448836545,4,0.0,False
synthetic,2,1000,3,raw+pca,xgb,0.6945400363175054,4,0.0,False
synthetic,2,1000,3,raw+spectral-gibbs,xgb,0.6910293085070469,4,0.0,False
synthetic,2,1000,3,raw+conditional,xgb,0.6812707634305508,4,0.0,False
synthetic,2,1000,4,raw,linear,0.4007026948921404,4,0.0,False
synthetic,2,1000,4,raw,xgb,0.6860109336322242,4,0.0,False
synthetic,2,1000,4,pca,linear,-0.0044992856564749495,4,0.0,False
synthetic,2,1000,4,pca,xgb,-0.08449954696317774,4,0.0,False
synthetic,2,1000,4,spectral-marginal,linear,-0.004507148930168681,4,0.0,False
synthetic,2,1000,4,spectral-marginal,xgb,-0.07371110527143654,4,0.0,False
synthetic,2,1000,4,spectral-gibbs,linear,-0.004292728662449008,4,0.0,False
synthetic,2,1000,4,spectral-gibbs,xgb,-0.05225554106330499,4,0.0,False
synthetic,2,1000,4,conditional,linear,-0.0021557224100938743,4,0.0,False
synthetic,2,1000,4,conditional,xgb,-0.04799494598642329,4,0.0,False
synthetic,2,1000,4,raw+pca,xgb,0.6636733617038332,4,0.0,False
synthetic,2,1000,4,raw+spectral-gibbs,xgb,0.6661305478886678,4,0.0,False
synthetic,2,1000,4,raw+conditional,xgb,0.6614185097252935,4,0.0,False
synthetic,0,50,0,raw,linear,0.14152444044442836,4,0.0,True
synthetic,0,50,0,raw,xgb,0.2538724063946304,4,0.0,True
synthetic,0,50,0,pca,linear,-0.03989750136032,4,0.0,True
synthetic,0,50,0,pca,xgb,-0.2773806883960548,4,0.0,True
synthetic,0,50,0,spectral-marginal,linear,-0.037617143373817497,4,0.0,True
synthetic,0,50,0,spectral-marginal,xgb,-0.2177053679637979,4,0.0,True
synthetic,0,50,0,spectral-gibbs,linear,-0.03951730416910615,4,0.0,True
synthetic,0,50,0,spectral-gibbs,xgb,-0.2938242364593786,4,0.0,True
synthetic,0,50,0,conditional,linear,-0.008896904731306998,4,0.0,True
synthetic,0,50,0,conditional,xgb,-0.1570188681842868,4,0.0,True
synthetic,0,50,0,raw+pca,xgb,0.24932991067747712,4,0.0,True
synthetic,0,50,0,raw+spectral-gibbs,xgb,0.24754618891534608,4,0.0,True
synthetic,0,50,0,raw+conditional,xgb,0.18268901432294593,4,0.0,True
synthetic,0,50,1,raw,linear,0.22784749931147785,4,0.0,True
synthetic,0,50,1,raw,xgb,0.31319937538470066,4,0.0,True
synthetic,0,50,1,pca,linear,-0.006810162938609032,4,0.0,True
synthetic,0,50,1,pca,xgb,-0.24054227151895913,4,0.0,True
synthetic,0,50,1,spectral-marginal,linear,-0.006975814080164344,4,0.0,True
synthetic,0,50,1,spectral-marginal,xgb,-0.30190570942371653,4,0.0,True
synthetic,0,50,1,spectral-gibbs,linear,-0.00698589163611163,4,0.0,True
synthetic,0,50,1,spectral-gibbs,xgb,-0.3184054348495666,4,0.0,True
synthetic,0,50,1,conditional,linear,-0.009540738579110197,4,0.0,True
synthetic,0,50,1,conditional,xgb,-0.16285385119499196,4,0.0,True
synthetic,0,50,1,raw+pca,xgb,0.32731086664338305,4,0.0,True
synthetic,0,50,1,raw+spectral-gibbs,xgb,0.3306850659107522,4,0.0,True
synthetic,0,50,1,raw+conditional,xgb,0.29984190136491007,4,0.0,True
synthetic,0,50,2,raw,linear,0.24860266938836606,4,0.0,True
synthetic,0,50,2,raw,xgb,0.3769543834945296,4,0.0,True
synthetic,0,50,2,pca,linear,-0.0272582776725514,4,0.0,True
synthetic,0,50,2,pca,xgb,-0.2719714069814021,4,0.0,True
synthetic,0,50,2,spectral-marginal,linear,-0.027288780185901196,4,0.0,True
synthetic,0,50,2,spectral-marginal,xgb,-0.26493923992022594,4,0.0,True
synthetic,0,50,2,spectral-gibbs,linear,-0.02734080761161506,4,0.0,True
synthetic,0,50,2,spectral-gibbs,xgb,-0.2126701633656065,4,0.0,True
synthetic,0,50,2,conditional,linear,-0.024164070881592448,4,0.0,True
synthetic,0,50,2,conditional,xgb,-0.17731337575061223,4,0.0,True
synthetic,0,50,2,raw+pca,xgb,0.37368119225786967,4,0.0,True
synthetic,0,50,2,raw+spectral-gibbs,xgb,0.37351825664298155,4,0.0,True
synthetic,0,50,2,raw+conditional,xgb,0.3525104731611035,4,0.0,True
synthetic,0,50,3,raw,linear,0.2717951625537227,4,0.0,True
synthetic,0,50,3,raw,xgb,0.2586077542791514,4,0.0,True
synthetic,0,50,3,pca,linear,-0.0013666900222710776,4,0.0,True
synthetic,0,50,3,pca,xgb,-0.27284727840534373,4,0.0,True
synthetic,0,50,3,spectral-marginal,linear,-0.0014077114370683041,4,0.0,True
synthetic,0,50,3,spectral-marginal,xgb,-0.2937499645358783,4,0.0,True
synthetic,0,50,3,spectral-gibbs,linear,-0.001437481507899463,4,0.0,True
synthetic,0,50,3,spectral-gibbs,xgb,-0.27646783564617095,4,0.0,True
synthetic,0,50,3,conditional,linear,-0.004662711159319377,4,0.0,True
synthetic,0,50,3,conditional,xgb,-0.1734453711503421,4,0.0,True
synthetic,0,50,3,raw+pca,xgb,0.22531394547992467,4,0.0,True
synthetic,0,50,3,raw+spectral-gibbs,xgb,0.24784527112849442,4,0.0,True
synthetic,0,50,3,raw+conditional,xgb,0.22637698436752374,4,0.0,True
synthetic,0,50,4,raw,linear,0.09212133989588778,4,0.0,True
synthetic,0,50,4,raw,xgb,0.19013890606561834,4,0.0,True
synthetic,0,50,4,pca,linear,-0.014673435911414234,4,0.0,True
synthetic,0,50,4,pca,xgb,-0.21165231511217852,4,0.0,True
synthetic,0,50,4,spectral-marginal,linear,-0.014699712032726797,4,0.0,True
synthetic,0,50,4,spectral-marginal,xgb,-0.14795733992585247,4,0.0,True
synthetic,0,50,4,spectral-gibbs,linear,-0.014696436550144076,4,0.0,True
synthetic,0,50,4,spectral-gibbs,xgb,-0.16034490595154272,4,0.0,True
synthetic,0,50,4,conditional,linear,-0.016125448306822276,4,0.0,True
synthetic,0,50,4,conditional,xgb,-0.12759326619804057,4,0.0,True
synthetic,0,50,4,raw+pca,xgb,0.19041831344956983,4,0.0,True
synthetic,0,50,4,raw+spectral-gibbs,xgb,0.17318883270403784,4,0.0,True
synthetic,0,50,4,raw+conditional,xgb,0.19561202459514992,4,0.0,True
synthetic,0,100,0,raw,linear,0.15680512624051202,4,0.0,True
synthetic,0,100,0,raw,xgb,0.28939602477419546,4,0.0,True
synthetic,0,100,0,pca,linear,-0.09677078493526348,4,0.0,True
synthetic,0,100,0,pca,xgb,-0.4844788151528012,4,0.0,True
synthetic,0,100,0,spectral-marginal,linear,-0.1022190861053347,4,0.0,True
synthetic,0,100,0,spectral-marginal,xgb,-0.38951091023958306,4,0.0,True
synthetic,0,100,0,spectral-gibbs,linear,-0.10217597607494433,4,0.0,True
synthetic,0,100,0,spectral-gibbs,xgb,-0.40097858720717405,4,0.0,True
synthetic,0,100,0,conditional,linear,-0.0654940083121609,4,0.0,True
synthetic,0,100,0,conditional,xgb,-0.23066778681711497,4,0.0,True
synthetic,0,100,0,raw+pca,xgb,0.28746671561620174,4,0.0,True
synthetic,0,100,0,raw+spectral-gibbs,xgb,0.27484588522183007,4,0.0,True
synthetic,0,100,0,raw+conditional,xgb,0.2523174076664386,4,0.0,True
synthetic,0,100,1,raw,linear,0.34387551871024147,4,0.0,True
synthetic,0,100,1,raw,xgb,0.4256806880663425,4,0.0,True
synthetic,0,100,1,pca,linear,-0.0021503261588253775,4,0.0,True
synthetic,0,100,1,pca,xgb,-0.23838612071945908,4,0.0,True
synthetic,0,100,1,spectral-marginal,linear,-0.0020509055527009323,4,0.0,True
synthetic,0,100,1,spectral-marginal,xgb,-0.19225182221691317,4,0.0,True
synthetic,0,100,1,spectral-gibbs,linear,-0.002036206908560656,4,0.0,True
synthetic,0,100,1,spectral-gibbs,xgb,-0.16018094888236312,4,0.0,True
synthetic,0,100,1,conditional,linear,-0.002033527632982368,4,0.0,True
synthetic,0,100,1,conditional,xgb,-0.12616195250166173,4,0.0,True
synthetic,0,100,1,raw+pca,xgb,0.4008569236494184,4,0.0,True
synthetic,0,100,1,raw+spectral-gibbs,xgb,0.41993198396871,4,0.0,True
synthetic,0,100,1,raw+conditional,xgb,0.39632049807619774,4,0.0,True
synthetic,0,100,2,raw,linear,0.14917733955705836,4,0.0,True
synthetic,0,100,2,raw,xgb,0.30577165453211164,4,0.0,True
synthetic,0,100,2,pca,linear,-0.0029069641844443606,4,0.0,True
synthetic,0,100,2,pca,xgb,-0.32971000888840374,4,0.0,True
synthetic,0,100,2,spectral-marginal,linear,-0.0031070166810533983,4,0.0,True
synthetic,0,100,2,spectral-marginal,xgb,-0.25393240287697827,4,0.0,True
synthetic,0,100,2,spectral-gibbs,linear,-0.0031181557749750954,4,0.0,True
synthetic,0,100,2,spectral-gibbs,xgb,-0.2647573256516873,4,0.0,True
synthetic,0,100,2,conditional,linear,-0.005732377070147177,4,0.0,True
synthetic,0,100,2,conditional,xgb,-0.10980125377914596,4,0.0,True
synthetic,0,100,2,raw+pca,xgb,0.3249857615376449,4,0.0,True
synthetic,0,100,2,raw+spectral-gibbs,xgb,0.3053944448783583,4,0.0,True
synthetic,0,100,2,raw+conditional,xgb,0.3116342316614471,4,0.0,True
synthetic,0,100,3,raw,linear,0.27479250122606425,4,0.0,True
synthetic,0,100,3,raw,xgb,0.4021972537904489,4,0.0,True
synthetic,0,100,3,pca,linear,-0.0014070402728076914,4,0.0,True
synthetic,0,100,3,pca,xgb,-0.22864725078020443,4,0.0,True
synthetic,0,100,3,spectral-marginal,linear,-0.0014954042227981468,4,0.0,True
synthetic,0,100,3,spectral-marginal,xgb,-0.2281471571743272,4,0.0,True
synthetic,0,100,3,spectral-gibbs,linear,-0.0015016816812940537,4,0.0,True
synthetic,0,100,3,spectral-gibbs,xgb,-0.30070102402042065,4,0.0,True
synthetic,0,100,3,conditional,linear,0.0026112769142333514,4,0.0,True
synthetic,0,100,3,conditional,xgb,-0.15187647103145796,4,0.0,True
synthetic,0,100,3,raw+pca,xgb,0.40415642289248177,4,0.0,True
synthetic,0,100,3,raw+spectral-gibbs,xgb,0.4269197214474957,4,0.0,True
synthetic,0,100,3,raw+conditional,xgb,0.4004072918458257,4,0.0,True
synthetic,0,100,4,raw,linear,0.28258998732282037,4,0.0,True
synthetic,0,100,4,raw,xgb,0.35862699032632384,4,0.0,True
synthetic,0,100,4,pca,linear,-0.003852348803646155,4,0.0,True
synthetic,0,100,4,pca,xgb,-0.2683430284845856,4,0.0,True
synthetic,0,100,4,spectral-marginal,linear,-0.0038015759888605505,4,0.0,True
synthetic,0,100,4,spectral-marginal,xgb,-0.2700721604088332,4,0.0,True
synthetic,0,100,4,spectral-gibbs,linear,-0.004181865853096323,4,0.0,True
synthetic,0,100,4,spectral-gibbs,xgb,-0.24887625905380317,4,0.0,True
synthetic,0,100,4,conditional,linear,-0.0034340394836471777,4,0.0,True
synthetic,0,100,4,conditional,xgb,-0.16026529100795606,4,0.0,True
synthetic,0,100,4,raw+pca,xgb,0.34137132280030613,4,0.0,True
synthetic,0,100,4,raw+spectral-gibbs,xgb,0.33837449859803026,4,0.0,True
synthetic,0,100,4,raw+conditional,xgb,0.3467593723492717,4,0.0,True
synthetic,0,250,0,raw,linear,0.30999981390929576,4,0.0,True
synthetic,0,250,0,raw,xgb,0.5400955370591201,4,0.0,True
synthetic,0,250,0,pca,linear,-0.009519790268148975,4,0.0,True
synthetic,0,250,0,pca,xgb,-0.21569782017533923,4,0.0,True
synthetic,0,250,0,spectral-marginal,linear,-0.009368358620038597,4,0.0,True
synthetic,0,250,0,spectral-marginal,xgb,-0.16680699251415665,4,0.0,True
synthetic,0,250,0,spectral-gibbs,linear,-0.009215005359554773,4,0.0,True
synthetic,0,250,0,spectral-gibbs,xgb,-0.1283963164573434,4,0.0,True
synthetic,0,250,0,conditional,linear,-0.014493454713073062,4,0.0,True
synthetic,0,250,0,conditional,xgb,-0.11056892569032062,4,0.0,True
synthetic,0,250,0,raw+pca,xgb,0.4997917612645171,4,0.0,True
synthetic,0,250,0,raw+spectral-gibbs,xgb,0.507816293751394,4,0.0,True
synthetic,0,250,0,raw+conditional,xgb,0.5304445955989266,4,0.0,True
synthetic,0,250,1,raw,linear,0.33177827272295524,4,0.0,True
synthetic,0,250,1,raw,xgb,0.5404795345393425,4,0.0,True
synthetic,0,250,1,pca,linear,-0.006694875676698686,4,0.0,True
synthetic,0,250,1,pca,xgb,-0.13931433679700067,4,0.0,True
synthetic,0,250,1,spectral-marginal,linear,-0.0067846857016204964,4,0.0,True
synthetic,0,250,1,spectral-marginal,xgb,-0.1559136252290989,4,0.0,True
synthetic,0,250,1,spectral-gibbs,linear,-0.0066788289294752445,4,0.0,True
synthetic,0,250,1,spectral-gibbs,xgb,-0.16272364958654517,4,0.0,True
synthetic,0,250,1,conditional,linear,-0.004502614375611946,4,0.0,True
synthetic,0,250,1,conditional,xgb,-0.09480734861183171,4,0.0,True
synthetic,0,250,1,raw+pca,xgb,0.5470089615569811,4,0.0,True
synthetic,0,250,1,raw+spectral-gibbs,xgb,0.5577147832880072,4,0.0,True
synthetic,0,250,1,raw+conditional,xgb,0.5117725026279726,4,0.0,True
synthetic,0,250,2,raw,linear,0.3287605340694407,4,0.0,True
synthetic,0,250,2,raw,xgb,0.5373711498575114,4,0.0,True
synthetic,0,250,2,pca,linear,-0.022220375096530187,4,0.0,True
synthetic,0,250,2,pca,xgb,-0.14717654781813216,4,0.0,True
synthetic,0,250,2,spectral-marginal,linear,-0.017338943599159773,4,0.0,True
synthetic,0,250,2,spectral-marginal,xgb,-0.1570571339078657,4,0.0,True
synthetic,0,250,2,spectral-gibbs,linear,-0.015848043580355853,4,0.0,True
synthetic,0,250,2,spectral-gibbs,xgb,-0.20263421997062525,4,0.0,True
synthetic,0,250,2,conditional,linear,-0.02085056413617803,4,0.0,True
synthetic,0,250,2,conditional,xgb,-0.11808496974905802,4,0.0,True
synthetic,0,250,2,raw+pca,xgb,0.5331818804374702,4,0.0,True
synthetic,0,250,2,raw+spectral-gibbs,xgb,0.5238230287505115,4,0.0,True
synthetic,0,250,2,raw+conditional,xgb,0.5174027131825845,4,0.0,True
synthetic,0,250,3,raw,linear,0.2814348257862741,4,0.0,True
synthetic,0,250,3,raw,xgb,0.48398380524080187,4,0.0,True
synthetic,0,250,3,pca,linear,-0.0014805654166492044,4,0.0,True
synthetic,0,250,3,pca,xgb,-0.14483487491344582,4,0.0,True
synthetic,0,250,3,spectral-marginal,linear,-0.0016297437555949923,4,0.0,True
synthetic,0,250,3,spectral-marginal,xgb,-0.17169002415060497,4,0.0,True
synthetic,0,250,3,spectral-gibbs,linear,-0.005790073018483,4,0.0,True
synthetic,0,250,3,spectral-gibbs,xgb,-0.163331491977033,4,0.0,True
synthetic,0,250,3,conditional,linear,-0.005209128306056909,4,0.0,True
synthetic,0,250,3,conditional,xgb,-0.13876001650823344,4,0.0,True
synthetic,0,250,3,raw+pca,xgb,0.48449833602001846,4,0.0,True
synthetic,0,250,3,raw+spectral-gibbs,xgb,0.47429189431530105,4,0.0,True
synthetic,0,250,3,raw+conditional,xgb,0.4795632489184637,4,0.0,True
synthetic,0,250,4,raw,linear,0.3648983665698897,4,0.0,True
synthetic,0,250,4,raw,xgb,0.5230841919689493,4,0.0,True
synthetic,0,250,4,pca,linear,-0.0009205451682317012,4,0.0,True
synthetic,0,250,4,pca,xgb,-0.12296005086821538,4,0.0,True
synthetic,0,250,4,spectral-marginal,linear,-0.0009971592218009917,4,0.0,True
synthetic,0,250,4,spectral-marginal,xgb,-0.1555989323567717,4,0.0,True
synthetic,0,250,4,spectral-gibbs,linear,-0.0009876851875711967,4,0.0,True
synthetic,0,250,4,spectral-gibbs,xgb,-0.14954199469181617,4,0.0,True
synthetic,0,250,4,conditional,linear,-0.004805436017756515,4,0.0,True
synthetic,0,250,4,conditional,xgb,-0.12935863695257543,4,0.0,True
synthetic,0,250,4,raw+pca,xgb,0.508382885198568,4,0.0,True
synthetic,0,250,4,raw+spectral-gibbs,xgb,0.5024623684868385,4,0.0,True
synthetic,0,250,4,raw+conditional,xgb,0.4735662147460912,4,0.0,True
synthetic,0,1000,0,raw,linear,0.3826340612659287,4,0.0,True
synthetic,0,1000,0,raw,xgb,0.7213853080109806,4,0.0,True
synthetic,0,1000,0,pca,linear,-0.0018238644789572156,4,0.0,True
synthetic,0,1000,0,pca,xgb,-0.061294358140533634,4,0.0,True
synthetic,0,1000,0,spectral-marginal,linear,-0.0019490699344015816,4,0.0,True
synthetic,0,1000,0,spectral-marginal,xgb,-0.053242252421214165,4,0.0,True
synthetic,0,1000,0,spectral-gibbs,linear,-0.0018943112462488365,4,0.0,True
synthetic,0,1000,0,spectral-gibbs,xgb,-0.051892070696677894,4,0.0,True
synthetic,0,1000,0,conditional,linear,0.006934019645232992,4,0.0,True
synthetic,0,1000,0,conditional,xgb,-0.03612193954117293,4,0.0,True
synthetic,0,1000,0,raw+pca,xgb,0.6869846358871369,4,0.0,True
synthetic,0,1000,0,raw+spectral-gibbs,xgb,0.6895730971271783,4,0.0,True
synthetic,0,1000,0,raw+conditional,xgb,0.6297941896096313,4,0.0,True
synthetic,0,1000,1,raw,linear,0.39669280971375764,4,0.0,True
synthetic,0,1000,1,raw,xgb,0.6863805124416222,4,0.0,True
synthetic,0,1000,1,pca,linear,-0.0007602336623273587,4,0.0,True
synthetic,0,1000,1,pca,xgb,-0.0393771140107011,4,0.0,True
synthetic,0,1000,1,spectral-marginal,linear,-0.0011662692449030398,4,0.0,True
synthetic,0,1000,1,spectral-marginal,xgb,-0.03968364274269387,4,0.0,True
synthetic,0,1000,1,spectral-gibbs,linear,-0.0013472759503740939,4,0.0,True
synthetic,0,1000,1,spectral-gibbs,xgb,-0.04876808436009106,4,0.0,True
synthetic,0,1000,1,conditional,linear,0.004702055004759176,4,0.0,True
synthetic,0,1000,1,conditional,xgb,-0.028913009796779354,4,0.0,True
synthetic,0,1000,1,raw+pca,xgb,0.6802133515103281,4,0.0,True
synthetic,0,1000,1,raw+spectral-gibbs,xgb,0.7023590566458351,4,0.0,True
synthetic,0,1000,1,raw+conditional,xgb,0.6817461766752366,4,0.0,True
synthetic,0,1000,2,raw,linear,0.39374178719728004,4,0.0,True
synthetic,0,1000,2,raw,xgb,0.724430686088905,4,0.0,True
synthetic,0,1000,2,pca,linear,-0.0009675273134890361,4,0.0,True
synthetic,0,1000,2,pca,xgb,-0.08288260345606258,4,0.0,True
synthetic,0,1000,2,spectral-marginal,linear,-0.0009911806472406859,4,0.0,True
synthetic,0,1000,2,spectral-marginal,xgb,-0.07115554394986301,4,0.0,True
synthetic,0,1000,2,spectral-gibbs,linear,-0.0010761407028039294,4,0.0,True
synthetic,0,1000,2,spectral-gibbs,xgb,-0.07216579208059803,4,0.0,True
synthetic,0,1000,2,conditional,linear,0.004302076416126788,4,0.0,True
synthetic,0,1000,2,conditional,xgb,-0.041662566804419265,4,0.0,True
synthetic,0,1000,2,raw+pca,xgb,0.7529285940649235,4,0.0,True
synthetic,0,1000,2,raw+spectral-gibbs,xgb,0.7608122001745298,4,0.0,True
synthetic,0,1000,2,raw+conditional,xgb,0.6974877892222062,4,0.0,True
synthetic,0,1000,3,raw,linear,0.3862837369082722,4,0.0,True
synthetic,0,1000,3,raw,xgb,0.6989783463710476,4,0.0,True
synthetic,0,1000,3,pca,linear,-0.0008435104950708094,4,0.0,True
synthetic,0,1000,3,pca,xgb,-0.0669063698088257,4,0.0,True
synthetic,0,1000,3,spectral-marginal,linear,-0.0008420849668862029,4,0.0,True
synthetic,0,1000,3,spectral-marginal,xgb,-0.05274842599250862,4,0.0,True
synthetic,0,1000,3,spectral-gibbs,linear,-0.0010578683110207265,4,0.0,True
synthetic,0,1000,3,spectral-gibbs,xgb,-0.06296941560736746,4,0.0,True
synthetic,0,1000,3,conditional,linear,0.002275421629672314,4,0.0,True
synthetic,0,1000,3,conditional,xgb,-0.05188101318208682,4,0.0,True
synthetic,0,1000,3,raw+pca,xgb,0.6900850827337388,4,0.0,True
synthetic,0,1000,3,raw+spectral-gibbs,xgb,0.6847875734476925,4,0.0,True
synthetic,0,1000,3,raw+conditional,xgb,0.6359000366708377,4,0.0,True
synthetic,0,1000,4,raw,linear,0.39045823510707434,4,0.0,True
synthetic,0,1000,4,raw,xgb,0.7033388392294206,4,0.0,True
synthetic,0,1000,4,pca,linear,-0.0020761338228811876,4,0.0,True
synthetic,0,1000,4,pca,xgb,-0.06191924164565532,4,0.0,True
synthetic,0,1000,4,spectral-marginal,linear,-0.002178662364871631,4,0.0,True
synthetic,0,1000,4,spectral-marginal,xgb,-0.06085450483078292,4,0.0,True
synthetic,0,1000,4,spectral-gibbs,linear,-0.0022699520554687602,4,0.0,True
synthetic,0,1000,4,spectral-gibbs,xgb,-0.06543110297382748,4,0.0,True
synthetic,0,1000,4,conditional,linear,0.007427949103149589,4,0.0,True
synthetic,0,1000,4,conditional,xgb,-0.05939418300586663,4,0.0,True
synthetic,0,1000,4,raw+pca,xgb,0.6753278150232105,4,0.0,True
synthetic,0,1000,4,raw+spectral-gibbs,xgb,0.6914660227569245,4,0.0,True
synthetic,0,1000,4,raw+conditional,xgb,0.6556250634156452,4,0.0,True
synthetic,1,50,0,raw,linear,0.2579161699442126,4,0.0,True
synthetic,1,50,0,raw,xgb,0.30532786679159973,4,0.0,True
synthetic,1,50,0,pca,linear,-0.11914626108923732,4,0.0,True
synthetic,1,50,0,pca,xgb,-0.6226909974814603,4,0.0,True
synthetic,1,50,0,spectral-marginal,linear,-0.12081713042593112,4,0.0,True
synthetic,1,50,0,spectral-marginal,xgb,-0.5283898404668939,4,0.0,True
synthetic,1,50,0,spectral-gibbs,linear,-0.12322238237265659,4,0.0,True
synthetic,1,50,0,spectral-gibbs,xgb,-0.47236057194019665,4,0.0,True
synthetic,1,50,0,conditional,linear,-0.03389068242174398,4,0.0,True
synthetic,1,50,0,conditional,xgb,-0.25567508350301393,4,0.0,True
synthetic,1,50,0,raw+pca,xgb,0.29946981413737594,4,0.0,True
synthetic,1,50,0,raw+spectral-gibbs,xgb,0.2998182401268793,4,0.0,True
synthetic,1,50,0,raw+conditional,xgb,0.2674082941720881,4,0.0,True
synthetic,1,50,1,raw,linear,-0.42737568802110637,4,0.0,True
synthetic,1,50,1,raw,xgb,0.32384285686667125,4,0.0,True
synthetic,1,50,1,pca,linear,-0.05564330449422994,4,0.0,True
synthetic,1,50,1,pca,xgb,-0.25940495232760097,4,0.0,True
synthetic,1,50,1,spectral-marginal,linear,-0.05585802552810448,4,0.0,True
synthetic,1,50,1,spectral-marginal,xgb,-0.2838806396707514,4,0.0,True
synthetic,1,50,1,spectral-gibbs,linear,-0.05582751064997238,4,0.0,True
synthetic,1,50,1,spectral-gibbs,xgb,-0.3999428358613013,4,0.0,True
synthetic,1,50,1,conditional,linear,-0.055104498842175165,4,0.0,True
synthetic,1,50,1,conditional,xgb,-0.2002813845452076,4,0.0,True
synthetic,1,50,1,raw+pca,xgb,0.32470869224092813,4,0.0,True
synthetic,1,50,1,raw+spectral-gibbs,xgb,0.33177531908249325,4,0.0,True
synthetic,1,50,1,raw+conditional,xgb,0.28294244259896306,4,0.0,True
synthetic,1,50,2,raw,linear,0.13169067498865095,4,0.0,True
synthetic,1,50,2,raw,xgb,0.27112811002543946,4,0.0,True
synthetic,1,50,2,pca,linear,-0.08862366234302699,4,0.0,True
synthetic,1,50,2,pca,xgb,-0.37997671513615616,4,0.0,True
synthetic,1,50,2,spectral-marginal,linear,-0.08923810705229807,4,0.0,True
synthetic,1,50,2,spectral-marginal,xgb,-0.2901582096871693,4,0.0,True
synthetic,1,50,2,spectral-gibbs,linear,-0.09155950293228021,4,0.0,True
synthetic,1,50,2,spectral-gibbs,xgb,-0.29799171450974526,4,0.0,True
synthetic,1,50,2,conditional,linear,-0.08172651573621748,4,0.0,True
synthetic,1,50,2,conditional,xgb,-0.2998354439799771,4,0.0,True
synthetic,1,50,2,raw+pca,xgb,0.2696843404323771,4,0.0,True
synthetic,1,50,2,raw+spectral-gibbs,xgb,0.2578174925786244,4,0.0,True
synthetic,1,50,2,raw+conditional,xgb,0.19384453236399957,4,0.0,True
synthetic,1,50,3,raw,linear,0.10946689727999093,4,0.0,True
synthetic,1,50,3,raw,xgb,0.2908652131896524,4,0.0,True
synthetic,1,50,3,pca,linear,-0.11816419396681721,4,0.0,True
synthetic,1,50,3,pca,xgb,-0.5281142647891806,4,0.0,True
synthetic,1,50,3,spectral-marginal,linear,-0.10754897712390066,4,0.0,True
synthetic,1,50,3,spectral-marginal,xgb,-0.5132033606255857,4,0.0,True
synthetic,1,50,3,spectral-gibbs,linear,-0.1071663104568894,4,0.0,True
synthetic,1,50,3,spectral-gibbs,xgb,-0.5481655795445994,4,0.0,True
synthetic,1,50,3,conditional,linear,-0.05272207587096811,4,0.0,True
synthetic,1,50,3,conditional,xgb,-0.3990132104580548,4,0.0,True
synthetic,1,50,3,raw+pca,xgb,0.3047236618589012,4,0.0,True
synthetic,1,50,3,raw+spectral-gibbs,xgb,0.2795211567656415,4,0.0,True
synthetic,1,50,3,raw+conditional,xgb,0.2636603207366993,4,0.0,True
synthetic,1,50,4,raw,linear,0.24935660994814657,4,0.0,True
synthetic,1,50,4,raw,xgb,0.23789547025088598,4,0.0,True
synthetic,1,50,4,pca,linear,-0.021931447691883044,4,0.0,True
synthetic,1,50,4,pca,xgb,-0.5237308637927014,4,0.0,True
synthetic,1,50,4,spectral-marginal,linear,-0.021931165417134357,4,0.0,True
synthetic,1,50,4,spectral-marginal,xgb,-0.5143347231031405,4,0.0,True
synthetic,1,50,4,spectral-gibbs,linear,-0.021930798256370787,4,0.0,True
synthetic,1,50,4,spectral-gibbs,xgb,-0.5668773254416952,4,0.0,True
synthetic,1,50,4,conditional,linear,-0.022519525301557097,4,0.0,True
synthetic,1,50,4,conditional,xgb,-0.46191087511899975,4,0.0,True
synthetic,1,50,4,raw+pca,xgb,0.20040109966070407,4,0.0,True
synthetic,1,50,4,raw+spectral-gibbs,xgb,0.2030382887472153,4,0.0,True
synthetic,1,50,4,raw+conditional,xgb,0.18148514145897732,4,0.0,True
synthetic,1,100,0,raw,linear,0.27719145936394607,4,0.0,True
synthetic,1,100,0,raw,xgb,0.4330636351556244,4,0.0,True
synthetic,1,100,0,pca,linear,-0.009992281409212822,4,0.0,True
synthetic,1,100,0,pca,xgb,-0.3041658952110222,4,0.0,True
synthetic,1,100,0,spectral-marginal,linear,-0.005959670320030641,4,0.0,True
synthetic,1,100,0,spectral-marginal,xgb,-0.26843521774202905,4,0.0,True
synthetic,1,100,0,spectral-gibbs,linear,-0.005883761952457434,4,0.0,True
synthetic,1,100,0,spectral-gibbs,xgb,-0.27469345408438817,4,0.0,True
synthetic,1,100,0,conditional,linear,-0.010839868839039424,4,0.0,True
synthetic,1,100,0,conditional,xgb,-0.24347381829723913,4,0.0,True
synthetic,1,100,0,raw+pca,xgb,0.4286175855542863,4,0.0,True
synthetic,1,100,0,raw+spectral-gibbs,xgb,0.4252890477390321,4,0.0,True
synthetic,1,100,0,raw+conditional,xgb,0.3777518926442046,4,0.0,True
synthetic,1,100,1,raw,linear,0.3317599010352591,4,0.0,True
synthetic,1,100,1,raw,xgb,0.4050630228747957,4,0.0,True
synthetic,1,100,1,pca,linear,-0.009649562853123017,4,0.0,True
synthetic,1,100,1,pca,xgb,-0.21785402773187879,4,0.0,True
synthetic,1,100,1,spectral-marginal,linear,-0.009681302155577942,4,0.0,True
synthetic,1,100,1,spectral-marginal,xgb,-0.27867375162961494,4,0.0,True
synthetic,1,100,1,spectral-gibbs,linear,-0.009675070466189206,4,0.0,True
synthetic,1,100,1,spectral-gibbs,xgb,-0.19944854503320442,4,0.0,True
synthetic,1,100,1,conditional,linear,-0.011235560839618852,4,0.0,True
synthetic,1,100,1,conditional,xgb,-0.17692629625534195,4,0.0,True
synthetic,1,100,1,raw+pca,xgb,0.38740479376630765,4,0.0,True
synthetic,1,100,1,raw+spectral-gibbs,xgb,0.3859335373049211,4,0.0,True
synthetic,1,100,1,raw+conditional,xgb,0.3739611195516158,4,0.0,True
synthetic,1,100,2,raw,linear,0.3311169581858264,4,0.0,True
synthetic,1,100,2,raw,xgb,0.3845651215758985,4,0.0,True
synthetic,1,100,2,pca,linear,-0.00011378498014136262,4,0.0,True
synthetic,1,100,2,pca,xgb,-0.18938632303469638,4,0.0,True
synthetic,1,100,2,spectral-marginal,linear,-0.00012885606964374574,4,0.0,True
synthetic,1,100,2,spectral-marginal,xgb,-0.2411366679186311,4,0.0,True
synthetic,1,100,2,spectral-gibbs,linear,-0.0001478938144854336,4,0.0,True
synthetic,1,100,2,spectral-gibbs,xgb,-0.2361518732563479,4,0.0,True
synthetic,1,100,2,conditional,linear,-0.004975132900808754,4,0.0,True
synthetic,1,100,2,conditional,xgb,-0.16929282701577386,4,0.0,True
synthetic,1,100,2,raw+pca,xgb,0.3899012862780967,4,0.0,True
synthetic,1,100,2,raw+spectral-gibbs,xgb,0.39327911795020554,4,0.0,True
synthetic,1,100,2,raw+conditional,xgb,0.3612097404674214,4,0.0,True
synthetic,1,100,3,raw,linear,0.29413526833972037,4,0.0,True
synthetic,1,100,3,raw,xgb,0.42723770228614144,4,0.0,True
synthetic,1,100,3,pca,linear,-0.00035357306131000854,4,0.0,True
synthetic,1,100,3,pca,xgb,-0.24009509667978057,4,0.0,True
synthetic,1,100,3,spectral-marginal,linear,-0.0002362954271981632,4,0.0,True
synthetic,1,100,3,spectral-marginal,xgb,-0.2967955916203575,4,0.0,True
synthetic,1,100,3,spectral-gibbs,linear,-0.00027077670661257436,4,0.0,True
synthetic,1,100,3,spectral-gibbs,xgb,-0.262576013715343,4,0.0,True
synthetic,1,100,3,conditional,linear,-0.0037221520543013753,4,0.0,True
synthetic,1,100,3,conditional,xgb,-0.20907190592238378,4,0.0,True
synthetic,1,100,3,raw+pca,xgb,0.44460321542010983,4,0.0,True
synthetic,1,100,3,raw+spectral-gibbs,xgb,0.44036795435934506,4,0.0,True
synthetic,1,100,3,raw+conditional,xgb,0.4168702563704717,4,0.0,True
synthetic,1,100,4,raw,linear,0.09774504733101819,4,0.0,True
synthetic,1,100,4,raw,xgb,0.39024950220395316,4,0.0,True
synthetic,1,100,4,pca,linear,-0.015331102993097812,4,0.0,True
synthetic,1,100,4,pca,xgb,-0.16118123419518415,4,0.0,True
synthetic,1,100,4,spectral-marginal,linear,-0.014955820497133843,4,0.0,True
synthetic,1,100,4,spectral-marginal,xgb,-0.16771020127914582,4,0.0,True
synthetic,1,100,4,spectral-gibbs,linear,-0.014756309683905844,4,0.0,True
synthetic,1,100,4,spectral-gibbs,xgb,-0.17570614614293212,4,0.0,True
synthetic,1,100,4,conditional,linear,-0.02034324716058422,4,0.0,True
synthetic,1,100,4,conditional,xgb,-0.16548397777160329,4,0.0,True
synthetic,1,100,4,raw+pca,xgb,0.38830021680372506,4,0.0,True
synthetic,1,100,4,raw+spectral-gibbs,xgb,0.38892309851387175,4,0.0,True
synthetic,1,100,4,raw+conditional,xgb,0.3277520163590253,4,0.0,True
synthetic,1,250,0,raw,linear,0.3881135913114969,4,0.0,True
synthetic,1,250,0,raw,xgb,0.5877113616355764,4,0.0,True
synthetic,1,250,0,pca,linear,-0.0068205595598622715,4,0.0,True
synthetic,1,250,0,pca,xgb,-0.16734625086935373,4,0.0,True
synthetic,1,250,0,spectral-marginal,linear,-0.006864188443658437,4,0.0,True
synthetic,1,250,0,spectral-marginal,xgb,-0.1373335536104323,4,0.0,True
synthetic,1,250,0,spectral-gibbs,linear,-0.006908349248234691,4,0.0,True
synthetic,1,250,0,spectral-gibbs,xgb,-0.16124449776941674,4,0.0,True
synthetic,1,250,0,conditional,linear,-0.008654270615044535,4,0.0,True
synthetic,1,250,0,conditional,xgb,-0.1309240833476406,4,0.0,True
synthetic,1,250,0,raw+pca,xgb,0.5632344793596551,4,0.0,True
synthetic,1,250,0,raw+spectral-gibbs,xgb,0.5477746112062609,4,0.0,True
synthetic,1,250,0,raw+conditional,xgb,0.5215643005281616,4,0.0,True
synthetic,1,250,1,raw,linear,0.3747416206810855,4,0.0,True
synthetic,1,250,1,raw,xgb,0.6084468535268854,4,0.0,True
synthetic,1,250,1,pca,linear,-0.0035877709872309538,4,0.0,True
synthetic,1,250,1,pca,xgb,-0.19036738255920915,4,0.0,True
synthetic,1,250,1,spectral-marginal,linear,-0.0036435984411911093,4,0.0,True
synthetic,1,250,1,spectral-marginal,xgb,-0.16498273525195128,4,0.0,True
synthetic,1,250,1,spectral-gibbs,linear,-0.0036051332054669594,4,0.0,True
synthetic,1,250,1,spectral-gibbs,xgb,-0.15842994892006623,4,0.0,True
synthetic,1,250,1,conditional,linear,-0.010020926801367791,4,0.0,True
synthetic,1,250,1,conditional,xgb,-0.19274436665369277,4,0.0,True
synthetic,1,250,1,raw+pca,xgb,0.5852221473930173,4,0.0,True
synthetic,1,250,1,raw+spectral-gibbs,xgb,0.6142907670505964,4,0.0,True
synthetic,1,250,1,raw+conditional,xgb,0.5459877147827301,4,0.0,True
synthetic,1,250,2,raw,linear,0.3840676115675291,4,0.0,True
synthetic,1,250,2,raw,xgb,0.5542234353923772,4,0.0,True
synthetic,1,250,2,pca,linear,-0.0019865841417583407,4,0.0,True
synthetic,1,250,2,pca,xgb,-0.16999079595576005,4,0.0,True
synthetic,1,250,2,spectral-marginal,linear,-0.002051761175575262,4,0.0,True
synthetic,1,250,2,spectral-marginal,xgb,-0.1464245446072867,4,0.0,True
synthetic,1,250,2,spectral-gibbs,linear,-0.0020636279053583007,4,0.0,True
synthetic,1,250,2,spectral-gibbs,xgb,-0.11160092966119128,4,0.0,True
synthetic,1,250,2,conditional,linear,-0.003899969533251557,4,0.0,True
synthetic,1,250,2,conditional,xgb,-0.11796881951414795,4,0.0,True
synthetic,1,250,2,raw+pca,xgb,0.5345939401453932,4,0.0,True
synthetic,1,250,2,raw+spectral-gibbs,xgb,0.5299103945773386,4,0.0,True
synthetic,1,250,2,raw+conditional,xgb,0.5267253230843609,4,0.0,True
synthetic,1,250,3,raw,linear,0.3633902254790714,4,0.0,True
synthetic,1,250,3,raw,xgb,0.5781861221958159,4,0.0,True
synthetic,1,250,3,pca,linear,-0.008015268703670753,4,0.0,True
synthetic,1,250,3,pca,xgb,-0.19285880900519214,4,0.0,True
synthetic,1,250,3,spectral-marginal,linear,-0.008087795143735477,4,0.0,True
synthetic,1,250,3,spectral-marginal,xgb,-0.19122731635156187,4,0.0,True
synthetic,1,250,3,spectral-gibbs,linear,-0.008151728262612679,4,0.0,True
synthetic,1,250,3,spectral-gibbs,xgb,-0.19677256760798456,4,0.0,True
synthetic,1,250,3,conditional,linear,-0.01048794340742809,4,0.0,True
synthetic,1,250,3,conditional,xgb,-0.09186087226549788,4,0.0,True
synthetic,1,250,3,raw+pca,xgb,0.5484219931726695,4,0.0,True
synthetic,1,250,3,raw+spectral-gibbs,xgb,0.5471278162390478,4,0.0,True
synthetic,1,250,3,raw+conditional,xgb,0.5385598562639873,4,0.0,True
synthetic,1,250,4,raw,linear,0.37822069745923714,4,0.0,True
synthetic,1,250,4,raw,xgb,0.5373348045545463,4,0.0,True
synthetic,1,250,4,pca,linear,-0.02863346513086995,4,0.0,True
synthetic,1,250,4,pca,xgb,-0.21013548344996713,4,0.0,True
synthetic,1,250,4,spectral-marginal,linear,-0.02963807867703716,4,0.0,True
synthetic,1,250,4,spectral-marginal,xgb,-0.2256853621572954,4,0.0,True
synthetic,1,250,4,spectral-gibbs,linear,-0.027208390328969267,4,0.0,True
synthetic,1,250,4,spectral-gibbs,xgb,-0.17196441072065705,4,0.0,True
synthetic,1,250,4,conditional,linear,-0.014613856730789854,4,0.0,True
synthetic,1,250,4,conditional,xgb,-0.10932222634136912,4,0.0,True
synthetic,1,250,4,raw+pca,xgb,0.5222854237045311,4,0.0,True
synthetic,1,250,4,raw+spectral-gibbs,xgb,0.5219389874509689,4,0.0,True
synthetic,1,250,4,raw+conditional,xgb,0.5091199846093872,4,0.0,True
synthetic,1,1000,0,raw,linear,0.42430889529061566,4,0.0,True
synthetic,1,1000,0,raw,xgb,0.7212270477221443,4,0.0,True
synthetic,1,1000,0,pca,linear,-0.009454526992063839,4,0.0,True
synthetic,1,1000,0,pca,xgb,-0.05428490602289693,4,0.0,True
synthetic,1,1000,0,spectral-marginal,linear,-0.009288146387047336,4,0.0,True
synthetic,1,1000,0,spectral-marginal,xgb,-0.05195186716134903,4,0.0,True
synthetic,1,1000,0,spectral-gibbs,linear,-0.009321047006266125,4,0.0,True
synthetic,1,1000,0,spectral-gibbs,xgb,-0.05925965925055943,4,0.0,True
synthetic,1,1000,0,conditional,linear,-0.0073716880971475,4,0.0,True
synthetic,1,1000,0,conditional,xgb,-0.05045828363853877,4,0.0,True
synthetic,1,1000,0,raw+pca,xgb,0.7072982658726894,4,0.0,True
synthetic,1,1000,0,raw+spectral-gibbs,xgb,0.6916955643349694,4,0.0,True
synthetic,1,1000,0,raw+conditional,xgb,0.7101804409954086,4,0.0,True
synthetic,1,1000,1,raw,linear,0.4169454532144098,4,0.0,True
synthetic,1,1000,1,raw,xgb,0.7267274593763045,4,0.0,True
synthetic,1,1000,1,pca,linear,-0.007096924979799857,4,0.0,True
synthetic,1,1000,1,pca,xgb,-0.0660554571391685,4,0.0,True
synthetic,1,1000,1,spectral-marginal,linear,-0.007120822923532666,4,0.0,True
synthetic,1,1000,1,spectral-marginal,xgb,-0.06905076634336549,4,0.0,True
synthetic,1,1000,1,spectral-gibbs,linear,-0.007086070880416795,4,0.0,True
synthetic,1,1000,1,spectral-gibbs,xgb,-0.06422690861834113,4,0.0,True
synthetic,1,1000,1,conditional,linear,-0.006730353466666061,4,0.0,True
synthetic,1,1000,1,conditional,xgb,-0.05708696726744722,4,0.0,True
synthetic,1,1000,1,raw+pca,xgb,0.6987472186816046,4,0.0,True
synthetic,1,1000,1,raw+spectral-gibbs,xgb,0.7279573409821352,4,0.0,True
synthetic,1,1000,1,raw+conditional,xgb,0.6818243134926298,4,0.0,True
synthetic,1,1000,2,raw,linear,0.4174319755976862,4,0.0,True
synthetic,1,1000,2,raw,xgb,0.7364867392436678,4,0.0,True
synthetic,1,1000,2,pca,linear,-0.0035692111036238483,4,0.0,True
synthetic,1,1000,2,pca,xgb,-0.041327758663897374,4,0.0,True
synthetic,1,1000,2,spectral-marginal,linear,-0.0034329741601275554,4,0.0,True
synthetic,1,1000,2,spectral-marginal,xgb,-0.045976360192248045,4,0.0,True
synthetic,1,1000,2,spectral-gibbs,linear,-0.003445924320101712,4,0.0,True
synthetic,1,1000,2,spectral-gibbs,xgb,-0.05335147521693551,4,0.0,True
synthetic,1,1000,2,conditional,linear,-0.004562062903629149,4,0.0,True
synthetic,1,1000,2,conditional,xgb,-0.04995557856827615,4,0.0,True
synthetic,1,1000,2,raw+pca,xgb,0.7429697692381103,4,0.0,True
synthetic,1,1000,2,raw+spectral-gibbs,xgb,0.7357729682535232,4,0.0,True
synthetic,1,1000,2,raw+conditional,xgb,0.7102910227695385,4,0.0,True
synthetic,1,1000,3,raw,linear,0.4221780111486164,4,0.0,True
synthetic,1,1000,3,raw,xgb,0.7219743162722749,4,0.0,True
synthetic,1,1000,3,pca,linear,-0.0010037614207363266,4,0.0,True
synthetic,1,1000,3,pca,xgb,-0.04435603552541356,4,0.0,True
synthetic,1,1000,3,spectral-marginal,linear,-0.0010447650527483088,4,0.0,True
synthetic,1,1000,3,spectral-marginal,xgb,-0.058052629629118835,4,0.0,True
synthetic,1,1000,3,spectral-gibbs,linear,-0.001103942160890936,4,0.0,True
synthetic,1,1000,3,spectral-gibbs,xgb,-0.05502000737224466,4,0.0,True
synthetic,1,1000,3,conditional,linear,0.0004196440248084299,4,0.0,True
synthetic,1,1000,3,conditional,xgb,-0.042809266892883224,4,0.0,True
synthetic,1,1000,3,raw+pca,xgb,0.7177937161864625,4,0.0,True
synthetic,1,1000,3,raw+spectral-gibbs,xgb,0.7120706679347781,4,0.0,True
synthetic,1,1000,3,raw+conditional,xgb,0.700615103547424,4,0.0,True
synthetic,1,1000,4,raw,linear,0.42972792566679696,4,0.0,True
synthetic,1,1000,4,raw,xgb,0.7107094912455764,4,0.0,True
synthetic,1,1000,4,pca,linear,-0.002778705863606623,4,0.0,True
synthetic,1,1000,4,pca,xgb,-0.04272210198424542,4,0.0,True
synthetic,1,1000,4,spectral-marginal,linear,-0.002947810628495473,4,0.0,True
synthetic,1,1000,4,spectral-marginal,xgb,-0.04738491145664492,4,0.0,True
synthetic,1,1000,4,spectral-gibbs,linear,-0.002926969049988015,4,0.0,True
synthetic,1,1000,4,spectral-gibbs,xgb,-0.05377517689907663,4,0.0,True
synthetic,1,1000,4,conditional,linear,1.1244228934392808e-05,4,0.0,True
synthetic,1,1000,4,conditional,xgb,-0.035201591852252134,4,0.0,True
synthetic,1,1000,4,raw+pca,xgb,0.720741554325983,4,0.0,True
synthetic,1,1000,4,raw+spectral-gibbs,xgb,0.6933891708821291,4,0.0,True
synthetic,1,1000,4,raw+conditional,xgb,0.7071921018668083,4,0.0,True
synthetic,2,50,0,raw,linear,-0.10055732703004616,4,0.0,True
synthetic,2,50,0,raw,xgb,0.25500668915024827,4,0.0,True
synthetic,2,50,0,pca,linear,-0.032999872956608334,4,0.0,True
synthetic,2,50,0,pca,xgb,-0.33285971836937756,4,0.0,True
synthetic,2,50,0,spectral-marginal,linear,-0.03313608993038408,4,0.0,True
synthetic,2,50,0,spectral-marginal,xgb,-0.4607267676144591,4,0.0,True
synthetic,2,50,0,spectral-gibbs,linear,-0.033163221510275065,4,0.0,True
synthetic,2,50,0,spectral-gibbs,xgb,-0.39746539179618257,4,0.0,True
synthetic,2,50,0,conditional,linear,-0.03181285689402791,4,0.0,True
synthetic,2,50,0,conditional,xgb,-0.2892035329011615,4,0.0,True
synthetic,2,50,0,raw+pca,xgb,0.2624850226565937,4,0.0,True
synthetic,2,50,0,raw+spectral-gibbs,xgb,0.2707447113978757,4,0.0,True
synthetic,2,50,0,raw+conditional,xgb,0.07894387414635418,4,0.0,True
synthetic,2,50,1,raw,linear,0.14107970358903343,4,0.0,True
synthetic,2,50,1,raw,xgb,0.2403218977813789,4,0.0,True
synthetic,2,50,1,pca,linear,-0.04292325102396899,4,0.0,True
synthetic,2,50,1,pca,xgb,-0.46130585409557456,4,0.0,True
synthetic,2,50,1,spectral-marginal,linear,-0.0428945168923911,4,0.0,True
synthetic,2,50,1,spectral-marginal,xgb,-0.4497814364576218,4,0.0,True
synthetic,2,50,1,spectral-gibbs,linear,-0.04350949257951209,4,0.0,True
synthetic,2,50,1,spectral-gibbs,xgb,-0.40709363245226116,4,0.0,True
synthetic,2,50,1,conditional,linear,-0.030685425617575923,4,0.0,True
synthetic,2,50,1,conditional,xgb,-0.1988307833891898,4,0.0,True
synthetic,2,50,1,raw+pca,xgb,0.232942679127231,4,0.0,True
synthetic,2,50,1,raw+spectral-gibbs,xgb,0.23804255720641043,4,0.0,True
synthetic,2,50,1,raw+conditional,xgb,0.24093964022701286,4,0.0,True
synthetic,2,50,2,raw,linear,0.18993281534111928,4,0.0,True
synthetic,2,50,2,raw,xgb,0.26599216622886424,4,0.0,True
synthetic,2,50,2,pca,linear,-0.008636412758330936,4,0.0,True
synthetic,2,50,2,pca,xgb,-0.3203352629288627,4,0.0,True
synthetic,2,50,2,spectral-marginal,linear,-0.008715682634161226,4,0.0,True
synthetic,2,50,2,spectral-marginal,xgb,-0.3397954132889658,4,0.0,True
synthetic,2,50,2,spectral-gibbs,linear,-0.008700963823058627,4,0.0,True
synthetic,2,50,2,spectral-gibbs,xgb,-0.223249101910576,4,0.0,True
synthetic,2,50,2,conditional,linear,-0.02268306295346001,4,0.0,True
synthetic,2,50,2,conditional,xgb,-0.13882799955587588,4,0.0,True
synthetic,2,50,2,raw+pca,xgb,0.2664585462811031,4,0.0,True
synthetic,2,50,2,raw+spectral-gibbs,xgb,0.2651259203499631,4,0.0,True
synthetic,2,50,2,raw+conditional,xgb,0.2662637171355893,4,0.0,True
synthetic,2,50,3,raw,linear,0.0634557734327883,4,0.0,True
synthetic,2,50,3,raw,xgb,0.21870256808524813,4,0.0,True
synthetic,2,50,3,pca,linear,-0.005967652373691568,4,0.0,True
synthetic,2,50,3,pca,xgb,-0.18876077862708618,4,0.0,True
synthetic,2,50,3,spectral-marginal,linear,-0.005984777238090322,4,0.0,True
synthetic,2,50,3,spectral-marginal,xgb,-0.26134951846871024,4,0.0,True
synthetic,2,50,3,spectral-gibbs,linear,-0.0060052257283480515,4,0.0,True
synthetic,2,50,3,spectral-gibbs,xgb,-0.167333847483357,4,0.0,True
synthetic,2,50,3,conditional,linear,-0.0059479155352810675,4,0.0,True
synthetic,2,50,3,conditional,xgb,-0.13401317050229,4,0.0,True
synthetic,2,50,3,raw+pca,xgb,0.2095832110280873,4,0.0,True
synthetic,2,50,3,raw+spectral-gibbs,xgb,0.21597777061912737,4,0.0,True
synthetic,2,50,3,raw+conditional,xgb,0.1800906841288188,4,0.0,True
synthetic,2,50,4,raw,linear,0.20687961330064697,4,0.0,True
synthetic,2,50,4,raw,xgb,0.30937200378065666,4,0.0,True
synthetic,2,50,4,pca,linear,-0.013638520420652389,4,0.0,True
synthetic,2,50,4,pca,xgb,-0.42008883195033975,4,0.0,True
synthetic,2,50,4,spectral-marginal,linear,-0.013478855609980522,4,0.0,True
synthetic,2,50,4,spectral-marginal,xgb,-0.5393349532052392,4,0.0,True
synthetic,2,50,4,spectral-gibbs,linear,-0.013678068562423151,4,0.0,True
synthetic,2,50,4,spectral-gibbs,xgb,-0.41603607227874173,4,0.0,True
synthetic,2,50,4,conditional,linear,-0.010870663828977278,4,0.0,True
synthetic,2,50,4,conditional,xgb,-0.27802817752044473,4,0.0,True
synthetic,2,50,4,raw+pca,xgb,0.29998800406478743,4,0.0,True
synthetic,2,50,4,raw+spectral-gibbs,xgb,0.30062951363615376,4,0.0,True
synthetic,2,50,4,raw+conditional,xgb,0.2999131923752688,4,0.0,True
synthetic,2,100,0,raw,linear,0.11834825844540986,4,0.0,True
synthetic,2,100,0,raw,xgb,0.32279964423504837,4,0.0,True
synthetic,2,100,0,pca,linear,-0.003006295555017191,4,0.0,True
synthetic,2,100,0,pca,xgb,-0.27952555465302864,4,0.0,True
synthetic,2,100,0,spectral-marginal,linear,-0.002942213498626778,4,0.0,True
synthetic,2,100,0,spectral-marginal,xgb,-0.2988782124916507,4,0.0,True
synthetic,2,100,0,spectral-gibbs,linear,-0.002654423342781431,4,0.0,True
synthetic,2,100,0,spectral-gibbs,xgb,-0.25329597132309334,4,0.0,True
synthetic,2,100,0,conditional,linear,-0.004344328221770999,4,0.0,True
synthetic,2,100,0,conditional,xgb,-0.1284396571372981,4,0.0,True
synthetic,2,100,0,raw+pca,xgb,0.31860357710175846,4,0.0,True
synthetic,2,100,0,raw+spectral-gibbs,xgb,0.3361353421177453,4,0.0,True
synthetic,2,100,0,raw+conditional,xgb,0.27406529293442705,4,0.0,True
synthetic,2,100,1,raw,linear,0.20316880557292738,4,0.0,True
synthetic,2,100,1,raw,xgb,0.2551894710970236,4,0.0,True
synthetic,2,100,1,pca,linear,-0.012500951631678081,4,0.0,True
synthetic,2,100,1,pca,xgb,-0.4174166007177247,4,0.0,True
synthetic,2,100,1,spectral-marginal,linear,-0.012638122430815413,4,0.0,True
synthetic,2,100,1,spectral-marginal,xgb,-0.40570860080694326,4,0.0,True
synthetic,2,100,1,spectral-gibbs,linear,-0.012301642715320638,4,0.0,True
synthetic,2,100,1,spectral-gibbs,xgb,-0.40055028954617566,4,0.0,True
synthetic,2,100,1,conditional,linear,-0.008867150883649089,4,0.0,True
synthetic,2,100,1,conditional,xgb,-0.24086204689234503,4,0.0,True
synthetic,2,100,1,raw+pca,xgb,0.24076661367105867,4,0.0,True
synthetic,2,100,1,raw+spectral-gibbs,xgb,0.24621237516427874,4,0.0,True
synthetic,2,100,1,raw+conditional,xgb,0.2943087136399597,4,0.0,True
synthetic,2,100,2,raw,linear,0.3210775229626952,4,0.0,True
synthetic,2,100,2,raw,xgb,0.4262231699603162,4,0.0,True
synthetic,2,100,2,pca,linear,-0.000856402399676881,4,0.0,True
synthetic,2,100,2,pca,xgb,-0.2595936685822453,4,0.0,True
synthetic,2,100,2,spectral-marginal,linear,-0.0008506227439419867,4,0.0,True
synthetic,2,100,2,spectral-marginal,xgb,-0.22443854355759085,4,0.0,True
synthetic,2,100,2,spectral-gibbs,linear,-0.0009075493961776537,4,0.0,True
synthetic,2,100,2,spectral-gibbs,xgb,-0.2859244618883212,4,0.0,True
synthetic,2,100,2,conditional,linear,-0.003299309349061863,4,0.0,True
synthetic,2,100,2,conditional,xgb,-0.16231102141192433,4,0.0,True
synthetic,2,100,2,raw+pca,xgb,0.43313356035742767,4,0.0,True
synthetic,2,100,2,raw+spectral-gibbs,xgb,0.4236478494336796,4,0.0,True
synthetic,2,100,2,raw+conditional,xgb,0.42540831329825024,4,0.0,True
synthetic,2,100,3,raw,linear,0.26547584823438164,4,0.0,True
synthetic,2,100,3,raw,xgb,0.3805856980322516,4,0.0,True
synthetic,2,100,3,pca,linear,-0.001179422109429007,4,0.0,True
synthetic,2,100,3,pca,xgb,-0.2744278678651475,4,0.0,True
synthetic,2,100,3,spectral-marginal,linear,-0.001022290504820278,4,0.0,True
synthetic,2,100,3,spectral-marginal,xgb,-0.2138472168529102,4,0.0,True
synthetic,2,100,3,spectral-gibbs,linear,-0.0008937473194379209,4,0.0,True
synthetic,2,100,3,spectral-gibbs,xgb,-0.22429082354261665,4,0.0,True
synthetic,2,100,3,conditional,linear,0.003252247429602062,4,0.0,True
synthetic,2,100,3,conditional,xgb,-0.10201305350265133,4,0.0,True
synthetic,2,100,3,raw+pca,xgb,0.37810370683902217,4,0.0,True
synthetic,2,100,3,raw+spectral-gibbs,xgb,0.36930928085730397,4,0.0,True
synthetic,2,100,3,raw+conditional,xgb,0.3516340002048287,4,0.0,True
synthetic,2,100,4,raw,linear,0.24933751701547058,4,0.0,True
synthetic,2,100,4,raw,xgb,0.39301837385634564,4,0.0,True
synthetic,2,100,4,pca,linear,-0.00016108155157090742,4,0.0,True
synthetic,2,100,4,pca,xgb,-0.27857748551382566,4,0.0,True
synthetic,2,100,4,spectral-marginal,linear,-0.00014162965598307764,4,0.0,True
synthetic,2,100,4,spectral-marginal,xgb,-0.35381819948671045,4,0.0,True
synthetic,2,100,4,spectral-gibbs,linear,2.4947662324081854e-05,4,0.0,True
synthetic,2,100,4,spectral-gibbs,xgb,-0.2541461202086144,4,0.0,True
synthetic,2,100,4,conditional,linear,-0.0012276393504113692,4,0.0,True
synthetic,2,100,4,conditional,xgb,-0.16812677849353097,4,0.0,True
synthetic,2,100,4,raw+pca,xgb,0.3859591774082055,4,0.0,True
synthetic,2,100,4,raw+spectral-gibbs,xgb,0.378147403774052,4,0.0,True
synthetic,2,100,4,raw+conditional,xgb,0.3109873807746083,4,0.0,True
synthetic,2,250,0,raw,linear,0.28094406633866,4,0.0,True
synthetic,2,250,0,raw,xgb,0.45987135830160564,4,0.0,True
synthetic,2,250,0,pca,linear,-0.022481983498787272,4,0.0,True
synthetic,2,250,0,pca,xgb,-0.28589767188895676,4,0.0,True
synthetic,2,250,0,spectral-marginal,linear,-0.018913854280380837,4,0.0,True
synthetic,2,250,0,spectral-marginal,xgb,-0.26937334103396493,4,0.0,True
synthetic,2,250,0,spectral-gibbs,linear,-0.01899017917166601,4,0.0,True
synthetic,2,250,0,spectral-gibbs,xgb,-0.23613544334808778,4,0.0,True
synthetic,2,250,0,conditional,linear,-0.031616462537892076,4,0.0,True
synthetic,2,250,0,conditional,xgb,-0.2048048149959414,4,0.0,True
synthetic,2,250,0,raw+pca,xgb,0.44005599942309936,4,0.0,True
synthetic,2,250,0,raw+spectral-gibbs,xgb,0.430275136279372,4,0.0,True
synthetic,2,250,0,raw+conditional,xgb,0.42928534379060146,4,0.0,True
synthetic,2,250,1,raw,linear,0.3461063755351623,4,0.0,True
synthetic,2,250,1,raw,xgb,0.5987337877014798,4,0.0,True
synthetic,2,250,1,pca,linear,-0.026021284008522105,4,0.0,True
synthetic,2,250,1,pca,xgb,-0.17601998481518222,4,0.0,True
synthetic,2,250,1,spectral-marginal,linear,-0.02612628719174115,4,0.0,True
synthetic,2,250,1,spectral-marginal,xgb,-0.20147115894233814,4,0.0,True
synthetic,2,250,1,spectral-gibbs,linear,-0.025575479479260865,4,0.0,True
synthetic,2,250,1,spectral-gibbs,xgb,-0.197665609665153,4,0.0,True
synthetic,2,250,1,conditional,linear,-0.019506818732465403,4,0.0,True
synthetic,2,250,1,conditional,xgb,-0.12640244993409633,4,0.0,True
synthetic,2,250,1,raw+pca,xgb,0.5826500328547253,4,0.0,True
synthetic,2,250,1,raw+spectral-gibbs,xgb,0.5940048113823801,4,0.0,True
synthetic,2,250,1,raw+conditional,xgb,0.5519165752821162,4,0.0,True
synthetic,2,250,2,raw,linear,0.3401242758132691,4,0.0,True
synthetic,2,250,2,raw,xgb,0.5236380785466099,4,0.0,True
synthetic,2,250,2,pca,linear,-0.000905299645784341,4,0.0,True
synthetic,2,250,2,pca,xgb,-0.20391057777054633,4,0.0,True
synthetic,2,250,2,spectral-marginal,linear,-0.0007694486419731472,4,0.0,True
synthetic,2,250,2,spectral-marginal,xgb,-0.19577026658387275,4,0.0,True
synthetic,2,250,2,spectral-gibbs,linear,-0.0006522133598916291,4,0.0,True
synthetic,2,250,2,spectral-gibbs,xgb,-0.12465311210396335,4,0.0,True
synthetic,2,250,2,conditional,linear,-0.009837117207081247,4,0.0,True
synthetic,2,250,2,conditional,xgb,-0.10818058890130966,4,0.0,True
synthetic,2,250,2,raw+pca,xgb,0.5114724464858436,4,0.0,True
synthetic,2,250,2,raw+spectral-gibbs,xgb,0.5235653835275376,4,0.0,True
synthetic,2,250,2,raw+conditional,xgb,0.46274344207781015,4,0.0,True
synthetic,2,250,3,raw,linear,0.3394948906519326,4,0.0,True
synthetic,2,250,3,raw,xgb,0.5002827822312641,4,0.0,True
synthetic,2,250,3,pca,linear,-0.035548015552225865,4,0.0,True
synthetic,2,250,3,pca,xgb,-0.2447188261436346,4,0.0,True
synthetic,2,250,3,spectral-marginal,linear,-0.035756109506156264,4,0.0,True
synthetic,2,250,3,spectral-marginal,xgb,-0.2695454727344049,4,0.0,True
synthetic,2,250,3,spectral-gibbs,linear,-0.03577002726419365,4,0.0,True
synthetic,2,250,3,spectral-gibbs,xgb,-0.2815652411782865,4,0.0,True
synthetic,2,250,3,conditional,linear,-0.033087292006273694,4,0.0,True
synthetic,2,250,3,conditional,xgb,-0.21403733980185913,4,0.0,True
synthetic,2,250,3,raw+pca,xgb,0.5224916862703121,4,0.0,True
synthetic,2,250,3,raw+spectral-gibbs,xgb,0.49492243129164903,4,0.0,True
synthetic,2,250,3,raw+conditional,xgb,0.49839215885278676,4,0.0,True
synthetic,2,250,4,raw,linear,0.32323897618002173,4,0.0,True
synthetic,2,250,4,raw,xgb,0.5873879882347497,4,0.0,True
synthetic,2,250,4,pca,linear,-0.0024879752397373167,4,0.0,True
synthetic,2,250,4,pca,xgb,-0.2113971256572622,4,0.0,True
synthetic,2,250,4,spectral-marginal,linear,-0.0027636941159208117,4,0.0,True
synthetic,2,250,4,spectral-marginal,xgb,-0.20885833666860365,4,0.0,True
synthetic,2,250,4,spectral-gibbs,linear,-0.002368195010149954,4,0.0,True
synthetic,2,250,4,spectral-gibbs,xgb,-0.18378166636782822,4,0.0,True
synthetic,2,250,4,conditional,linear,-0.01743702851574147,4,0.0,True
synthetic,2,250,4,conditional,xgb,-0.1321915240773821,4,0.0,True
synthetic,2,250,4,raw+pca,xgb,0.5637116576718089,4,0.0,True
synthetic,2,250,4,raw+spectral-gibbs,xgb,0.5893560552533708,4,0.0,True
synthetic,2,250,4,raw+conditional,xgb,0.4999842241128222,4,0.0,True
synthetic,2,1000,0,raw,linear,0.4067512890424615,4,0.0,True
synthetic,2,1000,0,raw,xgb,0.6691833427569872,4,0.0,True
synthetic,2,1000,0,pca,linear,-0.00223210155471798,4,0.0,True
synthetic,2,1000,0,pca,xgb,-0.07114292768514141,4,0.0,True
synthetic,2,1000,0,spectral-marginal,linear,-0.0021113111601054335,4,0.0,True
synthetic,2,1000,0,spectral-marginal,xgb,-0.07959367477347978,4,0.0,True
synthetic,2,1000,0,spectral-gibbs,linear,-0.0024460870060343254,4,0.0,True
synthetic,2,1000,0,spectral-gibbs,xgb,-0.07888592906412795,4,0.0,True
synthetic,2,1000,0,conditional,linear,0.004796111515066093,4,0.0,True
synthetic,2,1000,0,conditional,xgb,-0.023033487780217854,4,0.0,True
synthetic,2,1000,0,raw+pca,xgb,0.6933751542806744,4,0.0,True
synthetic,2,1000,0,raw+spectral-gibbs,xgb,0.7011263315122404,4,0.0,True
synthetic,2,1000,0,raw+conditional,xgb,0.645411983795479,4,0.0,True
synthetic,2,1000,1,raw,linear,0.38583529286327467,4,0.0,True
synthetic,2,1000,1,raw,xgb,0.7067331453289598,4,0.0,True
synthetic,2,1000,1,pca,linear,-0.008983242022971183,4,0.0,True
synthetic,2,1000,1,pca,xgb,-0.07321873319690608,4,0.0,True
synthetic,2,1000,1,spectral-marginal,linear,-0.009459484431291854,4,0.0,True
synthetic,2,1000,1,spectral-marginal,xgb,-0.07755839204835269,4,0.0,True
synthetic,2,1000,1,spectral-gibbs,linear,-0.009222630441425128,4,0.0,True
synthetic,2,1000,1,spectral-gibbs,xgb,-0.08435892548007318,4,0.0,True
synthetic,2,1000,1,conditional,linear,-0.00904698060670639,4,0.0,True
synthetic,2,1000,1,conditional,xgb,-0.050170870126116984,4,0.0,True
synthetic,2,1000,1,raw+pca,xgb,0.7138622924508171,4,0.0,True
synthetic,2,1000,1,raw+spectral-gibbs,xgb,0.7113936616084121,4,0.0,True
synthetic,2,1000,1,raw+conditional,xgb,0.6937622100664091,4,0.0,True
synthetic,2,1000,2,raw,linear,0.390597472901246,4,0.0,True
synthetic,2,1000,2,raw,xgb,0.673427347968031,4,0.0,True
synthetic,2,1000,2,pca,linear,-0.0035401609348004737,4,0.0,True
synthetic,2,1000,2,pca,xgb,-0.04366709995378604,4,0.0,True
synthetic,2,1000,2,spectral-marginal,linear,-0.003312955781566318,4,0.0,True
synthetic,2,1000,2,spectral-marginal,xgb,-0.05282487272553893,4,0.0,True
synthetic,2,1000,2,spectral-gibbs,linear,-0.0034964667173371655,4,0.0,True
synthetic,2,1000,2,spectral-gibbs,xgb,-0.0777345206498643,4,0.0,True
synthetic,2,1000,2,conditional,linear,0.0006709150657356888,4,0.0,True
synthetic,2,1000,2,conditional,xgb,-0.03799717143559067,4,0.0,True
synthetic,2,1000,2,raw+pca,xgb,0.6991067206362347,4,0.0,True
synthetic,2,1000,2,raw+spectral-gibbs,xgb,0.6987856327421877,4,0.0,True
synthetic,2,1000,2,raw+conditional,xgb,0.6263443789625585,4,0.0,True
synthetic,2,1000,3,raw,linear,0.3946865582526351,4,0.0,True
synthetic,2,1000,3,raw,xgb,0.7057424032350896,4,0.0,True
synthetic,2,1000,3,pca,linear,-0.0008899888620406138,4,0.0,True
synthetic,2,1000,3,pca,xgb,-0.05219122003292309,4,0.0,True
synthetic,2,1000,3,spectral-marginal,linear,-0.0008665326846670762,4,0.0,True
synthetic,2,1000,3,spectral-marginal,xgb,-0.048261208880415296,4,0.0,True
synthetic,2,1000,3,spectral-gibbs,linear,-0.0008303493833354825,4,0.0,True
synthetic,2,1000,3,spectral-gibbs,xgb,-0.04439622947789634,4,0.0,True
synthetic,2,1000,3,conditional,linear,0.007397018047227144,4,0.0,True
synthetic,2,1000,3,conditional,xgb,-0.051704447825508204,4,0.0,True
synthetic,2,1000,3,raw+pca,xgb,0.6845370323569818,4,0.0,True
synthetic,2,1000,3,raw+spectral-gibbs,xgb,0.6495834387256019,4,0.0,True
synthetic,2,1000,3,raw+conditional,xgb,0.6640190872753207,4,0.0,True
synthetic,2,1000,4,raw,linear,0.39861498689853336,4,0.0,True
synthetic,2,1000,4,raw,xgb,0.6726329160748907,4,0.0,True
synthetic,2,1000,4,pca,linear,-0.003421001843113336,4,0.0,True
synthetic,2,1000,4,pca,xgb,-0.06807429699826884,4,0.0,True
synthetic,2,1000,4,spectral-marginal,linear,-0.003071741258402927,4,0.0,True
synthetic,2,1000,4,spectral-marginal,xgb,-0.0695386774542337,4,0.0,True
synthetic,2,1000,4,spectral-gibbs,linear,-0.0029482664239752765,4,0.0,True
synthetic,2,1000,4,spectral-gibbs,xgb,-0.0736558317272944,4,0.0,True
synthetic,2,1000,4,conditional,linear,-0.0003960658219601676,4,0.0,True
synthetic,2,1000,4,conditional,xgb,-0.043810397974619164,4,0.0,True
synthetic,2,1000,4,raw+pca,xgb,0.6753913543062888,4,0.0,True
synthetic,2,1000,4,raw+spectral-gibbs,xgb,0.6691619063279457,4,0.0,True
synthetic,2,1000,4,raw+conditional,xgb,0.64841867264497,4,0.0,True
